id,post_id,text,source_id,source_url,collected_at,source_comment_id,id_origin,source_row,audit_flags,label,label_source,annotation_status,reason,review_priority,context_used
1000255502183627,999867612222416,Khánh An a cho e xin tip với ạ,ptit_2k5,https://www.facebook.com/groups/2k5ptit,2026-10-06T08:59:42.531290+00:00,1000255502183627,source,2,,neutral,ai,ai_labeled,Xin mẹo thực tập.,low,comment_only_no_parent_or_post_text
1013333390875838,1013311157544728,đã cải thiện roi thì A+ hơi khó á,ptit_2k5,https://www.facebook.com/groups/2k5ptit,2026-10-06T08:59:44.888916+00:00,1013333390875838,source,37,,neutral,ai,ai_labeled,"Nhận định khả năng A+ khi cải thiện, không phàn nàn rõ.",medium,comment_only_no_parent_or_post_text
1013340640875113,1013311157544728,Học lại dễ A+ hơn học cải thiện Hải Thanh,ptit_2k5,https://www.facebook.com/groups/2k5ptit,2026-10-06T08:59:44.888916+00:00,1013340640875113,source,38,,neutral,ai,ai_labeled,So sánh khả năng đạt A+ học lại và cải thiện.,low,comment_only_no_parent_or_post_text
1013351867540657,1013311157544728,Quý Minh giải đáp,ptit_2k5,https://www.facebook.com/groups/2k5ptit,2026-10-06T08:59:44.888916+00:00,1013351867540657,source,39,,neutral,ai,ai_labeled,Gọi người giải đáp.,low,comment_only_no_parent_or_post_text
1013373367538507,1013311157544728,học dễ hơn kì chính thôi chứ lười là vẫn F nhé,ptit_2k5,https://www.facebook.com/groups/2k5ptit,2026-10-06T08:59:44.888916+00:00,1013373367538507,source,41,,neutral,ai,ai_labeled,"Nêu học dễ hơn nhưng lười vẫn F, chủ yếu tư vấn.",medium,comment_only_no_parent_or_post_text
1013396570869520,1013311157544728,"Dễ hơn kì chính thôi, lười học vẫn trượt bth nhé",ptit_2k5,https://www.facebook.com/groups/2k5ptit,2026-10-06T08:59:44.888916+00:00,1013396570869520,source,43,,neutral,ai,ai_labeled,So sánh độ dễ và cảnh báo lười vẫn trượt.,medium,comment_only_no_parent_or_post_text
1013467387529105,1013311157544728,Người tham gia ẩn danh 397 là thi dễ hơn hay học dễ hơn ạ,ptit_2k5,https://www.facebook.com/groups/2k5ptit,2026-10-06T08:59:44.888916+00:00,1013467387529105,source,44,,neutral,ai,ai_labeled,Hỏi dễ học hay dễ thi.,low,comment_only_no_parent_or_post_text
1013474760861701,1013311157544728,"Nguyễn Huy Hoàng giảm tải bớt 1 số phần trong chương trình học, thi dễ hơn 1 chút",ptit_2k5,https://www.facebook.com/groups/2k5ptit,2026-10-06T08:59:44.889916+00:00,1013474760861701,source,45,,neutral,ai,ai_labeled,Giải thích giảm nội dung và thi dễ hơn chút.,low,comment_only_no_parent_or_post_text
1013820894160421,1013311157544728,Đặng Đức Tài juan 0,ptit_2k5,https://www.facebook.com/groups/2k5ptit,2026-10-06T08:59:44.889916+00:00,1013820894160421,source,46,,neutral,ai,ai_labeled,Hỏi xác nhận đúng không bằng tiếng lóng.,medium,comment_only_no_parent_or_post_text
1014164667747949,868671788963905,"Nhật Linh chị có tài liệu môn này ko ạ , e d25 ạ",ptit_group_584397217391365,https://www.facebook.com/groups/584397217391365,2026-10-06T08:59:47.805935+00:00,1014164667747949,source,47,,neutral,ai,ai_labeled,Xin tài liệu môn học.,low,comment_only_no_parent_or_post_text
1014527110756466,1014323260776851,"Hết 1 chương có 1 bài ktra 10c bạn ạ, chịu khó dơ tay để đc full 10 nhé",ptit_2k5,https://www.facebook.com/groups/2k5ptit,2026-10-06T08:59:42.503239+00:00,1014527110756466,source,48,,neutral,ai,ai_labeled,Nêu hình thức kiểm tra và mẹo giơ tay.,low,comment_only_no_parent_or_post_text
1014625064080004,1014323260776851,"Học chill lắm, gọi cô bằng mẹ",ptit_2k5,https://www.facebook.com/groups/2k5ptit,2026-10-06T08:59:42.503239+00:00,1014625064080004,source,49,,positive,ai,ai_labeled,Khen học thoải mái và quan hệ gần gũi với cô.,medium,comment_only_no_parent_or_post_text
1014764877399356,1014323260776851,Giơ tay nhiều thì điểm tp full 10,ptit_2k5,https://www.facebook.com/groups/2k5ptit,2026-10-06T08:59:42.503239+00:00,1014764877399356,source,50,,neutral,ai,ai_labeled,Nêu cách đạt điểm thành phần.,low,comment_only_no_parent_or_post_text
1014773284065182,1014323260776851,Dạ em cảm ơn mọi người ạ,ptit_2k5,https://www.facebook.com/groups/2k5ptit,2026-10-06T08:59:42.503239+00:00,1014773284065182,source,51,,positive,ai,ai_labeled,Cảm ơn mọi người.,low,comment_only_no_parent_or_post_text
1014775347398309,1014323260776851,Cẩn thận điểm cao quá nhé,ptit_2k5,https://www.facebook.com/groups/2k5ptit,2026-10-06T08:59:42.503239+00:00,1014775347398309,source,52,,positive,ai,ai_labeled,Khen điểm cao bằng cách cảnh báo đùa; cần rà mỉa mai.,high,comment_only_no_parent_or_post_text
1014785544063956,1014323260776851,"cứ ngoan là điểm cao, đi thi k cần ôn cũng A rồi",ptit_2k5,https://www.facebook.com/groups/2k5ptit,2026-10-06T08:59:42.503239+00:00,1014785544063956,source,53,,positive,ai,ai_labeled,Đánh giá học và thi dễ đạt điểm cao.,medium,comment_only_no_parent_or_post_text
1019990466876797,1019747496901094,Người tham gia ẩn danh có ẩn danh bạn ơi :))),ptit_2k5,https://www.facebook.com/groups/2k5ptit,2026-10-06T08:59:43.093316+00:00,1019990466876797,source,55,,neutral,ai,ai_labeled,Trả lời có ẩn danh; tiếng cười chưa xác định cảm xúc.,medium,comment_only_no_parent_or_post_text
1020018670207310,1019747496901094,Người tham gia ẩn danh slink phải đăng nhập tài khoản của mình thì b nghĩ có ẩn danh ko =)))) cơ mà mình nghĩ thầy cô cũng kh qtam cái đánh giá đó đâu nên b cứ thẳng thắn đi^^,ptit_2k5,https://www.facebook.com/groups/2k5ptit,2026-10-06T08:59:43.093316+00:00,1020018670207310,source,56,,neutral,ai,ai_labeled,Lý giải đăng nhập và khuyên đánh giá thẳng thắn.,medium,comment_only_no_parent_or_post_text
1020524003490110,1019747496901094,"Người tham gia ẩn danh 311 có ẩn danh và thầy cô cũng có đọc nha, kì vừa rồi mình học thầy bảo ""cảm ơn ai đó khen thầy đẹp trai"" với ""ông cóc nào đánh giá thầy kh cung cấp tài liệu thế""",ptit_2k5,https://www.facebook.com/groups/2k5ptit,2026-10-06T08:59:43.093316+00:00,1020524003490110,source,57,,neutral,ai,ai_labeled,"Thuật lời thầy có khen/chê, không quy cảm xúc trích dẫn cho người nói.",high,comment_only_no_parent_or_post_text
1020657483476762,1019747496901094,"Người tham gia ẩn danh 311 thầy cô có đọc á, kì trước mình học toán thầy dũng thầy còn bảo là cảm ơn bạn nào đã khen thầy cute nhé",ptit_2k5,https://www.facebook.com/groups/2k5ptit,2026-10-06T08:59:43.093316+00:00,1020657483476762,source,59,,neutral,ai,ai_labeled,Kể thầy đọc đánh giá; lời cảm ơn là lời thầy được thuật lại.,medium,comment_only_no_parent_or_post_text
1020661923476318,1019747496901094,"Khả năng là k, còn gv đọc hay k còn tùy, có lần mình oánh full hoàn toàn k đồng ý cx k thấy gì",ptit_2k5,https://www.facebook.com/groups/2k5ptit,2026-10-06T08:59:43.093316+00:00,1020661923476318,source,60,,neutral,ai,ai_labeled,"Kể đánh giá không đồng ý nhưng không thấy hệ quả, chủ yếu thông tin.",medium,comment_only_no_parent_or_post_text
1020894383453072,1019747496901094,"K nhé, cô mình bảo các bạn cứ đánh giá thoải mái cho nhà trường biết và thầy cô còn sửa",ptit_2k5,https://www.facebook.com/groups/2k5ptit,2026-10-06T08:59:43.093316+00:00,1020894383453072,source,61,,neutral,ai,ai_labeled,Truyền lời cô cho phép đánh giá thoải mái.,low,comment_only_no_parent_or_post_text
1021932440015933,1021927310016446,Có đợt 2 nhé bn,ptit_2k5,https://www.facebook.com/groups/2k5ptit,2026-10-06T08:59:42.861991+00:00,1021932440015933,source,62,,neutral,ai,ai_labeled,Thông báo có đợt nộp thứ hai.,low,comment_only_no_parent_or_post_text
1021933226682521,1021927310016446,còn đợt sau mà,ptit_2k5,https://www.facebook.com/groups/2k5ptit,2026-10-06T08:59:42.861991+00:00,1021933226682521,source,63,,neutral,ai,ai_labeled,Nhắc còn đợt sau.,low,comment_only_no_parent_or_post_text
1021935020015675,1021927310016446,Thoải mái đi em trc thi nộp là dc :))),ptit_2k5,https://www.facebook.com/groups/2k5ptit,2026-10-06T08:59:42.862997+00:00,1021935020015675,source,64,,neutral,ai,ai_labeled,Trấn an và nêu hạn trước thi.,low,comment_only_no_parent_or_post_text
1021935710015606,1021927310016446,Nguyễn Dũng e hỏi đợt sau tầm tháng mấy ạ,ptit_2k5,https://www.facebook.com/groups/2k5ptit,2026-10-06T08:59:42.861991+00:00,1021935710015606,source,65,,neutral,ai,ai_labeled,Hỏi tháng nộp đợt sau.,low,comment_only_no_parent_or_post_text
1021936170015560,1021927310016446,Nguyễn Dũng dạ có đợt nữa ạ vâng em cảm ơn a ạ,ptit_2k5,https://www.facebook.com/groups/2k5ptit,2026-10-06T08:59:42.861991+00:00,1021936170015560,source,66,,positive,ai,ai_labeled,Cảm ơn khi biết còn đợt nộp.,low,comment_only_no_parent_or_post_text
1021936300015547,1021927310016446,Người tham gia ẩn danh 640 dạ vâng ạ em kbt có đợt sau,ptit_2k5,https://www.facebook.com/groups/2k5ptit,2026-10-06T08:59:42.861991+00:00,1021936300015547,source,67,,neutral,ai,ai_labeled,Xác nhận trước đó chưa biết có đợt sau.,low,comment_only_no_parent_or_post_text
1021937696682074,1021927310016446,Người tham gia ẩn danh Lúc đó xuống vp1c nộp thôi,ptit_2k5,https://www.facebook.com/groups/2k5ptit,2026-10-06T08:59:42.862997+00:00,1021937696682074,source,68,,neutral,ai,ai_labeled,Chỉ nơi nộp giấy.,low,comment_only_no_parent_or_post_text
1021938720015305,1021927310016446,Nguyễn San dạ em cảm ơn ạ,ptit_2k5,https://www.facebook.com/groups/2k5ptit,2026-10-06T08:59:42.862997+00:00,1021938720015305,source,69,,positive,ai,ai_labeled,Cảm ơn người giải đáp.,low,comment_only_no_parent_or_post_text
1021944480014729,1021927310016446,năm sau +15% nữa ấy,ptit_2k5,https://www.facebook.com/groups/2k5ptit,2026-10-06T08:59:42.862997+00:00,1021944480014729,source,70,,neutral,ai,ai_labeled,"Nêu tăng 15%, chưa rõ thông báo hay than học phí.",high,comment_only_no_parent_or_post_text
1021954310013746,1021927310016446,"Em xuống VP1 xin đơn xin hoãn,nộp chậm học phí nhé (yên tâm là không khoá link nộp đâu nhé nó vẫn hiện trên slink)",ptit_2k5,https://www.facebook.com/groups/2k5ptit,2026-10-06T08:59:42.862997+00:00,1021954310013746,source,71,,neutral,ai,ai_labeled,Hướng dẫn xin hoãn học phí và giải thích link nộp.,low,comment_only_no_parent_or_post_text
1021976313344879,1021927310016446,Người tham gia ẩn danh 694 em thấy có ac bảo cứ đóng trước thi là được thì có cần xin giấy làm đơn nữa không ạ,ptit_2k5,https://www.facebook.com/groups/2k5ptit,2026-10-06T08:59:42.862997+00:00,1021976313344879,source,72,,neutral,ai,ai_labeled,Hỏi cần đơn xin chậm nộp không.,low,comment_only_no_parent_or_post_text
1022077590001418,1021927310016446,Ko nộp học phí có sao ko v,ptit_2k5,https://www.facebook.com/groups/2k5ptit,2026-10-06T08:59:42.862997+00:00,1022077590001418,source,73,,neutral,ai,ai_labeled,Hỏi hậu quả không đóng học phí.,low,comment_only_no_parent_or_post_text
1022143019994875,1021927310016446,Người tham gia ẩn danh 804 ko nộp học phí thì kh dc thi,ptit_2k5,https://www.facebook.com/groups/2k5ptit,2026-10-06T08:59:42.862997+00:00,1022143019994875,source,74,,neutral,ai,ai_labeled,Trả lời không đóng thì không được thi.,low,comment_only_no_parent_or_post_text
1022150436660800,1021927310016446,Người tham gia ẩn danh 640 đợt sau là tầm bao nhiêu anh,ptit_2k5,https://www.facebook.com/groups/2k5ptit,2026-10-06T08:59:42.861991+00:00,1022150436660800,source,75,,neutral,ai,ai_labeled,Hỏi thời gian đợt sau.,low,comment_only_no_parent_or_post_text
1022156799993497,1021927310016446,xem hphi ở đâu v,ptit_2k5,https://www.facebook.com/groups/2k5ptit,2026-10-06T08:59:42.862997+00:00,1022156799993497,source,76,,neutral,ai,ai_labeled,Hỏi nơi xem học phí.,low,comment_only_no_parent_or_post_text
1022184106657433,1021927310016446,Người tham gia ẩn danh 640 là sau đợt 1 í chắc tháng 11 tại tháng 12 thi rồi,ptit_2k5,https://www.facebook.com/groups/2k5ptit,2026-10-06T08:59:42.861991+00:00,1022184106657433,source,77,,neutral,ai,ai_labeled,Ước tháng nộp dựa lịch thi.,low,comment_only_no_parent_or_post_text
1023131193229391,1021927310016446,Nguyễn San nộp muộn thì có được đăng ký môn học không b tại thấy đăng ký môn học trước lúc thi không à,ptit_2k5,https://www.facebook.com/groups/2k5ptit,2026-10-06T08:59:42.862997+00:00,1023131193229391,source,78,,neutral,ai,ai_labeled,Hỏi đóng muộn có được đăng ký môn không.,low,comment_only_no_parent_or_post_text
1027478862794624,1027266779482499,hdh xlths lttt,ptit_2k5,https://www.facebook.com/groups/2k5ptit,2026-10-06T08:59:44.910919+00:00,1027478862794624,source,80,,neutral,ai,ai_labeled,"Liệt kê tên môn viết tắt, không đánh giá rõ.",medium,comment_only_no_parent_or_post_text
1027486139460563,1027266779482499,"Đại số là dễ nhất trong đám này rồi. Mấy môn triết thì nghi học cải thiện thi tự luận, còn nếu thi trắc nghiệm thì cũng được",ptit_2k5,https://www.facebook.com/groups/2k5ptit,2026-10-06T08:59:44.910919+00:00,1027486139460563,source,81,,neutral,ai,ai_labeled,So sánh độ dễ và điều kiện cải thiện môn.,medium,comment_only_no_parent_or_post_text
1027488459460331,1027266779482499,Ko có mạng máy tính à:)),ptit_2k5,https://www.facebook.com/groups/2k5ptit,2026-10-06T08:59:44.910919+00:00,1027488459460331,source,82,,neutral,ai,ai_labeled,"Hỏi thiếu môn mạng máy tính, cười không đủ gán tích cực.",medium,comment_only_no_parent_or_post_text
1027514019457775,1027266779482499,Hoàng Tiến Dũng gt 1 gt 2 nhé,ptit_2k5,https://www.facebook.com/groups/2k5ptit,2026-10-06T08:59:44.910919+00:00,1027514019457775,source,83,,neutral,ai,ai_labeled,Gợi ý hai môn giải tích.,low,comment_only_no_parent_or_post_text
1027547372787773,1027266779482499,"Vật lý 1 4 tín mà bt có hết trong ngân hàng, làm hết A+ thì gánh điểm lắm. Ngoài ra thì kĩ thuật số cũng dễ A+",ptit_2k5,https://www.facebook.com/groups/2k5ptit,2026-10-06T08:59:44.911950+00:00,1027547372787773,source,84,,positive,ai,ai_labeled,Đánh giá môn dễ A+ và có lợi kéo điểm.,medium,comment_only_no_parent_or_post_text
1027572882785222,1027266779482499,"Đại số, gt1, gt2, vl1, lttt",ptit_2k5,https://www.facebook.com/groups/2k5ptit,2026-10-06T08:59:44.911950+00:00,1027572882785222,source,85,,neutral,ai,ai_labeled,Liệt kê các môn.,low,comment_only_no_parent_or_post_text
1027576962784814,1027266779482499,Người tham gia ẩn danh 120 ngân hàng đề vs câu hỏi ở đâu thế ạ,ptit_2k5,https://www.facebook.com/groups/2k5ptit,2026-10-06T08:59:44.911950+00:00,1027576962784814,source,86,,neutral,ai,ai_labeled,Hỏi nơi lấy ngân hàng đề.,low,comment_only_no_parent_or_post_text
1027616789447498,1027266779482499,Người tham gia ẩn danh 120 cho em hỏi ngân hàng đề là cái quyển giáo trình photo hay là khác vậy anh,ptit_2k5,https://www.facebook.com/groups/2k5ptit,2026-10-06T08:59:44.911950+00:00,1027616789447498,source,88,,neutral,ai,ai_labeled,Hỏi phân biệt ngân hàng đề và giáo trình.,low,comment_only_no_parent_or_post_text
1027619362780574,1027266779482499,"Người tham gia ẩn danh 369 khác nhé, e ra huyền trang hỏi ngân hàng đề vật lý 1 2 3 là họ có. Giáo trình là lý thuyết thôi, có cả bài tập cuối bài nhưng đi thi sẽ không trúng hết như ngân hàng đề",ptit_2k5,https://www.facebook.com/groups/2k5ptit,2026-10-06T08:59:44.911950+00:00,1027619362780574,source,89,,neutral,ai,ai_labeled,Giải thích nơi mua và khác biệt tài liệu.,low,comment_only_no_parent_or_post_text
1027620629447114,1027266779482499,"Anonymous participant 369 em cứ ra 2 nhà trên hỏi ngân hàng+tên môn muốn mua là ngta đưa cho, ngân hàng là tổng hợp kiến thức/dạng bài tập xuất hiện trong đề thi cuối kỳ nhé",ptit_2k5,https://www.facebook.com/groups/2k5ptit,2026-10-06T08:59:44.911950+00:00,1027620629447114,source,90,,neutral,ai,ai_labeled,Hướng dẫn mua ngân hàng và mô tả nội dung.,low,comment_only_no_parent_or_post_text
1027621489447028,1027266779482499,"py, web, cnpm",ptit_2k5,https://www.facebook.com/groups/2k5ptit,2026-10-06T08:59:44.911950+00:00,1027621489447028,source,91,,neutral,ai,ai_labeled,Liệt kê môn viết tắt.,low,comment_only_no_parent_or_post_text
1029927275883116,522345346641314,Người tham gia ẩn danh 234 thì em sẽ học lại cùng vs khoá sau á,ptit_2k5,https://www.facebook.com/groups/2k5ptit,2026-10-06T08:59:43.690966+00:00,1029927275883116,source,93,,neutral,ai,ai_labeled,Giải thích học lại cùng khóa sau.,low,comment_only_no_parent_or_post_text
1031071922435318,1030464672496043,thi ielts k dc gấp đôi điểm chuẩn ạ?,ptit_2k5,https://www.facebook.com/groups/2k5ptit,2026-10-06T08:59:45.217499+00:00,1031071922435318,source,105,,neutral,ai,ai_labeled,Hỏi lợi ích điểm IELTS.,low,comment_only_no_parent_or_post_text
1031258075750036,1030464672496043,nhưng mà đi xin vc thì lại ko ngon :)),ptit_2k5,https://www.facebook.com/groups/2k5ptit,2026-10-06T08:59:45.217499+00:00,1031258075750036,source,106,,negative,ai,ai_labeled,Đánh giá bất lợi khi xin việc qua cách nói không ngon.,medium,comment_only_no_parent_or_post_text
1031270095748834,1030464672496043,Học luôn đi,ptit_2k5,https://www.facebook.com/groups/2k5ptit,2026-10-06T08:59:45.217499+00:00,1031270095748834,source,107,,neutral,ai,ai_labeled,"Khuyên học ngay, chưa khen hay chê rõ.",low,comment_only_no_parent_or_post_text
1031433639065813,938781288331049,Cậu học năm mấy vậy,ptit_2k5,https://www.facebook.com/groups/2k5ptit,2026-10-06T08:59:44.458832+00:00,1031433639065813,source,108,,neutral,ai,ai_labeled,Hỏi năm học.,low,comment_only_no_parent_or_post_text
1034783942064116,1034778025398041,thầy Ninh triết ?? bịp ai :))),ptit_2k5,https://www.facebook.com/groups/2k5ptit,2026-10-06T08:59:44.935914+00:00,1034783942064116,source,109,,negative,ai,ai_labeled,Bác bỏ thông tin bằng bịp ai; tiếng cười có thể mỉa mai.,high,comment_only_no_parent_or_post_text
1034784972064013,1034778025398041,Vli cô Liễu full 10 nhé,ptit_2k5,https://www.facebook.com/groups/2k5ptit,2026-10-06T08:59:44.935914+00:00,1034784972064013,source,111,,positive,ai,ai_labeled,Đánh giá thuận lợi vì đạt full điểm.,medium,comment_only_no_parent_or_post_text
1034787935397050,1034778025398041,"Cô Đào kts đỉnh cao, học cô đi thi không a+ thì phí",ptit_2k5,https://www.facebook.com/groups/2k5ptit,2026-10-06T08:59:44.935914+00:00,1034787935397050,source,112,,positive,ai,ai_labeled,Khen môn đỉnh cao và khả năng đạt A+.,low,comment_only_no_parent_or_post_text
1034789465396897,1034778025398041,Đỗ MinH TuấN review vli cho các e,ptit_2k5,https://www.facebook.com/groups/2k5ptit,2026-10-06T08:59:44.935914+00:00,1034789465396897,source,113,,neutral,ai,ai_labeled,Nhờ người khác review môn.,low,comment_only_no_parent_or_post_text
1034794188729758,1034778025398041,Được đăng kí thầy cô hả,ptit_2k5,https://www.facebook.com/groups/2k5ptit,2026-10-06T08:59:44.935914+00:00,1034794188729758,source,115,,neutral,ai,ai_labeled,Hỏi có được chọn giảng viên không.,low,comment_only_no_parent_or_post_text
1034798715395972,1034778025398041,Học vlud cô Liễu điểm cao nha,ptit_2k5,https://www.facebook.com/groups/2k5ptit,2026-10-06T08:59:44.935914+00:00,1034798715395972,source,116,,positive,ai,ai_labeled,Khuyến nghị giảng viên với điểm cao.,medium,comment_only_no_parent_or_post_text
1034802992062211,1034778025398041,cô Hạnh pháp luật,ptit_2k5,https://www.facebook.com/groups/2k5ptit,2026-10-06T08:59:44.936914+00:00,1034802992062211,source,117,,neutral,ai,ai_labeled,"Nêu giảng viên và môn, chưa có đánh giá.",low,comment_only_no_parent_or_post_text
1034834125392431,1034778025398041,Người tham gia ẩn danh 480 e nghe nói là phải lm full 300 bài của cô ms dc đk ạ,ptit_2k5,https://www.facebook.com/groups/2k5ptit,2026-10-06T08:59:44.935914+00:00,1034834125392431,source,118,,neutral,ai,ai_labeled,Hỏi xác nhận điều kiện làm đủ bài.,low,comment_only_no_parent_or_post_text
1035054472037063,1034842835391560,Xin link azota ạ,ptit_2k5,https://www.facebook.com/groups/2k5ptit,2026-10-06T08:59:42.484676+00:00,1035054472037063,source,119,,neutral,ai,ai_labeled,Xin link bài tập.,low,comment_only_no_parent_or_post_text
1036081351934375,1035972875278556,"Có á 
 Tui cũng vừa bị",ptit_2k5,https://www.facebook.com/groups/2k5ptit,2026-10-06T08:59:42.695733+00:00,1036081351934375,source,122,,neutral,ai,ai_labeled,Xác nhận cùng gặp việc nhưng sự việc không có trong câu.,high,comment_only_no_parent_or_post_text
1036263038582873,1035972875278556,Mạnh Ngô cô bảo cấm thi ạ,ptit_2k5,https://www.facebook.com/groups/2k5ptit,2026-10-06T08:59:42.695733+00:00,1036263038582873,source,123,,neutral,ai,ai_labeled,"Thuật lại việc cô cấm thi, không thể hiện phản ứng riêng rõ.",medium,comment_only_no_parent_or_post_text
1039017218307455,1034842835391560,Nguyễn Thị Thu Hằng đây nhé ông bạn : https://www.facebook.com/share/p/17LB4FggbV/,ptit_2k5,https://www.facebook.com/groups/2k5ptit,2026-10-06T08:59:42.484676+00:00,1039017218307455,source,124,,neutral,ai,ai_labeled,Cung cấp link kèm lời giới thiệu.,low,comment_only_no_parent_or_post_text
1039017394974104,1034842835391560,Nguyễn Thị Thu Hằng mà thấy bảo nên đọc giáo trình bạn ợ,ptit_2k5,https://www.facebook.com/groups/2k5ptit,2026-10-06T08:59:42.484676+00:00,1039017394974104,source,125,,neutral,ai,ai_labeled,Khuyên đọc giáo trình.,low,comment_only_no_parent_or_post_text
1039689868240190,1039672551575255,"Lúc e đki mhmt, có tick vào ô đổi điểm c1 không",ptit_2k5,https://www.facebook.com/groups/2k5ptit,2026-10-06T08:59:44.653758+00:00,1039689868240190,source,130,,neutral,ai,ai_labeled,Hỏi thao tác tích ô đổi điểm.,low,comment_only_no_parent_or_post_text
1039700471572463,1039672551575255,tôi cũng vậy á b,ptit_2k5,https://www.facebook.com/groups/2k5ptit,2026-10-06T08:59:44.653758+00:00,1039700471572463,source,132,,neutral,ai,ai_labeled,"Nói cũng vậy, thiếu sự việc gốc để kiểm tra cảm xúc.",high,comment_only_no_parent_or_post_text
1039703331572177,1039672551575255,Là b học c1 rồi sau đó mới đổi để nâng điểm đúng không. Nếu thế thì đúng rồi còn gì,ptit_2k5,https://www.facebook.com/groups/2k5ptit,2026-10-06T08:59:44.653758+00:00,1039703331572177,source,133,,neutral,ai,ai_labeled,Giải thích cơ chế đổi điểm.,low,comment_only_no_parent_or_post_text
1039704114905432,1039672551575255,Xem cái này ở đâu z,ptit_2k5,https://www.facebook.com/groups/2k5ptit,2026-10-06T08:59:44.653758+00:00,1039704114905432,source,134,,neutral,ai,ai_labeled,Hỏi nơi xem thông tin.,low,comment_only_no_parent_or_post_text
1039707718238405,1039672551575255,Tớ tưởng nâng điểm thì lấy điểm nâng còn điểm cũ thì thôi chứ,ptit_2k5,https://www.facebook.com/groups/2k5ptit,2026-10-06T08:59:44.653758+00:00,1039707718238405,source,135,,neutral,ai,ai_labeled,"Nêu hiểu biết trước đó về nâng điểm, chưa phàn nàn rõ.",medium,comment_only_no_parent_or_post_text
1039710488238128,1039672551575255,Nyc123 mik cũng tưởng v ạ,ptit_2k5,https://www.facebook.com/groups/2k5ptit,2026-10-06T08:59:44.653758+00:00,1039710488238128,source,136,,neutral,ai,ai_labeled,Nói cũng từng hiểu như vậy.,medium,comment_only_no_parent_or_post_text
1039710874904756,1039672551575255,Người tham gia ẩn danh 709 nghĩa là như nào v ạ,ptit_2k5,https://www.facebook.com/groups/2k5ptit,2026-10-06T08:59:44.653758+00:00,1039710874904756,source,137,,neutral,ai,ai_labeled,Hỏi nghĩa của giải thích.,low,comment_only_no_parent_or_post_text
1039719178237259,1039672551575255,"Nyc123 tính vào gpa tích luỹ để ra trường thôi, h ngta vẫn để để còn xét học bổng chứ",ptit_2k5,https://www.facebook.com/groups/2k5ptit,2026-10-06T08:59:44.653758+00:00,1039719178237259,source,138,,neutral,ai,ai_labeled,Giải thích GPA và xét học bổng.,low,comment_only_no_parent_or_post_text
1039721428237034,1039672551575255,"Mình k học c1, đổi từ kì 1 năm nhất mà vẫn bị ghi bảo lưu là sao ạ",ptit_2k5,https://www.facebook.com/groups/2k5ptit,2026-10-06T08:59:44.653758+00:00,1039721428237034,source,140,,negative,ai,ai_labeled,"Chất vấn việc vẫn bị ghi bảo lưu dù đã đổi, sắc thái không hài lòng.",medium,comment_only_no_parent_or_post_text
1039835894892254,1039672551575255,đổi thì đổi rồi nào có thông báo nộp tiền là ok còn lại không update lên qldt đâu nào ra trường mới rõ,ptit_2k5,https://www.facebook.com/groups/2k5ptit,2026-10-06T08:59:44.653758+00:00,1039835894892254,source,143,,neutral,ai,ai_labeled,Giải thích thời điểm cập nhật đổi điểm.,low,comment_only_no_parent_or_post_text
1039965451545965,1039672551575255,Thì nó cứ ghi vậy thôi e,ptit_2k5,https://www.facebook.com/groups/2k5ptit,2026-10-06T08:59:44.653758+00:00,1039965451545965,source,145,,neutral,ai,ai_labeled,Giải thích hệ thống cứ ghi như vậy.,low,comment_only_no_parent_or_post_text
1042731187936058,1042579281284582,Thế là hiểu r,ptit_2k5,https://www.facebook.com/groups/2k5ptit,2026-10-06T08:59:44.385601+00:00,1042731187936058,source,146,,neutral,ai,ai_labeled,Thông báo đã hiểu.,low,comment_only_no_parent_or_post_text
1042731397936037,1042579281284582,Th đợi kì hè vậy,ptit_2k5,https://www.facebook.com/groups/2k5ptit,2026-10-06T08:59:44.386604+00:00,1042731397936037,source,147,,neutral,ai,ai_labeled,"Chấp nhận đợi kỳ hè, chưa có thất vọng rõ.",medium,comment_only_no_parent_or_post_text
1042747621267748,1042579281284582,bạn xuống thẳng văn phòng 1 cửa hỏi luôn chứ có khả năng là bạn không phải thi môn này rồi,ptit_2k5,https://www.facebook.com/groups/2k5ptit,2026-10-06T08:59:44.386604+00:00,1042747621267748,source,148,,neutral,ai,ai_labeled,Khuyên hỏi trực tiếp văn phòng về điều kiện thi.,low,comment_only_no_parent_or_post_text
1042747784601065,1042579281284582,kh đâu của mình cũng có môn chưa hiện,ptit_2k5,https://www.facebook.com/groups/2k5ptit,2026-10-06T08:59:44.386604+00:00,1042747784601065,source,149,,neutral,ai,ai_labeled,Nêu mình cũng có môn chưa hiện.,low,comment_only_no_parent_or_post_text
1042754664600377,1042579281284582,Tui có vấn đáp này,ptit_2k5,https://www.facebook.com/groups/2k5ptit,2026-10-06T08:59:44.386604+00:00,1042754664600377,source,150,,neutral,ai,ai_labeled,Nêu hình thức thi vấn đáp của mình.,low,comment_only_no_parent_or_post_text
1042776494598194,1042579281284582,"bạn làm chậm mà đủ, nhưng quan trọng là có bị muộn deadline của giảng viên không, giảng viên có dặn là muộn deadline thì không được đi thi nữa không",ptit_2k5,https://www.facebook.com/groups/2k5ptit,2026-10-06T08:59:44.386604+00:00,1042776494598194,source,152,,neutral,ai,ai_labeled,Hỏi điều kiện deadline và quy định thi.,low,comment_only_no_parent_or_post_text
1042831254592718,1042579281284582,thôi xong,ptit_2k5,https://www.facebook.com/groups/2k5ptit,2026-10-06T08:59:44.386604+00:00,1042831254592718,source,155,,negative,ai,ai_labeled,Thôi xong thể hiện phản ứng bi quan trước tình huống.,medium,comment_only_no_parent_or_post_text
1053952936813883,1053320213543822,. quan tâm ạ,ptit_2k5,https://www.facebook.com/groups/2k5ptit,2026-10-06T08:59:42.994614+00:00,1053952936813883,source,156,,neutral,ai,ai_labeled,"Bày tỏ quan tâm theo dõi bài, chưa đánh giá tích cực.",low,comment_only_no_parent_or_post_text
1054126493463194,1053320213543822,"Tiền tín chỉ giống như học bình thường nhé, GPA cao với đrl cao cx sẽ đc hobo. Nói chung là như học bình thường thui",ptit_2k5,https://www.facebook.com/groups/2k5ptit,2026-10-06T08:59:42.995618+00:00,1054126493463194,source,157,,neutral,ai,ai_labeled,Giải thích học phí và điều kiện học bổng.,low,comment_only_no_parent_or_post_text
1054136493462194,1053320213543822,Đinh Minh Trang mk cảm ơn bạn nhé,ptit_2k5,https://www.facebook.com/groups/2k5ptit,2026-10-06T08:59:42.995618+00:00,1054136493462194,source,158,,positive,ai,ai_labeled,Cảm ơn người giải đáp.,low,comment_only_no_parent_or_post_text
1055019810040529,1054996850042825,từ d21 100% làm đồ án r hay sao ấy,ptit_2k5,https://www.facebook.com/groups/2k5ptit,2026-10-06T08:59:45.123493+00:00,1055019810040529,source,159,,neutral,ai,ai_labeled,Nêu thông tin làm đồ án theo khóa.,low,comment_only_no_parent_or_post_text
1055038573371986,1054996850042825,"Ko cần đâu e, từ d21 là được làm đồ án 100% từ 2.0 đổ lên rồi, hình như gpa cao là được làm đồ án cá nhân dễ điểm cao hơn gpa thấp phải làm theo nhóm đó",ptit_2k5,https://www.facebook.com/groups/2k5ptit,2026-10-06T08:59:45.123493+00:00,1055038573371986,source,160,,neutral,ai,ai_labeled,Giải thích điều kiện và loại đồ án theo GPA.,low,comment_only_no_parent_or_post_text
1055040440038466,1054996850042825,Dạ e mới năm 3 cho em hỏi nhận đồ án tốt nghiệp là sao ạ. Gpa cao hay gpa thấp có ảnh hưởng gì không ạ,ptit_2k5,https://www.facebook.com/groups/2k5ptit,2026-10-06T08:59:45.123493+00:00,1055040440038466,source,161,,neutral,ai,ai_labeled,Hỏi nhận đồ án tốt nghiệp và tác động GPA.,low,comment_only_no_parent_or_post_text
1055173633358480,1054996850042825,Người tham gia ẩn danh 469 cho em hỏi trường mình có học môn thay thế ko ạ hay phải làm đồ án tất ạ ?,ptit_2k5,https://www.facebook.com/groups/2k5ptit,2026-10-06T08:59:45.123493+00:00,1055173633358480,source,162,,neutral,ai,ai_labeled,Hỏi học môn thay thế hay bắt buộc đồ án.,low,comment_only_no_parent_or_post_text
1055226423353201,1055194416689735,Đc nha,ptit_2k5,https://www.facebook.com/groups/2k5ptit,2026-10-06T08:59:42.808781+00:00,1055226423353201,source,163,,neutral,ai,ai_labeled,Xác nhận được nhưng thiếu việc được cho phép.,high,comment_only_no_parent_or_post_text
1055228326686344,1055194416689735,Người tham gia ẩn danh 686 V liệu h B1 có còn slot ko ạ,ptit_2k5,https://www.facebook.com/groups/2k5ptit,2026-10-06T08:59:42.808781+00:00,1055228326686344,source,164,,neutral,ai,ai_labeled,Hỏi còn chỗ đăng ký B1 không.,low,comment_only_no_parent_or_post_text
1055228846686292,1055194416689735,Qua hỏi th t bt đâu,ptit_2k5,https://www.facebook.com/groups/2k5ptit,2026-10-06T08:59:42.808781+00:00,1055228846686292,source,165,,neutral,ai,ai_labeled,"Đề nghị đi hỏi, tự nói không biết; giọng suồng sã.",medium,comment_only_no_parent_or_post_text
1055407040001806,1054996850042825,UnforgettableLion9695 từ D20 trở đi là lm đồ án hết ròi aya,ptit_2k5,https://www.facebook.com/groups/2k5ptit,2026-10-06T08:59:45.123493+00:00,1055407040001806,source,166,,neutral,ai,ai_labeled,Cung cấp mốc khóa làm đồ án.,low,comment_only_no_parent_or_post_text
1060164499526060,1060104792865364,"Này dễ lắm e, ở lớp thì thầy cô thoài mái , đi thi thì cx dễ , mất gốc đi thi cong dc hơn 6 đ mà, a chx thấy ai dc dưới 4 C1 cả",ptit_2k5,https://www.facebook.com/groups/2k5ptit,2026-10-06T08:59:44.823667+00:00,1060164499526060,source,172,,positive,ai,ai_labeled,"Khen môn dễ, thầy cô thoải mái và dễ đạt điểm.",low,comment_only_no_parent_or_post_text
1060165156192661,1060104792865364,Người tham gia ẩn danh 272 bên clc có khó quá k anh,ptit_2k5,https://www.facebook.com/groups/2k5ptit,2026-10-06T08:59:44.823667+00:00,1060165156192661,source,173,,neutral,ai,ai_labeled,Hỏi độ khó hệ chất lượng cao.,low,comment_only_no_parent_or_post_text
1060165666192610,1060104792865364,Người tham gia ẩn danh a bên hệ thường e ươi,ptit_2k5,https://www.facebook.com/groups/2k5ptit,2026-10-06T08:59:44.823667+00:00,1060165666192610,source,174,,neutral,ai,ai_labeled,Nêu học hệ thường.,low,comment_only_no_parent_or_post_text
1060561709486339,1060520702823773,Có tại ch chốt dsach mhmt chốt dsach thì các cô gạch tiếng anh trên tkb cho b,ptit_2k5,https://www.facebook.com/groups/2k5ptit,2026-10-06T08:59:44.629760+00:00,1060561709486339,source,175,,neutral,ai,ai_labeled,Giải thích lịch tiếng Anh chờ chốt danh sách.,low,comment_only_no_parent_or_post_text
1060563632819480,1060520702823773,em được duyệt rồi nhưng chưa hiện công nợ thì có cần đăng ký không ạ,ptit_2k5,https://www.facebook.com/groups/2k5ptit,2026-10-06T08:59:44.629760+00:00,1060563632819480,source,176,,neutral,ai,ai_labeled,Hỏi cần đăng ký khi đã duyệt nhưng chưa hiện nợ.,low,comment_only_no_parent_or_post_text
1060700066139170,1060520702823773,tháng 12 còn đợt xét nữa ko mn,ptit_2k5,https://www.facebook.com/groups/2k5ptit,2026-10-06T08:59:44.629760+00:00,1060700066139170,source,178,,neutral,ai,ai_labeled,Hỏi tháng mười hai còn đợt xét không.,low,comment_only_no_parent_or_post_text
1060824836126693,1060520702823773,Anonymous participant 134 còn,ptit_2k5,https://www.facebook.com/groups/2k5ptit,2026-10-06T08:59:44.629760+00:00,1060824836126693,source,179,,neutral,ai,ai_labeled,Trả lời còn đợt; cần câu hỏi gốc nhưng không đánh giá rõ.,medium,comment_only_no_parent_or_post_text
1060829159459594,1060813139461196,Đi theo doanh nghiệp nhé,ptit_2k5,https://www.facebook.com/groups/2k5ptit,2026-10-06T08:59:45.082051+00:00,1060829159459594,source,180,,neutral,ai,ai_labeled,Hướng dẫn đi theo doanh nghiệp.,low,comment_only_no_parent_or_post_text
1060830816126095,1060813139461196,B học ngành gì v,ptit_2k5,https://www.facebook.com/groups/2k5ptit,2026-10-06T08:59:45.082051+00:00,1060830816126095,source,181,,neutral,ai,ai_labeled,Hỏi ngành học.,low,comment_only_no_parent_or_post_text
1060848339457676,1060813139461196,"Học vào hè. Một số đại diện doanh nghiệp, tổ chức về dạy về một vài lĩnh vực nào đó (sinh viên chọn lớp), như kiểu ngồi nghe hội thảo. Học khoảng 3-5 buổi, bài cuối kỳ làm bài báo cáo tiểu luận về một vấn đề nào đó trong lớp lĩnh vực đã học, rồi vấn đáp 1-1 với gv",ptit_2k5,https://www.facebook.com/groups/2k5ptit,2026-10-06T08:59:45.082051+00:00,1060848339457676,source,182,,neutral,ai,ai_labeled,"Mô tả thời gian, hình thức học và báo cáo.",low,comment_only_no_parent_or_post_text
1060881776120999,1060813139461196,Đinh Tiến Đạt ngành nào cũng vậy hả anh,ptit_2k5,https://www.facebook.com/groups/2k5ptit,2026-10-06T08:59:45.082051+00:00,1060881776120999,source,183,,neutral,ai,ai_labeled,Hỏi các ngành có giống nhau không.,low,comment_only_no_parent_or_post_text
1060935499448960,1060813139461196,"Đinh Tiến Đạt ủa ttcs là làm 1 prj gì đấy rồi báo cáo thôi mà, doanh nghiệp nào vậy",ptit_2k5,https://www.facebook.com/groups/2k5ptit,2026-10-06T08:59:45.082051+00:00,1060935499448960,source,184,,neutral,ai,ai_labeled,Hỏi lại hình thức thực tập và doanh nghiệp.,low,comment_only_no_parent_or_post_text
1060935852782258,1060813139461196,"Giống kiểu làm btl rồi báo cáo cho giáo viên thôi, k có đi thực tập hay doanh nghiệp gì đâu",ptit_2k5,https://www.facebook.com/groups/2k5ptit,2026-10-06T08:59:45.082051+00:00,1060935852782258,source,185,,neutral,ai,ai_labeled,Giải thích chỉ làm bài tập lớn và báo cáo.,low,comment_only_no_parent_or_post_text
1060938759448634,1060813139461196,Ngành đtvt thì sẽ có doanh nghiệp đến dạy về lĩnh vực của ngành còn các ngành khác sẽ làm btl theo yc của giảng viên thôi thì phải,ptit_2k5,https://www.facebook.com/groups/2k5ptit,2026-10-06T08:59:45.082051+00:00,1060938759448634,source,186,,neutral,ai,ai_labeled,Phân biệt hình thức theo ngành.,low,comment_only_no_parent_or_post_text
1060938992781944,1060813139461196,Người tham gia ẩn danh 197 bên VT là thế bạn ạ,ptit_2k5,https://www.facebook.com/groups/2k5ptit,2026-10-06T08:59:45.082051+00:00,1060938992781944,source,187,,neutral,ai,ai_labeled,Xác nhận quy trình của ngành viễn thông.,low,comment_only_no_parent_or_post_text
1062825765926600,1062812719261238,như năm trc là k nhé,ptit_2k5,https://www.facebook.com/groups/2k5ptit,2026-10-06T08:59:42.723495+00:00,1062825765926600,source,188,,neutral,ai,ai_labeled,Phủ định dựa năm trước nhưng thiếu câu hỏi gốc.,high,comment_only_no_parent_or_post_text
1062835962592247,1062812719261238,Viết tiểu luận xong nộp thôi,ptit_2k5,https://www.facebook.com/groups/2k5ptit,2026-10-06T08:59:42.724294+00:00,1062835962592247,source,189,,neutral,ai,ai_labeled,Nêu yêu cầu viết và nộp tiểu luận.,low,comment_only_no_parent_or_post_text
1065316472344196,1060520702823773,Người tham gia ẩn danh 501 danh sách bao h thì lên nhể,ptit_2k5,https://www.facebook.com/groups/2k5ptit,2026-10-06T08:59:44.629760+00:00,1065316472344196,source,213,,neutral,ai,ai_labeled,Hỏi thời điểm công bố danh sách.,low,comment_only_no_parent_or_post_text
1066902368852273,1066842752191568,Tầm 20-22 bạn ah,ptit_2k5,https://www.facebook.com/groups/2k5ptit,2026-10-06T08:59:44.978190+00:00,1066902368852273,source,227,,neutral,ai,ai_labeled,Nêu khoảng số nhưng cần câu trước để biết đơn vị.,high,comment_only_no_parent_or_post_text
1066920125517164,1066842752191568,Người tham gia ẩn danh 256 sao bít hay z fen,ptit_2k5,https://www.facebook.com/groups/2k5ptit,2026-10-06T08:59:44.978190+00:00,1066920125517164,source,230,,positive,ai,ai_labeled,Bày tỏ ngạc nhiên và khen biết thông tin hay.,medium,comment_only_no_parent_or_post_text
1066920462183797,1066842752191568,Người tham gia ẩn danh nhìn thời gian năm ngoái thôi b,ptit_2k5,https://www.facebook.com/groups/2k5ptit,2026-10-06T08:59:44.978190+00:00,1066920462183797,source,231,,neutral,ai,ai_labeled,Giải thích dựa vào thời điểm năm trước.,low,comment_only_no_parent_or_post_text
1066970725512104,1066842752191568,Người tham gia ẩn danh 379 dc thì mới hóng chứ,ptit_2k5,https://www.facebook.com/groups/2k5ptit,2026-10-06T08:59:44.978190+00:00,1066970725512104,source,233,,neutral,ai,ai_labeled,"Giải thích đang hóng thông tin, không có khen/chê rõ.",medium,comment_only_no_parent_or_post_text
1067097722166071,1066842752191568,Thế ko gửi thì ko có động lực ôn thi ak em ? Lí do ngộ v,ptit_2k5,https://www.facebook.com/groups/2k5ptit,2026-10-06T08:59:44.978190+00:00,1067097722166071,source,238,,negative,ai,ai_labeled,Phản vấn và chê lý do ngộ; có thể trêu trong hội thoại.,high,comment_only_no_parent_or_post_text
1067287568813753,1066842752191568,"Người tham gia ẩn danh 694 vui thôi ak, có mail thì buff thêm động lực thui",ptit_2k5,https://www.facebook.com/groups/2k5ptit,2026-10-06T08:59:44.978190+00:00,1067287568813753,source,239,,positive,ai,ai_labeled,Nói vui và có thêm động lực nhờ mail.,medium,comment_only_no_parent_or_post_text
1067596872116156,1066842752191568,Người tham gia ẩn danh chưa có gì là chắc chắn nma khả năng cao :>,ptit_2k5,https://www.facebook.com/groups/2k5ptit,2026-10-06T08:59:44.978190+00:00,1067596872116156,source,240,,neutral,ai,ai_labeled,Nêu mức chưa chắc chắn của thông tin.,low,comment_only_no_parent_or_post_text
1067644775444699,1067627105446466,Chắc là không đâu,ptit_2k5,https://www.facebook.com/groups/2k5ptit,2026-10-06T08:59:42.709534+00:00,1067644775444699,source,242,,neutral,ai,ai_labeled,Phỏng đoán không nhưng thiếu sự việc gốc.,high,comment_only_no_parent_or_post_text
1067645588777951,1067627105446466,kể ra thi trắc nghiệm thì ngon chứ thi tự luận như này học vẹt khổ quá :((,ptit_2k5,https://www.facebook.com/groups/2k5ptit,2026-10-06T08:59:42.709534+00:00,1067645588777951,source,243,,negative,ai,ai_labeled,Than học vẹt khi thi tự luận kèm biểu tượng buồn.,low,comment_only_no_parent_or_post_text
1067649388777571,1067627105446466,Trung Kiên Nguyễn Nghĩareview đề tn thầy Long cho a Kiên đi,ptit_2k5,https://www.facebook.com/groups/2k5ptit,2026-10-06T08:59:42.709534+00:00,1067649388777571,source,244,,neutral,ai,ai_labeled,Đề nghị chia sẻ đề trắc nghiệm.,low,comment_only_no_parent_or_post_text
1067660028776507,1067627105446466,"Trung Kiên biết cái đề trắc nghiệm như nào chưa mà mơ 
thi TL mới dễ lấy điểm",ptit_2k5,https://www.facebook.com/groups/2k5ptit,2026-10-06T08:59:42.709534+00:00,1067660028776507,source,247,,neutral,ai,ai_labeled,"Phản bác ý thích trắc nghiệm, thiên giải thích nhưng giọng mỉa.",high,comment_only_no_parent_or_post_text
1068651318677378,1068635532012290,khó hơn nhé,ptit_2k5,https://www.facebook.com/groups/2k5ptit,2026-10-06T08:59:44.557993+00:00,1068651318677378,source,258,,neutral,ai,ai_labeled,So sánh khó hơn nhưng không phàn nàn rõ.,medium,comment_only_no_parent_or_post_text
1068657495343427,1068635532012290,Cái này kh ăn thua :))),ptit_2k5,https://www.facebook.com/groups/2k5ptit,2026-10-06T08:59:44.557993+00:00,1068657495343427,source,259,,negative,ai,ai_labeled,"Nhận định không ăn thua kèm cười, cần kiểm tra đùa/mỉa.",high,comment_only_no_parent_or_post_text
1068658992009944,1068635532012290,"Cố thôi em thường thì code c sẽ khoai nhất với người mới code, sau dần vào c++ thì code oke hơn",ptit_2k5,https://www.facebook.com/groups/2k5ptit,2026-10-06T08:59:44.557993+00:00,1068658992009944,source,260,,neutral,ai,ai_labeled,Khuyên cố gắng và giải thích tiến trình học code.,medium,comment_only_no_parent_or_post_text
1068832328659277,1068635532012290,"nay de ma, hoc xau y",ptit_2k5,https://www.facebook.com/groups/2k5ptit,2026-10-06T08:59:44.558923+00:00,1068832328659277,source,261,,neutral,ai,ai_labeled,"Nhận định đề dễ và khuyên học xâu, thiên chỉ dẫn.",medium,comment_only_no_parent_or_post_text
1068954061980437,1068931005316076,"Try hard dko. Ttcs chọn thầy Điệp, thầy Chợ, thầy Dậu với 2 thầy Duy. Cnpm học cô Ngọc, AI học cô Linh. Mmhcs học thầy Thế, athdh học thầy nào đều được.",ptit_2k5,https://www.facebook.com/groups/2k5ptit,2026-10-06T08:59:45.060051+00:00,1068954061980437,source,263,,neutral,ai,ai_labeled,Liệt kê lựa chọn giảng viên theo mục tiêu học khó.,medium,comment_only_no_parent_or_post_text
1068962855312891,1068931005316076,Không có thầy NMH thì k try hard đc,ptit_2k5,https://www.facebook.com/groups/2k5ptit,2026-10-06T08:59:45.060051+00:00,1068962855312891,source,265,,neutral,ai,ai_labeled,Nêu thiếu thầy thì không học thử thách được.,medium,comment_only_no_parent_or_post_text
1068973371978506,1068931005316076,"thầy cô nào cũng ok, pick lịch đẹp là đc",ptit_2k5,https://www.facebook.com/groups/2k5ptit,2026-10-06T08:59:45.060051+00:00,1068973371978506,source,266,,positive,ai,ai_labeled,"Đánh giá thầy cô đều ổn, khuyên chọn lịch đẹp.",low,comment_only_no_parent_or_post_text
1068978118644698,1068931005316076,Chốt ngay đỗ thị bích ngọc,ptit_2k5,https://www.facebook.com/groups/2k5ptit,2026-10-06T08:59:45.060051+00:00,1068978118644698,source,267,,positive,ai,ai_labeled,Khuyến nghị chọn ngay giảng viên.,medium,comment_only_no_parent_or_post_text
1068978201978023,1068931005316076,"Thầy Chợ, Thầy Duy, Thầy Dậu, Cô Linh, cô Ngọc",ptit_2k5,https://www.facebook.com/groups/2k5ptit,2026-10-06T08:59:45.061050+00:00,1068978201978023,source,268,,neutral,ai,ai_labeled,Nêu một giảng viên.,low,comment_only_no_parent_or_post_text
1068994818643028,1068966078645902,3 lý thuyết siêu dài + 1 bài tập,ptit_2k5,https://www.facebook.com/groups/2k5ptit,2026-10-06T08:59:42.731232+00:00,1068994818643028,source,270,,neutral,ai,ai_labeled,Mô tả đề ba lý thuyết dài và một bài tập.,medium,comment_only_no_parent_or_post_text
1068996278642882,1068966078645902,Người tham gia ẩn danh 747 bt có những dạng gì ạ,ptit_2k5,https://www.facebook.com/groups/2k5ptit,2026-10-06T08:59:42.731232+00:00,1068996278642882,source,271,,neutral,ai,ai_labeled,Hỏi dạng bài tập.,low,comment_only_no_parent_or_post_text
1068999895309187,1068966078645902,Người tham gia ẩn danh đổi trang nạp trang dùng OPT hoặc Clock này,ptit_2k5,https://www.facebook.com/groups/2k5ptit,2026-10-06T08:59:42.731232+00:00,1068999895309187,source,272,,neutral,ai,ai_labeled,Nêu thuật toán đổi/nạp trang.,low,comment_only_no_parent_or_post_text
1069041171971726,1068931005316076,"Ttcs thầy chợ, cnpm cô ngọc, ttnt cô linh, mật mã cô thảo, hdh thầy duy",ptit_2k5,https://www.facebook.com/groups/2k5ptit,2026-10-06T08:59:45.061050+00:00,1069041171971726,source,273,,neutral,ai,ai_labeled,Liệt kê giảng viên theo môn.,low,comment_only_no_parent_or_post_text
1069044641971379,1068931005316076,Cô cho điểm có khó kh anh,ptit_2k5,https://www.facebook.com/groups/2k5ptit,2026-10-06T08:59:45.060051+00:00,1069044641971379,source,274,,neutral,ai,ai_labeled,Hỏi cô cho điểm khó không.,low,comment_only_no_parent_or_post_text
1069045285304648,1068931005316076,Cô cho điểm khó kh ạ,ptit_2k5,https://www.facebook.com/groups/2k5ptit,2026-10-06T08:59:45.061050+00:00,1069045285304648,source,275,,neutral,ai,ai_labeled,Hỏi mức độ khó khi cô cho điểm.,low,comment_only_no_parent_or_post_text
1069076625301514,1068931005316076,"Nhật Đang Đi Học m đừng doạ e nó, a 9,5 btl đây",ptit_2k5,https://www.facebook.com/groups/2k5ptit,2026-10-06T08:59:45.060051+00:00,1069076625301514,source,277,,neutral,ai,ai_labeled,Bác lời dọa bằng điểm bài tập lớn thực tế.,medium,comment_only_no_parent_or_post_text
1069274785281698,1068966078645902,Người tham gia ẩn danh học thuộc 10 câu 4 điểm trong giáo trình là đủ đi thi r,ptit_2k5,https://www.facebook.com/groups/2k5ptit,2026-10-06T08:59:42.731232+00:00,1069274785281698,source,278,,neutral,ai,ai_labeled,Hướng dẫn học mười câu lý thuyết để đi thi.,low,comment_only_no_parent_or_post_text
1069505735258603,1069494008593109,"đại loại là bài cuối kì chia làm 2 đầu điểm đi, Clo1 và Clo2, 1 đầu điểm = 0 là nhót, đơn giản là vậy",ptit_2k5,https://www.facebook.com/groups/2k5ptit,2026-10-06T08:59:45.193632+00:00,1069505735258603,source,279,,neutral,ai,ai_labeled,"Giải thích điều kiện điểm CLO, từ nhót không tự thành tiêu cực.",low,comment_only_no_parent_or_post_text
1069546555254521,1069494008593109,"Sad Thủ 
ví dụ h mình chỉ lm câu 4 hoặc 3 điểm bỏ câu 1 vs 2 điểm thì cút hả bn",ptit_2k5,https://www.facebook.com/groups/2k5ptit,2026-10-06T08:59:45.193632+00:00,1069546555254521,source,280,,neutral,ai,ai_labeled,Hỏi bỏ một số câu có trượt không.,low,comment_only_no_parent_or_post_text
1069552038587306,1069494008593109,"Sad Thủ 
 Sao mình chẳng thấy thầy cô nào nói về cái này hết",ptit_2k5,https://www.facebook.com/groups/2k5ptit,2026-10-06T08:59:45.193632+00:00,1069552038587306,source,281,,negative,ai,ai_labeled,Phàn nàn không thấy giảng viên thông báo quy định.,medium,comment_only_no_parent_or_post_text
1069555681920275,1069494008593109,Là các đầu điểm phục vụ công tác kiểm định quốc tế ý cậu,ptit_2k5,https://www.facebook.com/groups/2k5ptit,2026-10-06T08:59:45.194633+00:00,1069555681920275,source,282,,neutral,ai,ai_labeled,Giải thích điểm phục vụ kiểm định.,low,comment_only_no_parent_or_post_text
1069618148580695,1069494008593109,Anonymous participant 691 chịu trg cmnr,ptit_2k5,https://www.facebook.com/groups/2k5ptit,2026-10-06T08:59:45.193632+00:00,1069618148580695,source,283,,negative,ai,ai_labeled,Bày tỏ bất lực với trường kèm nhấn mạnh suồng sã.,low,comment_only_no_parent_or_post_text
1069655738576936,1069494008593109,Người tham gia ẩn danh 691 mình học trr1 vẫn đc cô nói mà b,ptit_2k5,https://www.facebook.com/groups/2k5ptit,2026-10-06T08:59:45.194633+00:00,1069655738576936,source,284,,neutral,ai,ai_labeled,Nêu kinh nghiệm đã được cô thông báo.,low,comment_only_no_parent_or_post_text
1069812611894582,1069494008593109,"Sad Thủ 
áp dụng luôn kì này à bạn",ptit_2k5,https://www.facebook.com/groups/2k5ptit,2026-10-06T08:59:45.194633+00:00,1069812611894582,source,285,,neutral,ai,ai_labeled,Hỏi áp dụng ngay kỳ này không.,low,comment_only_no_parent_or_post_text
1069926058549904,1069494008593109,"Tran Hue 1,6 điểm tối thiểu CLO2 và 2,4 điểm tối thiểu CLO1, tin chuẩn k0 ?",ptit_2k5,https://www.facebook.com/groups/2k5ptit,2026-10-06T08:59:45.194633+00:00,1069926058549904,source,287,,neutral,ai,ai_labeled,Hỏi xác minh ngưỡng điểm CLO.,low,comment_only_no_parent_or_post_text
1069971788545331,1069494008593109,Hải Phong trượt,ptit_2k5,https://www.facebook.com/groups/2k5ptit,2026-10-06T08:59:45.194633+00:00,1069971788545331,source,288,,neutral,ai,ai_labeled,"Chỉ nêu trượt, cần biết trả lời quy chế hay bộc lộ thất vọng.",high,comment_only_no_parent_or_post_text
1069976195211557,1069494008593109,Hải Phong chuẩn nhé (vs TRR),ptit_2k5,https://www.facebook.com/groups/2k5ptit,2026-10-06T08:59:45.194633+00:00,1069976195211557,source,289,,neutral,ai,ai_labeled,Xác nhận thông tin đúng cho môn.,low,comment_only_no_parent_or_post_text
1070078971867946,1069913975217779,"Hiền, điểm cũng ổn",ptit_2k5,https://www.facebook.com/groups/2k5ptit,2026-10-06T08:59:43.158338+00:00,1070078971867946,source,291,,positive,ai,ai_labeled,Khen hiền và điểm ổn.,low,comment_only_no_parent_or_post_text
1070167781859065,1069494008593109,làm s để biết môn có CLO như thế nào v mn,ptit_2k5,https://www.facebook.com/groups/2k5ptit,2026-10-06T08:59:45.194633+00:00,1070167781859065,source,292,,neutral,ai,ai_labeled,Hỏi cách xem CLO của môn.,low,comment_only_no_parent_or_post_text
1070692471806596,1070674218475088,Mấy điểm là qua môn vậy ạ,ptit_2k5,https://www.facebook.com/groups/2k5ptit,2026-10-06T08:59:44.359944+00:00,1070692471806596,source,293,,neutral,ai,ai_labeled,Hỏi điểm qua môn.,low,comment_only_no_parent_or_post_text
1070706081805235,1070674218475088,Người tham gia ẩn danh 785 gpa >= 5/10,ptit_2k5,https://www.facebook.com/groups/2k5ptit,2026-10-06T08:59:44.359944+00:00,1070706081805235,source,294,,neutral,ai,ai_labeled,Cung cấp ngưỡng GPA.,low,comment_only_no_parent_or_post_text
1070711788471331,1070674218475088,Chill nếu như năm trc thì là hơn 2 tháng sau có,ptit_2k5,https://www.facebook.com/groups/2k5ptit,2026-10-06T08:59:44.360940+00:00,1070711788471331,source,296,,neutral,ai,ai_labeled,Trấn an và nêu thời gian thông báo năm trước.,low,comment_only_no_parent_or_post_text
1070720618470448,1070674218475088,"Người tham gia ẩn danh 785 tb trên 5, điểm khác 0",ptit_2k5,https://www.facebook.com/groups/2k5ptit,2026-10-06T08:59:44.359944+00:00,1070720618470448,source,297,,neutral,ai,ai_labeled,Cung cấp điều kiện qua môn.,low,comment_only_no_parent_or_post_text
1070740638468446,1070674218475088,Nay thi cuối kì 2đ vừa đủ qua môn :)),ptit_2k5,https://www.facebook.com/groups/2k5ptit,2026-10-06T08:59:44.360940+00:00,1070740638468446,source,298,,positive,ai,ai_labeled,Bày tỏ nhẹ nhõm vừa đủ qua môn kèm cười.,medium,comment_only_no_parent_or_post_text
1070774688465041,1070756405133536,Nguyễn Gia Hưng riel?,ptit_2k5,https://www.facebook.com/groups/2k5ptit,2026-10-06T08:59:44.865665+00:00,1070774688465041,source,300,,neutral,ai,ai_labeled,Hỏi thông tin có thật không bằng tiếng lóng.,medium,comment_only_no_parent_or_post_text
1070775011798342,1070756405133536,"PLDC thì bỏ đi, như không. Triết nghe bảo học lại thì thi tự luận, cố gắng được thì nên thử",ptit_2k5,https://www.facebook.com/groups/2k5ptit,2026-10-06T08:59:44.865665+00:00,1070775011798342,source,301,,negative,ai,ai_labeled,"Khuyên bỏ môn vì không hiệu quả, dù còn gợi ý môn khác.",medium,comment_only_no_parent_or_post_text
1070776588464851,1070756405133536,Nguyễn Gia Hưng Triết Điểm tp tầm 8 thì b+ trở lên thoải mái nếu ôn đúng file,ptit_2k5,https://www.facebook.com/groups/2k5ptit,2026-10-06T08:59:44.865665+00:00,1070776588464851,source,303,,positive,ai,ai_labeled,Nhận định dễ đạt B+ nếu ôn đúng tài liệu.,medium,comment_only_no_parent_or_post_text
1070780838464426,1070756405133536,"Môn khác đi em, mấy môn đó 2 tín với lại khó A A+",ptit_2k5,https://www.facebook.com/groups/2k5ptit,2026-10-06T08:59:44.865665+00:00,1070780838464426,source,304,,neutral,ai,ai_labeled,"Khuyên chọn môn khác do ít tín và khó điểm cao, thiên tư vấn.",medium,comment_only_no_parent_or_post_text
1070787518463758,1070674218475088,Trung Hảii xem như nào đi,ptit_2k5,https://www.facebook.com/groups/2k5ptit,2026-10-06T08:59:44.360940+00:00,1070787518463758,source,305,,neutral,ai,ai_labeled,Lời nhắc xem lại thiếu đối tượng.,high,comment_only_no_parent_or_post_text
1070789428463567,1070756405133536,bạn Cường ôn thi xstk đi hỏi ít thôi,ptit_2k5,https://www.facebook.com/groups/2k5ptit,2026-10-06T08:59:44.865665+00:00,1070789428463567,source,306,,neutral,ai,ai_labeled,"Nhắc ôn thay vì hỏi, có thể trêu bạn.",high,comment_only_no_parent_or_post_text
1070803565128820,1070756405133536,"Pldc thì bỏ đi, đầu tư vào môn đó như muối bỏ biển",ptit_2k5,https://www.facebook.com/groups/2k5ptit,2026-10-06T08:59:44.865665+00:00,1070803565128820,source,307,,negative,ai,ai_labeled,Chê đầu tư môn không hiệu quả như muối bỏ biển.,low,comment_only_no_parent_or_post_text
1070805581795285,1070756405133536,cứ đè mấy môn toán mà lấy dễ vl ra,ptit_2k5,https://www.facebook.com/groups/2k5ptit,2026-10-06T08:59:44.865665+00:00,1070805581795285,source,308,,positive,ai,ai_labeled,Đánh giá các môn toán rất dễ kéo điểm.,medium,comment_only_no_parent_or_post_text
1070863131789530,1070756405133536,CleverCranberry5620 đúng file là file nào ạ,ptit_2k5,https://www.facebook.com/groups/2k5ptit,2026-10-06T08:59:44.865665+00:00,1070863131789530,source,311,,neutral,ai,ai_labeled,Hỏi file ôn thi nào.,low,comment_only_no_parent_or_post_text
1070863138456196,1070756405133536,Em hỏi xíu là học các môn này cải thiện thì thi tự luận hay trắc nghiệm ạ?,ptit_2k5,https://www.facebook.com/groups/2k5ptit,2026-10-06T08:59:44.865665+00:00,1070863138456196,source,312,,neutral,ai,ai_labeled,Hỏi hình thức thi khi học cải thiện.,low,comment_only_no_parent_or_post_text
1070947841781059,1070756405133536,"cái thiện mấy môn đó như muối bỏ biển, cái thiện mấy môn dễ tăng band như mấy môn code",ptit_2k5,https://www.facebook.com/groups/2k5ptit,2026-10-06T08:59:44.865665+00:00,1070947841781059,source,313,,negative,ai,ai_labeled,"Chê cải thiện nhóm môn đó không hiệu quả, rồi tư vấn môn code.",medium,comment_only_no_parent_or_post_text
1070951025114074,1070756405133536,"Hoàng Hoàng Tuấn code dễ tăng lắm à anh, code c em dc có c:(",ptit_2k5,https://www.facebook.com/groups/2k5ptit,2026-10-06T08:59:44.865665+00:00,1070951025114074,source,314,,negative,ai,ai_labeled,Buồn vì chỉ đạt C và nghi ngờ khả năng cải thiện.,medium,comment_only_no_parent_or_post_text
1070951448447365,1070756405133536,Pháp luật đại cương thì thôi vứt,ptit_2k5,https://www.facebook.com/groups/2k5ptit,2026-10-06T08:59:44.865665+00:00,1070951448447365,source,315,,negative,ai,ai_labeled,Chê môn pháp luật bằng lời vứt.,low,comment_only_no_parent_or_post_text
1070951651780678,1070756405133536,"Người tham gia ẩn danh 864 thế có dễ dc b+ ko ạ, tại aim em b+ triết 3 tín là ấm ròi",ptit_2k5,https://www.facebook.com/groups/2k5ptit,2026-10-06T08:59:44.865665+00:00,1070951651780678,source,316,,neutral,ai,ai_labeled,Hỏi khả năng đạt mục tiêu B+.,low,comment_only_no_parent_or_post_text
1070951845113992,1070756405133536,còn triết fen oi,ptit_2k5,https://www.facebook.com/groups/2k5ptit,2026-10-06T08:59:44.865665+00:00,1070951845113992,source,317,,neutral,ai,ai_labeled,Nhắc còn môn triết.,low,comment_only_no_parent_or_post_text
1072006311675212,1060104792865364,"Người tham gia ẩn danh 272 a ơi, course 1 học và làm những gì ạ? Em muốn đăng ký ít tín hơn có được không ạ, em có nền rồi.",ptit_2k5,https://www.facebook.com/groups/2k5ptit,2026-10-06T08:59:44.823667+00:00,1072006311675212,source,318,,neutral,ai,ai_labeled,Hỏi nội dung course và khả năng đăng ký ít tín.,low,comment_only_no_parent_or_post_text
1072273738315136,1069913975217779,chill điểm cao…,ptit_2k5,https://www.facebook.com/groups/2k5ptit,2026-10-06T08:59:43.158338+00:00,1072273738315136,source,319,possible_truncation_or_deliberate_ellipsis,positive,ai,ai_labeled,Khen thoải mái điểm cao nhưng kết thúc dấu ba chấm cần kiểm tra cắt.,high,comment_only_no_parent_or_post_text
1072507001625143,1072212354987941,em xin nữa ạ ....,ptit_2k5,https://www.facebook.com/groups/2k5ptit,2026-10-06T08:59:43.175772+00:00,1072507001625143,source,320,possible_truncation_or_deliberate_ellipsis,neutral,ai,ai_labeled,Xin thêm tài liệu; dấu chấm kéo dài cần đối chiếu snapshot.,high,comment_only_no_parent_or_post_text
1072748991600944,1072410718301438,Mn cíu chúng em ạ,ptit_2k5,https://www.facebook.com/groups/2k5ptit,2026-10-06T08:59:42.474445+00:00,1072748991600944,source,321,,neutral,ai,ai_labeled,"Xin mọi người giúp, không đủ để suy thành thất vọng.",medium,comment_only_no_parent_or_post_text
1073529004856276,1073525778189932,Tự luận,ptit_2k5,https://www.facebook.com/groups/2k5ptit,2026-10-06T08:59:44.520426+00:00,1073529004856276,source,322,,neutral,ai,ai_labeled,Nêu hình thức thi tự luận.,low,comment_only_no_parent_or_post_text
1073531978189312,1073525778189932,phạmhùngphobia tin chuẩn hả b,ptit_2k5,https://www.facebook.com/groups/2k5ptit,2026-10-06T08:59:44.520426+00:00,1073531978189312,source,323,,neutral,ai,ai_labeled,Hỏi xác minh tin.,low,comment_only_no_parent_or_post_text
1073561161519727,1073525778189932,nhân tiện ae nào từng học cải thiện Triết vào kì hè thì review cho tôi là điểm tp và cuối kì thầy/cô cho có thoáng tay k với,ptit_2k5,https://www.facebook.com/groups/2k5ptit,2026-10-06T08:59:44.520426+00:00,1073561161519727,source,324,,neutral,ai,ai_labeled,Xin review cách cho điểm cải thiện triết.,low,comment_only_no_parent_or_post_text
1073642228178287,1073525778189932,Người tham gia ẩn danh bao đời nay rồi,ptit_2k5,https://www.facebook.com/groups/2k5ptit,2026-10-06T08:59:44.520426+00:00,1073642228178287,source,325,,neutral,ai,ai_labeled,"Xác nhận đã áp dụng lâu, cần câu trước để biết quy định.",medium,comment_only_no_parent_or_post_text
1074309704778206,1074293301446513,"ra vp1c , các thầy cô sẽ chỉ lên phòng gvu , còn như bth sẽ điền from",ptit_2k5,https://www.facebook.com/groups/2k5ptit,2026-10-06T08:59:43.028726+00:00,1074309704778206,source,327,,neutral,ai,ai_labeled,Hướng dẫn tới văn phòng và điền form.,low,comment_only_no_parent_or_post_text
1074325011443342,1074293301446513,Ra vp1c mọi vấn đề sẽ được giải quyết.,ptit_2k5,https://www.facebook.com/groups/2k5ptit,2026-10-06T08:59:43.028726+00:00,1074325011443342,source,328,,neutral,ai,ai_labeled,Hướng dẫn tới văn phòng để giải quyết.,low,comment_only_no_parent_or_post_text
1074655771410266,1074654598077050,Học liệu PTIT mọi sv luôn ạ??,ptit_2k5,https://www.facebook.com/groups/2k5ptit,2026-10-06T08:59:44.341943+00:00,1074655771410266,source,330,,neutral,ai,ai_labeled,Hỏi quy định có áp dụng mọi sinh viên.,low,comment_only_no_parent_or_post_text
1074658104743366,1074654598077050,"Học liệu PTIT vậy khi nào thì cần hc lại v ạ, e d25 nên chx bt ạ",ptit_2k5,https://www.facebook.com/groups/2k5ptit,2026-10-06T08:59:44.341943+00:00,1074658104743366,source,331,,neutral,ai,ai_labeled,Hỏi khi nào phải học lại.,low,comment_only_no_parent_or_post_text
1074658218076688,1074654598077050,Học liệu PTIT vậy nếu giả sử e được 7 mà clo3 e k đc điểm nào thì có đc thi lại k ạ,ptit_2k5,https://www.facebook.com/groups/2k5ptit,2026-10-06T08:59:44.341943+00:00,1074658218076688,source,332,,neutral,ai,ai_labeled,Hỏi có thi lại nếu thiếu điểm CLO.,low,comment_only_no_parent_or_post_text
1074665364742640,1074654598077050,"Vậy cho em hỏi nếu cuối kì em đc 0 mà tính đtb vẫn trên 4 thì có tính qua môn và ko p thi lại ko ạ, em d25 ạ",ptit_2k5,https://www.facebook.com/groups/2k5ptit,2026-10-06T08:59:44.341943+00:00,1074665364742640,source,333,,neutral,ai,ai_labeled,Hỏi điều kiện qua môn khi cuối kỳ không điểm.,low,comment_only_no_parent_or_post_text
1074665954742581,1074654598077050,đây là áp dụng với năm nhất thôi làm admin thì đăng rõ vào,ptit_2k5,https://www.facebook.com/groups/2k5ptit,2026-10-06T08:59:44.341943+00:00,1074665954742581,source,334,,negative,ai,ai_labeled,Phàn nàn admin đăng không rõ phạm vi áp dụng.,medium,comment_only_no_parent_or_post_text
1074667824742394,1074654598077050,Chỉ đầu kì 1 thx đúng k ạ,ptit_2k5,https://www.facebook.com/groups/2k5ptit,2026-10-06T08:59:44.341943+00:00,1074667824742394,source,335,,neutral,ai,ai_labeled,Hỏi chỉ áp dụng đầu kỳ một không.,low,comment_only_no_parent_or_post_text
1074668288075681,1074654598077050,Người tham gia ẩn danh 855 0 điểm là tạch r e. Thi lại nhé,ptit_2k5,https://www.facebook.com/groups/2k5ptit,2026-10-06T08:59:44.341943+00:00,1074668288075681,source,336,,neutral,ai,ai_labeled,Giải thích không điểm thì phải thi lại.,low,comment_only_no_parent_or_post_text
1074669134742263,1074654598077050,CLO có nghĩa là gì ạ em hỏi ngoài lề tí ạ,ptit_2k5,https://www.facebook.com/groups/2k5ptit,2026-10-06T08:59:44.341943+00:00,1074669134742263,source,337,,neutral,ai,ai_labeled,Hỏi nghĩa CLO.,low,comment_only_no_parent_or_post_text
1074669274742249,1074654598077050,"Học liệu PTIT dạ, cho em hỏi là thi lại thì có cần phải làm đơn hoãn thi hay j ko ạ , hay tạch thì cứ thi lại mà vẫn đc tính học bổng ạ ?",ptit_2k5,https://www.facebook.com/groups/2k5ptit,2026-10-06T08:59:44.341943+00:00,1074669274742249,source,338,,neutral,ai,ai_labeled,Hỏi thủ tục thi lại và xét học bổng.,low,comment_only_no_parent_or_post_text
1074674894741687,1074654598077050,Ơ e tưởng thi lại cx ko đc xét hb chứ ạ,ptit_2k5,https://www.facebook.com/groups/2k5ptit,2026-10-06T08:59:44.342939+00:00,1074674894741687,source,339,,neutral,ai,ai_labeled,Hỏi lại hiểu biết về điều kiện học bổng.,low,comment_only_no_parent_or_post_text
1074675491408294,1074654598077050,Khanh Phuc Nguyen điểm điều kiện qua môn theo chuẩn đầu ra,ptit_2k5,https://www.facebook.com/groups/2k5ptit,2026-10-06T08:59:44.341943+00:00,1074675491408294,source,340,,neutral,ai,ai_labeled,Định nghĩa điểm điều kiện chuẩn đầu ra.,low,comment_only_no_parent_or_post_text
1074685394740637,1074654598077050,"Ac ơi, học cải thiện bn lần thì bị hạ bằng ạ ?",ptit_2k5,https://www.facebook.com/groups/2k5ptit,2026-10-06T08:59:44.342939+00:00,1074685394740637,source,341,,neutral,ai,ai_labeled,Hỏi số lần cải thiện ảnh hưởng bằng.,low,comment_only_no_parent_or_post_text
1074697524739424,1074654598077050,thường lịch thi lại sẽ vào tháng mấy kì sau ạ,ptit_2k5,https://www.facebook.com/groups/2k5ptit,2026-10-06T08:59:44.342939+00:00,1074697524739424,source,342,,neutral,ai,ai_labeled,Hỏi tháng tổ chức thi lại.,low,comment_only_no_parent_or_post_text
1074705394738637,1074654598077050,Tuyệt vọng không thể giấu kì xuân sẽ tầm t3 nhé,ptit_2k5,https://www.facebook.com/groups/2k5ptit,2026-10-06T08:59:44.342939+00:00,1074705394738637,source,343,,neutral,ai,ai_labeled,Trả lời tháng ba; cụm tuyệt vọng đầu câu có thể là tên được tag.,medium,comment_only_no_parent_or_post_text
1074707201405123,1074654598077050,Học liệu PTIT vậy nếu các môn đki nguyện vọng nhưng lúc đăng ký kì xuân nó không hiện thì lúc đó hết cíu đúng kh ạ,ptit_2k5,https://www.facebook.com/groups/2k5ptit,2026-10-06T08:59:44.342939+00:00,1074707201405123,source,344,,neutral,ai,ai_labeled,Hỏi xử lý khi môn nguyện vọng không hiện.,low,comment_only_no_parent_or_post_text
1074996968042813,1074654598077050,Tuyệt vọng không thể giấu dki nguyện vọng nhưng mở lớp thì có thể có hoặc không,ptit_2k5,https://www.facebook.com/groups/2k5ptit,2026-10-06T08:59:44.342939+00:00,1074996968042813,source,345,,neutral,ai,ai_labeled,Giải thích có thể không mở lớp; cụm tuyệt vọng là tag cần kiểm tra.,medium,comment_only_no_parent_or_post_text
1075043201371523,1074654598077050,phạmhùngphobia anh ơi cho e hỏi xíu là sao bt môn nào tính theo CLO với MMT là gì v ạ,ptit_2k5,https://www.facebook.com/groups/2k5ptit,2026-10-06T08:59:44.341943+00:00,1075043201371523,source,346,,neutral,ai,ai_labeled,Hỏi cách biết CLO và nghĩa MMT.,low,comment_only_no_parent_or_post_text
1075055421370301,1074654598077050,"Người tham gia ẩn danh 172 cái nì thầy cô thông báo thui á, MMT là môn mạng máy tính bên ATTT còn MMT bên CNTT thì chắc ko có CLO đâu",ptit_2k5,https://www.facebook.com/groups/2k5ptit,2026-10-06T08:59:44.341943+00:00,1075055421370301,source,347,,neutral,ai,ai_labeled,Giải thích ai thông báo CLO và viết tắt môn.,low,comment_only_no_parent_or_post_text
1076065997935910,1075966064612570,"Tối đa là 2 kì nha, e bảo lưu 1 kì cx đc nhưng max chỉ đc 2 kì thoi nha.",ptit_2k5,https://www.facebook.com/groups/2k5ptit,2026-10-06T08:59:44.715762+00:00,1076065997935910,source,348,,neutral,ai,ai_labeled,Nêu thời hạn bảo lưu tối đa.,low,comment_only_no_parent_or_post_text
1076211641254679,1076203027922207,TC2 thầy Trung,ptit_2k5,https://www.facebook.com/groups/2k5ptit,2026-10-06T08:59:42.515368+00:00,1076211641254679,source,349,,neutral,ai,ai_labeled,Nêu môn và giảng viên.,low,comment_only_no_parent_or_post_text
1076212111254632,1076203027922207,thầy Sự mãi đỉnh ạ,ptit_2k5,https://www.facebook.com/groups/2k5ptit,2026-10-06T08:59:42.515368+00:00,1076212111254632,source,350,,positive,ai,ai_labeled,Khen thầy mãi đỉnh.,low,comment_only_no_parent_or_post_text
1076216817920828,1076203027922207,GDTC thầy trung,ptit_2k5,https://www.facebook.com/groups/2k5ptit,2026-10-06T08:59:42.515368+00:00,1076216817920828,source,351,,neutral,ai,ai_labeled,Nêu giảng viên thể chất.,low,comment_only_no_parent_or_post_text
1076247864584390,1076203027922207,"Gdtc cô liên, gtich thầy dương, vli cô hồng, xstk cô nga, thcs thầy ngọc",ptit_2k5,https://www.facebook.com/groups/2k5ptit,2026-10-06T08:59:42.515368+00:00,1076247864584390,source,352,,neutral,ai,ai_labeled,Liệt kê giảng viên các môn.,low,comment_only_no_parent_or_post_text
1076851037857406,710798944462619,"Dùng codeblock đi e, thi dev c lỏ lắm",ptit_2k5,https://www.facebook.com/groups/2k5ptit,2026-10-06T08:59:42.098599+00:00,1076851037857406,source,353,,negative,ai,ai_labeled,Chê công cụ dev c và khuyên đổi công cụ.,medium,comment_only_no_parent_or_post_text
1077262224482954,1076203027922207,thcs thầy Sự nhắm mắt cũng full 10,ptit_2k5,https://www.facebook.com/groups/2k5ptit,2026-10-06T08:59:42.515368+00:00,1077262224482954,source,354,,positive,ai,ai_labeled,Khen học dễ full điểm bằng cách nói nhắm mắt.,medium,comment_only_no_parent_or_post_text
1077341451141698,1077231491152694,nên xem có những thầy cô nào dạy xong hỏi anh chị thì dễ hơn em ơi,ptit_2k5,https://www.facebook.com/groups/2k5ptit,2026-10-06T08:59:44.675763+00:00,1077341451141698,source,355,,neutral,ai,ai_labeled,Khuyên xem danh sách giảng viên rồi hỏi anh chị.,low,comment_only_no_parent_or_post_text
1077344904474686,1077231491152694,Tiếng Anh cô Sâm,ptit_2k5,https://www.facebook.com/groups/2k5ptit,2026-10-06T08:59:44.675763+00:00,1077344904474686,source,356,,neutral,ai,ai_labeled,Nêu một giảng viên.,low,comment_only_no_parent_or_post_text
1077406194468557,1077231491152694,Đình Tuyển vâng anh :)),ptit_2k5,https://www.facebook.com/groups/2k5ptit,2026-10-06T08:59:44.675763+00:00,1077406194468557,source,357,,neutral,ai,ai_labeled,"Đáp vâng, tiếng cười không đủ gán tích cực.",low,comment_only_no_parent_or_post_text
1078123744396802,1078067834402393,Đủ 15 tín là dc,ptit_2k5,https://www.facebook.com/groups/2k5ptit,2026-10-06T08:59:43.047315+00:00,1078123744396802,source,362,,neutral,ai,ai_labeled,Nêu cần đủ mười lăm tín.,low,comment_only_no_parent_or_post_text
1083484697482612,1079460884551660,b pass lại sz S k ạ,ptit_group_584397217391365,https://www.facebook.com/groups/584397217391365,2026-10-06T08:59:45.319598+00:00,1083484697482612,source,370,possible_advertisement_not_automatic_exclusion,neutral,ai,ai_labeled,"Hỏi bán lại đồ cỡ S, là yêu cầu giao dịch không cảm xúc rõ.",low,comment_only_no_parent_or_post_text
1084999613709215,1076968564512320,Người tham gia ẩn danh 747 thi chưa bạn ơi,ptit_2k5,https://www.facebook.com/groups/2k5ptit,2026-10-06T08:59:42.978236+00:00,1084999613709215,source,371,near_duplicate_candidate,neutral,ai,ai_labeled,Hỏi đã thi chưa; cần rà gần trùng với tag khác.,low,comment_only_no_parent_or_post_text
1084999670375876,1076968564512320,Người tham gia ẩn danh 725 thi chưa bạn ơi,ptit_2k5,https://www.facebook.com/groups/2k5ptit,2026-10-06T08:59:42.978236+00:00,1084999670375876,source,372,near_duplicate_candidate,neutral,ai,ai_labeled,Hỏi đã thi chưa; gần trùng với người được tag khác.,low,comment_only_no_parent_or_post_text
1084999870375856,1076968564512320,Người tham gia ẩn danh thi chưa vậy bạn,ptit_2k5,https://www.facebook.com/groups/2k5ptit,2026-10-06T08:59:42.978236+00:00,1084999870375856,source,373,,neutral,ai,ai_labeled,Hỏi đã thi chưa.,low,comment_only_no_parent_or_post_text
1085011973707979,1076968564512320,Morang Chu snvv nghen,ptit_2k5,https://www.facebook.com/groups/2k5ptit,2026-10-06T08:59:42.978236+00:00,1085011973707979,source,374,,positive,ai,ai_labeled,Chúc sinh nhật vui vẻ.,low,comment_only_no_parent_or_post_text
1085026713706505,1076968564512320,Người tham gia ẩn danh 275 toai thi xong ròii,ptit_2k5,https://www.facebook.com/groups/2k5ptit,2026-10-06T08:59:42.978236+00:00,1085026713706505,source,375,,neutral,ai,ai_labeled,Thông báo đã thi xong.,low,comment_only_no_parent_or_post_text
1094677926074717,1068931005316076,Nhật Đang Đi Học a ơi rep tn e hỏi xíu được ko ạ,ptit_2k5,https://www.facebook.com/groups/2k5ptit,2026-10-06T08:59:45.060051+00:00,1094677926074717,source,376,,neutral,ai,ai_labeled,Nhờ trả lời tin nhắn để hỏi.,low,comment_only_no_parent_or_post_text
1097996972698051,1097814109383004,"Cho mình ké ai pass giáo trình Mac Lê nin, đại số 1, giải tích 1 với ạ",ptit_group_584397217391365,https://www.facebook.com/groups/584397217391365,2026-10-06T08:59:45.696351+00:00,1097996972698051,source,381,,neutral,ai,ai_labeled,"Xin mua lại giáo trình, không phải quảng cáo bán hàng.",low,comment_only_no_parent_or_post_text
1098065759357839,1098042859360129,Ib c tư vấn,ptit_group_584397217391365,https://www.facebook.com/groups/584397217391365,2026-10-06T08:59:45.718278+00:00,1098065759357839,source,382,,neutral,ai,ai_labeled,"Mời inbox tư vấn ngắn, cần bài gốc để phân biệt quảng cáo.",high,comment_only_no_parent_or_post_text
1098073459357069,1098042859360129,"bạn ơi mình có 2 người, ghép nhóm học phí bnh 1 người ấy",ptit_group_584397217391365,https://www.facebook.com/groups/584397217391365,2026-10-06T08:59:45.718278+00:00,1098073459357069,source,383,,neutral,ai,ai_labeled,Hỏi chi phí ghép nhóm học.,low,comment_only_no_parent_or_post_text
1098077752689973,1098042859360129,nhóm mình có 5 người rồi ạ ai có nhu cầu ghép thêm ib ạ 0866524084,ptit_group_584397217391365,https://www.facebook.com/groups/584397217391365,2026-10-06T08:59:45.718278+00:00,1098077752689973,source,384,,neutral,ai,ai_labeled,"Mời ghép nhóm học kèm liên hệ, cần rà nguồn nhưng không loại tự động.",medium,comment_only_no_parent_or_post_text
1098166422681106,1098042859360129,Ib cho mình,ptit_group_584397217391365,https://www.facebook.com/groups/584397217391365,2026-10-06T08:59:45.718278+00:00,1098166422681106,source,385,,neutral,ai,ai_labeled,"Đề nghị inbox, chưa có đánh giá cảm xúc.",medium,comment_only_no_parent_or_post_text
1098389319325483,1098042859360129,"còn slot ko bạn, mình xin 2 slot học với ạ",ptit_group_584397217391365,https://www.facebook.com/groups/584397217391365,2026-10-06T08:59:45.718278+00:00,1098389319325483,source,386,,neutral,ai,ai_labeled,Hỏi còn hai chỗ học không.,low,comment_only_no_parent_or_post_text
1098749939289421,1098405395990542,gần 1 tháng ấy,ptit_group_584397217391365,https://www.facebook.com/groups/584397217391365,2026-10-06T08:59:45.741367+00:00,1098749939289421,source,387,,neutral,ai,ai_labeled,Nêu gần một tháng nhưng chưa biết đại lượng.,high,comment_only_no_parent_or_post_text
1098808762616872,1098405395990542,tiêu đề giật gân quá,ptit_group_584397217391365,https://www.facebook.com/groups/584397217391365,2026-10-06T08:59:45.741367+00:00,1098808762616872,source,388,,negative,ai,ai_labeled,Chê tiêu đề giật gân.,medium,comment_only_no_parent_or_post_text
1098903502607398,1098405395990542,Mở bài hoang dã vậy em,ptit_group_584397217391365,https://www.facebook.com/groups/584397217391365,2026-10-06T08:59:45.741367+00:00,1098903502607398,source,389,,negative,ai,ai_labeled,"Chê mở bài hoang dã bằng lời đùa, cần kiểm tra sắc thái.",high,comment_only_no_parent_or_post_text
1099080005923081,1098405395990542,Lớn rồi cứ tự giác nhé e,ptit_group_584397217391365,https://www.facebook.com/groups/584397217391365,2026-10-06T08:59:45.741367+00:00,1099080005923081,source,390,,neutral,ai,ai_labeled,"Khuyên tự giác, chưa trách rõ.",medium,comment_only_no_parent_or_post_text
1099722432525505,1098042859360129,B2 aptis quy đổi full A luôn rồi ấy học aptis tham khảo bên aptistest.edu.vn ấy cậu,ptit_group_584397217391365,https://www.facebook.com/groups/584397217391365,2026-10-06T08:59:45.718278+00:00,1099722432525505,source,392,,neutral,ai,ai_labeled,"Nêu quy đổi điểm và giới thiệu nơi học, cần rà tính quảng cáo.",medium,comment_only_no_parent_or_post_text
1100105802487168,1099812649183150,Ủa d26 k đi sota như d25 hả,ptit_group_584397217391365,https://www.facebook.com/groups/584397217391365,2026-10-06T08:59:45.339521+00:00,1100105802487168,source,393,,neutral,ai,ai_labeled,Hỏi khóa mới có đi SOTA không.,low,comment_only_no_parent_or_post_text
1100111109153304,1099825542515194,"Thoải mái thôi, trao đổi giao tiếp lịch sự với thầy cô",ptit_group_584397217391365,https://www.facebook.com/groups/584397217391365,2026-10-06T08:59:45.361185+00:00,1100111109153304,source,394,,neutral,ai,ai_labeled,Khuyên giao tiếp lịch sự và thoải mái với thầy cô.,low,comment_only_no_parent_or_post_text
1100121675818914,1099812649183150,Cho mình hỏi khoa kt điện điện tử bao h đi quân sự vậy,ptit_group_584397217391365,https://www.facebook.com/groups/584397217391365,2026-10-06T08:59:45.339521+00:00,1100121675818914,source,395,,neutral,ai,ai_labeled,Hỏi lịch quân sự của khoa.,low,comment_only_no_parent_or_post_text
1100608175770264,1100580782439670,Ngụy Duy KhánhHnagf đẹp,ptit_group_584397217391365,https://www.facebook.com/groups/584397217391365,2026-10-06T08:59:46.505710+00:00,1100608175770264,source,401,,positive,ai,ai_labeled,Từ đẹp là khen nhưng thiếu đối tượng và có thể trêu.,high,comment_only_no_parent_or_post_text
1100671735763908,1099812649183150,Khi nào đi qs thì lưu này nà,ptit_group_584397217391365,https://www.facebook.com/groups/584397217391365,2026-10-06T08:59:45.339521+00:00,1100671735763908,source,406,,neutral,ai,ai_labeled,Nhắc lưu thông tin trước khi đi quân sự.,low,comment_only_no_parent_or_post_text
1100789235752158,1100776172420131,Thông tin này bổ ích quá ạ ^^,ptit_group_584397217391365,https://www.facebook.com/groups/584397217391365,2026-10-06T08:59:45.909409+00:00,1100789235752158,source,410,,positive,ai,ai_labeled,Khen thông tin bổ ích kèm biểu tượng vui.,low,comment_only_no_parent_or_post_text
1100809175750164,1100776172420131,"thầy ơi, em hỏi chút, em thấy ở điểm thi Cầu Giấy có ECOMS và VTED thì thi cái nào ạ",ptit_group_584397217391365,https://www.facebook.com/groups/584397217391365,2026-10-06T08:59:45.909409+00:00,1100809175750164,source,411,,neutral,ai,ai_labeled,Hỏi chọn điểm thi nào.,low,comment_only_no_parent_or_post_text
1100864185744663,1100692285761853,"2 môn này đều kh thi giữa kì em ơi, lấy điểm của btap nhóm làm điểm 30% nhé",ptit_group_584397217391365,https://www.facebook.com/groups/584397217391365,2026-10-06T08:59:45.880074+00:00,1100864185744663,source,412,,neutral,ai,ai_labeled,"Giải thích không thi giữa kỳ, dùng điểm nhóm.",low,comment_only_no_parent_or_post_text
1100868485744233,1099825542515194,"Tại sao ko bn, cứ mạnh dạn nhắn thôi",ptit_group_584397217391365,https://www.facebook.com/groups/584397217391365,2026-10-06T08:59:45.361185+00:00,1100868485744233,source,413,,positive,ai,ai_labeled,Động viên mạnh dạn nhắn.,medium,comment_only_no_parent_or_post_text
1101021192395629,1100595432438205,"mình không phải ngành dtvt, nhưng theo mình thì bạn nên follow các fanpage của các lab, thường họ sẽ tuyển trên đó(cách này thì khá khó với chưa biết chuyên ngành), cách 2 nếu bạn thân thiết với giảng viên lab đó thì bạn sẽ dễ vào thẳng. Bạn học dtvt không nhất thiết phải vào lab của các thầy thuộc dtvt, có thể tham gia các lab thuộc khoa khác cũng vẫn được",ptit_group_584397217391365,https://www.facebook.com/groups/584397217391365,2026-10-06T08:59:45.856673+00:00,1101021192395629,source,417,,neutral,ai,ai_labeled,Tư vấn cách vào lab và khả năng tham gia khoa khác.,low,comment_only_no_parent_or_post_text
1101112509053164,1100855755745506,Lhe mình 0866.029.587 nhé ạ,ptit_group_584397217391365,https://www.facebook.com/groups/584397217391365,2026-10-06T08:59:45.383194+00:00,1101112509053164,source,420,,neutral,ai,ai_labeled,"Cung cấp liên hệ, cần bài gốc để phân biệt quảng cáo.",medium,comment_only_no_parent_or_post_text
1101148762382872,1100913469073068,Có nếu e ở hn,ptit_group_584397217391365,https://www.facebook.com/groups/584397217391365,2026-10-06T08:59:45.949737+00:00,1101148762382872,source,425,,neutral,ai,ai_labeled,"Trả lời có với điều kiện ở Hà Nội, cần câu trước.",high,comment_only_no_parent_or_post_text
1101151885715893,1100834519080963,Nghỉ thêm buổi nữa là cút,ptit_group_584397217391365,https://www.facebook.com/groups/584397217391365,2026-10-06T08:59:45.929451+00:00,1101151885715893,source,426,,neutral,ai,ai_labeled,"Cảnh báo nghỉ thêm sẽ không đủ điều kiện, không nhất thiết phàn nàn.",medium,comment_only_no_parent_or_post_text
1101186922379056,1100942829070132,Hạn chứng chỉ,ptit_group_584397217391365,https://www.facebook.com/groups/584397217391365,2026-10-06T08:59:45.972479+00:00,1101186922379056,source,432,,neutral,ai,ai_labeled,Nêu thời hạn chứng chỉ là thông tin.,low,comment_only_no_parent_or_post_text
1101513379013077,1100834519080963,"quan trọng là có điểm danh 3 buổi đấy k, điểm danh hết thì nghỉ buổi nữa là đi",ptit_group_584397217391365,https://www.facebook.com/groups/584397217391365,2026-10-06T08:59:45.929451+00:00,1101513379013077,source,440,,neutral,ai,ai_labeled,Giải thích điều kiện nghỉ học liên quan điểm danh.,low,comment_only_no_parent_or_post_text
1101565859007829,1101432815687800,"Ko điểm danh thì chuyên cần cao, thế thôi",ptit_group_584397217391365,https://www.facebook.com/groups/584397217391365,2026-10-06T08:59:46.535748+00:00,1101565859007829,source,443,,neutral,ai,ai_labeled,Giải thích điểm chuyên cần khi không điểm danh.,low,comment_only_no_parent_or_post_text
1101573725673709,1101432815687800,k điểm danh thì gv cho cả lớp đi học đủ thì ph:)),ptit_group_584397217391365,https://www.facebook.com/groups/584397217391365,2026-10-06T08:59:46.535748+00:00,1101573725673709,source,444,,neutral,ai,ai_labeled,Phỏng đoán giảng viên ghi đủ buổi cho lớp.,medium,comment_only_no_parent_or_post_text
1101635295667552,1100834519080963,Quan trọng có điểm danh không thôi chứ ông cậu mà may hơn cả chữ lucky thì ngon,ptit_group_584397217391365,https://www.facebook.com/groups/584397217391365,2026-10-06T08:59:45.929451+00:00,1101635295667552,source,447,,neutral,ai,ai_labeled,"Giải thích tùy điểm danh và may mắn, giọng đùa.",medium,comment_only_no_parent_or_post_text
1101763622321386,1101754985655583,Chỗ đấy tao thiết kế để cắm quạt treo tường và đèn khẩn cấp.,ptit_group_584397217391365,https://www.facebook.com/groups/584397217391365,2026-10-06T08:59:46.238179+00:00,1101763622321386,source,452,,neutral,ai,ai_labeled,Giải thích thiết kế ổ điện cho quạt và đèn.,low,comment_only_no_parent_or_post_text
1101768512320897,1101571615673920,Có ib,ptit_group_584397217391365,https://www.facebook.com/groups/584397217391365,2026-10-06T08:59:46.118975+00:00,1101768512320897,source,453,,neutral,ai,ai_labeled,"Xác nhận có và mời inbox, cần câu trước.",medium,comment_only_no_parent_or_post_text
1101781428986272,1101754985655583,Minh Ánh nữa nè bà,ptit_group_584397217391365,https://www.facebook.com/groups/584397217391365,2026-10-06T08:59:46.238179+00:00,1101781428986272,source,455,,neutral,ai,ai_labeled,Nói có thêm nhưng thiếu đối tượng được đưa.,high,comment_only_no_parent_or_post_text
1101791098985305,1101754985655583,"HV Hoàng gia mà, nên cái ổ điện cũng phải khiến mọi người ngước nhìn.",ptit_group_584397217391365,https://www.facebook.com/groups/584397217391365,2026-10-06T08:59:46.238179+00:00,1101791098985305,source,456,,negative,ai,ai_labeled,Đùa hoàng gia để chê ổ điện cao bất tiện; cần kiểm tra ngữ cảnh.,high,comment_only_no_parent_or_post_text
1101819272315821,1101754985655583,Lí do cần sạc dự phòng,ptit_group_584397217391365,https://www.facebook.com/groups/584397217391365,2026-10-06T08:59:46.239182+00:00,1101819272315821,source,459,,neutral,ai,ai_labeled,Nêu lý do cần sạc dự phòng.,low,comment_only_no_parent_or_post_text
1101823848982030,1101571615673920,Mk tìm sz L ạ,ptit_group_584397217391365,https://www.facebook.com/groups/584397217391365,2026-10-06T08:59:46.118975+00:00,1101823848982030,source,460,,neutral,ai,ai_labeled,Tìm đồ cỡ L.,low,comment_only_no_parent_or_post_text
1101891655641916,1101754985655583,Làm sao mà cắm đc vào ô đấy vậy,ptit_group_584397217391365,https://www.facebook.com/groups/584397217391365,2026-10-06T08:59:46.238179+00:00,1101891655641916,source,465,,neutral,ai,ai_labeled,"Hỏi cách cắm vào ổ đó, chưa có phàn nàn rõ.",medium,comment_only_no_parent_or_post_text
1101968828967532,1101911375639944,Vào cả 2 trải nghiệm thử đi em bên nào hợp hơn thì ở lại bên đó.,ptit_group_584397217391365,https://www.facebook.com/groups/584397217391365,2026-10-06T08:59:46.282582+00:00,1101968828967532,source,468,,neutral,ai,ai_labeled,Khuyên trải nghiệm hai bên rồi chọn phù hợp.,low,comment_only_no_parent_or_post_text
1101981168966298,1101911375639944,Aim HB nhé,ptit_group_584397217391365,https://www.facebook.com/groups/584397217391365,2026-10-06T08:59:46.282582+00:00,1101981168966298,source,469,,neutral,ai,ai_labeled,Nhắc mục tiêu học bổng.,low,comment_only_no_parent_or_post_text
1101989288965486,1101918592305889,inb acc chính của tôi Nguyên Phong,ptit_group_584397217391365,https://www.facebook.com/groups/584397217391365,2026-10-06T08:59:45.410004+00:00,1101989288965486,source,470,,neutral,ai,ai_labeled,Hướng dẫn inbox tài khoản chính.,low,comment_only_no_parent_or_post_text
1101992855631796,1101911375639944,mình chọn CLB,ptit_group_584397217391365,https://www.facebook.com/groups/584397217391365,2026-10-06T08:59:46.282582+00:00,1101992855631796,source,471,,neutral,ai,ai_labeled,Nêu lựa chọn câu lạc bộ.,low,comment_only_no_parent_or_post_text
1102000528964362,1101911375639944,Hãy vào liên chi đoàn nhé mà cụ thể hơn là Liên Chi Đoàn khoa Quản trị kinh doanh 1 bạn nhé,ptit_group_584397217391365,https://www.facebook.com/groups/584397217391365,2026-10-06T08:59:46.282582+00:00,1102000528964362,source,473,,neutral,ai,ai_labeled,Gợi ý vào liên chi đoàn một khoa.,low,comment_only_no_parent_or_post_text
1102004362297312,1101918592305889,Dạ e muốn tâm sự nói chuyện tại ngoại hình không oke lúm,ptit_group_584397217391365,https://www.facebook.com/groups/584397217391365,2026-10-06T08:59:45.410004+00:00,1102004362297312,source,474,,negative,ai,ai_labeled,Tự đánh giá ngoại hình không ổn và muốn tâm sự.,medium,comment_only_no_parent_or_post_text
1102015475629534,1101918592305889,Ib mình ạ Huy Kiên Phạm,ptit_group_584397217391365,https://www.facebook.com/groups/584397217391365,2026-10-06T08:59:45.410004+00:00,1102015475629534,source,475,,neutral,ai,ai_labeled,Mời inbox.,low,comment_only_no_parent_or_post_text
1102029098961505,1101918592305889,Minh Lee bạn tôi kìa,ptit_group_584397217391365,https://www.facebook.com/groups/584397217391365,2026-10-06T08:59:45.410004+00:00,1102029098961505,source,476,,neutral,ai,ai_labeled,Nhận ra bạn được nhắc.,low,comment_only_no_parent_or_post_text
1102041785626903,1101911375639944,LCĐ nhé,ptit_group_584397217391365,https://www.facebook.com/groups/584397217391365,2026-10-06T08:59:46.282582+00:00,1102041785626903,source,477,,neutral,ai,ai_labeled,Gợi ý lựa chọn liên chi đoàn.,low,comment_only_no_parent_or_post_text
1102044432293305,1101911375639944,"- LCĐ chịu qly của Khoa, nên số ít các hoạt động chuyên môn, sẽ tập trung vào các hoạt động, sự kiện cho Khoa",ptit_group_584397217391365,https://www.facebook.com/groups/584397217391365,2026-10-06T08:59:46.282582+00:00,1102044432293305,source,478,,neutral,ai,ai_labeled,Mô tả đơn vị quản lý và hoạt động liên chi đoàn.,low,comment_only_no_parent_or_post_text
1102079062289842,1101911375639944,"=))) Tuỳ mục tiêu nhé, hữu duyên thì trong CLB có thể kết nối được nhiều mqh bên ngoài hơn trong trường, được va vấp nhiều và biết nhiều thứ hơn ở ngoài trường. Còn LCĐ vào thì hỗ trợ học tập ổn hơn nma hầu hết gắn nhiều với học viện nhé.",ptit_group_584397217391365,https://www.facebook.com/groups/584397217391365,2026-10-06T08:59:46.282582+00:00,1102079062289842,source,481,,neutral,ai,ai_labeled,"So sánh lợi ích CLB và LCĐ theo mục tiêu, không một thái độ trội.",medium,comment_only_no_parent_or_post_text
1102084175622664,1101918592305889,Tran Anh Quan cực tử tế,ptit_group_584397217391365,https://www.facebook.com/groups/584397217391365,2026-10-06T08:59:45.410004+00:00,1102084175622664,source,483,,positive,ai,ai_labeled,Khen người khác cực tử tế.,low,comment_only_no_parent_or_post_text
1102152688949146,1101848378979577,Bảo bác lí do xong có giấy tờ xe thì đưa bác + 5k là bác cho ra,ptit_group_584397217391365,https://www.facebook.com/groups/584397217391365,2026-10-06T08:59:46.261096+00:00,1102152688949146,source,485,,neutral,ai,ai_labeled,Hướng dẫn giải trình với bảo vệ và xuất trình giấy tờ.,low,comment_only_no_parent_or_post_text
1102153115615770,1101918592305889,ib Truong Van Khanh Du,ptit_group_584397217391365,https://www.facebook.com/groups/584397217391365,2026-10-06T08:59:45.410004+00:00,1102153115615770,source,486,,neutral,ai,ai_labeled,Mời nhắn riêng với người được tag.,low,comment_only_no_parent_or_post_text
1102208475610234,1098943375936744,"Học ik 
.",ptit_group_584397217391365,https://www.facebook.com/groups/584397217391365,2026-10-06T08:59:45.763316+00:00,1102208475610234,source,487,,neutral,ai,ai_labeled,"Khuyên học, không khen/chê cụ thể.",low,comment_only_no_parent_or_post_text
1102221198942295,1101911375639944,LCĐ ở đâu thế mng...,ptit_group_584397217391365,https://www.facebook.com/groups/584397217391365,2026-10-06T08:59:46.282582+00:00,1102221198942295,source,488,possible_truncation_or_deliberate_ellipsis,neutral,ai,ai_labeled,"Hỏi nơi LCĐ, dấu ba chấm cần kiểm tra nội dung bị cắt.",high,comment_only_no_parent_or_post_text
1102380508926364,1100776172420131,Em mát cccd thì em có tích hợp VNeID được không ạ,ptit_group_584397217391365,https://www.facebook.com/groups/584397217391365,2026-10-06T08:59:45.909409+00:00,1102380508926364,source,490,,neutral,ai,ai_labeled,Hỏi tích hợp định danh khi mất giấy tờ.,low,comment_only_no_parent_or_post_text
1102475365583545,1098042859360129,còn k b mk 2 slot vs,ptit_group_584397217391365,https://www.facebook.com/groups/584397217391365,2026-10-06T08:59:45.718278+00:00,1102475365583545,source,491,,neutral,ai,ai_labeled,Hỏi còn hai chỗ không.,low,comment_only_no_parent_or_post_text
1102522275578854,1102509638913451,còn b nào cs nhu cầu đổi size L sang M ib mình nhé,ptit_group_584397217391365,https://www.facebook.com/groups/584397217391365,2026-10-06T08:59:45.432284+00:00,1102522275578854,source,493,,neutral,ai,ai_labeled,Tìm người đổi kích cỡ đồ.,low,comment_only_no_parent_or_post_text
1102550468909368,1102495325581549,Do thằng Minh Long Hà Nguyễn nó chạy tool auto nộp để cày thuê làm sập sv :))),ptit_group_584397217391365,https://www.facebook.com/groups/584397217391365,2026-10-06T08:59:46.398088+00:00,1102550468909368,source,499,,negative,ai,ai_labeled,"Đổ lỗi chạy tool làm sập máy chủ, cười không xóa sự phàn nàn.",medium,comment_only_no_parent_or_post_text
1102550518909363,1102495325581549,Code chạy 1 tiếng rưỡi r chưa xong =))),ptit_group_584397217391365,https://www.facebook.com/groups/584397217391365,2026-10-06T08:59:46.398088+00:00,1102550518909363,source,500,,negative,ai,ai_labeled,Than code chạy lâu chưa xong kèm cười.,medium,comment_only_no_parent_or_post_text
1102563978908017,1102485322249216,"Lms là video bài giảng thôi, xem lúc nào cũng được không cần đúng lịch nhưng phải xem hết trước hạn, k xem đủ video thì bị trừ vào điểm chuyên cần",ptit_group_584397217391365,https://www.facebook.com/groups/584397217391365,2026-10-06T08:59:46.375307+00:00,1102563978908017,source,501,,neutral,ai,ai_labeled,Giải thích cách xem LMS và ảnh hưởng chuyên cần.,low,comment_only_no_parent_or_post_text
1102583185572763,1102509638913451,rep ib ạ,ptit_group_584397217391365,https://www.facebook.com/groups/584397217391365,2026-10-06T08:59:45.432284+00:00,1102583185572763,source,503,,neutral,ai,ai_labeled,Nhờ trả lời inbox.,low,comment_only_no_parent_or_post_text
1102621525568929,1102112552286493,Mình lấy Áo polo đỏ size XL :0375799503,ptit_group_584397217391365,https://www.facebook.com/groups/584397217391365,2026-10-06T08:59:45.294563+00:00,1102621525568929,source,505,,neutral,ai,ai_labeled,Đề nghị lấy áo cỡ XL kèm liên hệ.,low,comment_only_no_parent_or_post_text
1102682865562795,1102112552286493,Bomber áo tặng pass lmj,ptit_group_584397217391365,https://www.facebook.com/groups/584397217391365,2026-10-06T08:59:45.294563+00:00,1102682865562795,source,510,,neutral,ai,ai_labeled,"Hỏi lý do bán áo được tặng, chưa chê rõ.",medium,comment_only_no_parent_or_post_text
1102737542223994,1102679812229767,"Tuỳ ngành với dự định mục tiêu tương lai chớ, b học ngành j",ptit_group_584397217391365,https://www.facebook.com/groups/584397217391365,2026-10-06T08:59:45.294563+00:00,1102737542223994,source,522,,neutral,ai,ai_labeled,Hỏi ngành để tư vấn theo mục tiêu.,low,comment_only_no_parent_or_post_text
1102808605550221,1102495325581549,"Nguyễn Thành Đạt code ít thôi, sập cả web rồi kìa",ptit_group_584397217391365,https://www.facebook.com/groups/584397217391365,2026-10-06T08:59:46.398088+00:00,1102808605550221,source,523,,negative,ai,ai_labeled,"Nhắc code làm sập web bằng giọng đùa, cần rà mỉa mai.",high,comment_only_no_parent_or_post_text
1102820258882389,1101754985655583,Đoán vội ổ cắm dùng để lắp camera hoặc máy chiếu,ptit_group_584397217391365,https://www.facebook.com/groups/584397217391365,2026-10-06T08:59:46.238179+00:00,1102820258882389,source,524,,neutral,ai,ai_labeled,Phỏng đoán mục đích ổ cắm.,low,comment_only_no_parent_or_post_text
1102869822210766,1102509638913451,Mình đổi được ròii nha,ptit_group_584397217391365,https://www.facebook.com/groups/584397217391365,2026-10-06T08:59:45.432284+00:00,1102869822210766,source,527,,positive,ai,ai_labeled,Thông báo đã đổi thành công bằng cách nói vui.,medium,comment_only_no_parent_or_post_text
1102949308869484,1102114202286328,mình đang có nhóm học cô kim dung b muốn share cùng ib nha,ptit_group_584397217391365,https://www.facebook.com/groups/584397217391365,2026-10-06T08:59:46.351265+00:00,1102949308869484,source,532,,neutral,ai,ai_labeled,Mời chia sẻ nhóm đang học.,low,comment_only_no_parent_or_post_text
1102950912202657,1102863968878018,thầy này ổn á dạy từ nền t thấy dạy k quá nhanh á Thầy Giáp,ptit_group_584397217391365,https://www.facebook.com/groups/584397217391365,2026-10-06T08:59:45.553591+00:00,1102950912202657,source,533,,positive,ai,ai_labeled,Khen thầy dạy từ nền và nhịp độ phù hợp.,low,comment_only_no_parent_or_post_text
1102970508867364,1102863968878018,"T đang học bên hiền nhung nè b, t thấy dạy OK lắm, theo sát học sinh mà cũng đảm bảo chất lượng lắm nhé, giá cũng hssv nữa. T đang còn 1 slot được giảm giá học đó, b qtam thì ib mình nhe",ptit_group_584397217391365,https://www.facebook.com/groups/584397217391365,2026-10-06T08:59:45.553591+00:00,1102970508867364,source,534,possible_advertisement_not_automatic_exclusion,positive,ai,ai_labeled,"Khen chất lượng và theo sát, kèm slot giảm giá cần rà quảng cáo.",high,comment_only_no_parent_or_post_text
1102983112199437,1102878552209893,"Aptis, Toeic, IELTS là các bạn hay thi nè",ptit_group_584397217391365,https://www.facebook.com/groups/584397217391365,2026-10-06T08:59:46.473764+00:00,1102983112199437,source,535,,neutral,ai,ai_labeled,Nêu chứng chỉ mọi người thường thi.,low,comment_only_no_parent_or_post_text
1102989235532158,1102740898890325,"Aptis b nhé , học xong rồi thư thả học toeic thôi , học toeic sớm thì k dc hợp lya lắm",ptit_group_584397217391365,https://www.facebook.com/groups/584397217391365,2026-10-06T08:59:45.294563+00:00,1102989235532158,source,537,,neutral,ai,ai_labeled,Khuyên trình tự học Aptis rồi TOEIC.,low,comment_only_no_parent_or_post_text
1102990828865332,1102694118895003,Còn Đội Thanh Niên Vận Động Hiến Máu Học Viện Công Nghệ Bưu Chính Viễn Thông đang mở đợt 2 nè đến 3/9 là đóng đơn rùi,ptit_group_584397217391365,https://www.facebook.com/groups/584397217391365,2026-10-06T08:59:46.563102+00:00,1102990828865332,source,539,,neutral,ai,ai_labeled,Thông báo hạn đơn đợt hai.,low,comment_only_no_parent_or_post_text
1103005685530513,1102863968878018,T học The Toeic Lab thấy oke lắm,ptit_group_584397217391365,https://www.facebook.com/groups/584397217391365,2026-10-06T08:59:45.552611+00:00,1103005685530513,source,540,,positive,ai,ai_labeled,Đánh giá nơi đang học ổn.,low,comment_only_no_parent_or_post_text
1103023262195422,1102694118895003,có Đội Thanh Niên Vận Động Hiến Máu Học Viện Công Nghệ Bưu Chính Viễn Thông nhaaaaaa,ptit_group_584397217391365,https://www.facebook.com/groups/584397217391365,2026-10-06T08:59:46.563102+00:00,1103023262195422,source,541,,neutral,ai,ai_labeled,Nêu có câu lạc bộ hoặc đơn vị.,low,comment_only_no_parent_or_post_text
1103027582194990,1102694118895003,CLB Kinh doanh số PTIT - PTIT DBC đang gia hạn đó,ptit_group_584397217391365,https://www.facebook.com/groups/584397217391365,2026-10-06T08:59:46.561770+00:00,1103027582194990,source,542,,neutral,ai,ai_labeled,Thông báo câu lạc bộ gia hạn.,low,comment_only_no_parent_or_post_text
1103028305528251,1102863968878018,Sau kiểu gì chả thi ở IIG thì học luôn ở đó sẽ lợi nhiều cái về học và thi được hỗ trợ đăng ký thi luôn ấy,ptit_group_584397217391365,https://www.facebook.com/groups/584397217391365,2026-10-06T08:59:45.553591+00:00,1103028305528251,source,543,,positive,ai,ai_labeled,Khuyến nghị học tại đơn vị thi vì có hỗ trợ và lợi ích.,medium,comment_only_no_parent_or_post_text
1103064738857941,1102694118895003,nếu e quan tâm có thể đăng ký CLB Kinh doanh số PTIT - PTIT DBC nhaa,ptit_group_584397217391365,https://www.facebook.com/groups/584397217391365,2026-10-06T08:59:46.563102+00:00,1103064738857941,source,544,,neutral,ai,ai_labeled,Mời đăng ký câu lạc bộ nếu quan tâm.,low,comment_only_no_parent_or_post_text
1103069765524105,1102863968878018,Có ai hc ở toeic thầy Long rồi k cho e xin rv với ạ,ptit_group_584397217391365,https://www.facebook.com/groups/584397217391365,2026-10-06T08:59:45.553591+00:00,1103069765524105,source,545,,neutral,ai,ai_labeled,Xin review người từng học TOEIC.,low,comment_only_no_parent_or_post_text
1103084082189340,1102640192233729,"Nếu bạn chia sẻ về trường về Khoa thì ghi như tên mục đó “tuyên truyền …” hoặc ủng hộ người nghèo , đường dẫn thì không bắt buộc => bỏ trống",ptit_group_584397217391365,https://www.facebook.com/groups/584397217391365,2026-10-06T08:59:46.425798+00:00,1103084082189340,source,546,,neutral,ai,ai_labeled,Hướng dẫn ghi mục minh chứng và để trống đường dẫn.,low,comment_only_no_parent_or_post_text
1103089208855494,1102863968878018,"Học thầy Quân cô Sao Maii đi ạ, ở đây chất lượng xịn, hk viên vượt aim vèo vèo, có bạn aim 700+ nm thi hơn 800+ là bthg ạ",ptit_group_584397217391365,https://www.facebook.com/groups/584397217391365,2026-10-06T08:59:45.553591+00:00,1103089208855494,source,547,,positive,ai,ai_labeled,"Khen chất lượng và vượt mục tiêu, cần rà lời tiếp thị.",high,comment_only_no_parent_or_post_text
1103111332186615,1102809985550083,Ptit có người tốt vậy luôn,ptit_group_584397217391365,https://www.facebook.com/groups/584397217391365,2026-10-06T08:59:45.526592+00:00,1103111332186615,source,550,,positive,ai,ai_labeled,Khen có người tốt nhưng ngạc nhiên có thể mỉa mai.,high,comment_only_no_parent_or_post_text
1103145562183192,1102733815557700,"Ủa mình thấy tkb trống t12 mà nhỉ, mỗi ngành lịch qsu khác nhau à",ptit_group_584397217391365,https://www.facebook.com/groups/584397217391365,2026-10-06T08:59:46.587114+00:00,1103145562183192,source,552,,neutral,ai,ai_labeled,Hỏi lịch quân sự khác nhau theo ngành không.,low,comment_only_no_parent_or_post_text
1103147992182949,1102809985550083,Phật sống :)),ptit_group_584397217391365,https://www.facebook.com/groups/584397217391365,2026-10-06T08:59:45.526592+00:00,1103147992182949,source,553,,positive,ai,ai_labeled,Gọi Phật sống có thể khen lòng tốt hoặc mỉa mai.,high,comment_only_no_parent_or_post_text
1103159122181836,1102863968878018,"IIG là chuẩn nhất em nhé,bên họ là tổ chức thi toeic,em ko nên nghe theo sự thao túng của các seller",ptit_group_584397217391365,https://www.facebook.com/groups/584397217391365,2026-10-06T08:59:45.553591+00:00,1103159122181836,source,555,,positive,ai,ai_labeled,"Khuyến nghị IIG tốt nhất, trọng tâm ủng hộ đơn vị thi.",medium,comment_only_no_parent_or_post_text
1103471695483912,1102809985550083,Là con gái nhưng cũng bị rung động,ptit_group_584397217391365,https://www.facebook.com/groups/584397217391365,2026-10-06T08:59:45.526592+00:00,1103471695483912,source,558,,positive,ai,ai_labeled,Bày tỏ rung động với người khác.,medium,comment_only_no_parent_or_post_text
1103471865483895,1102809985550083,Rung động liền,ptit_group_584397217391365,https://www.facebook.com/groups/584397217391365,2026-10-06T08:59:45.526592+00:00,1103471865483895,source,559,,positive,ai,ai_labeled,Bày tỏ rung động ngay.,medium,comment_only_no_parent_or_post_text
1103533738811041,1102863968878018,Bạn tham khảo bên Toeic SV nhé ạ,ptit_group_584397217391365,https://www.facebook.com/groups/584397217391365,2026-10-06T08:59:45.553591+00:00,1103533738811041,source,561,,neutral,ai,ai_labeled,Gợi ý nơi học không có đánh giá cụ thể.,low,comment_only_no_parent_or_post_text
1103542752143473,1103031298861285,Sk 2.3 là tổng 5d còn tùy mức gpa để tính điểm nữa cứ cho là giỏi và full 1.4 thì chắc dc 83d cộng với 4d ban cán sự hay gì nữa,ptit_group_584397217391365,https://www.facebook.com/groups/584397217391365,2026-10-06T08:59:45.595380+00:00,1103542752143473,source,563,,neutral,ai,ai_labeled,Hướng dẫn tính điểm rèn luyện.,low,comment_only_no_parent_or_post_text
1103543002143448,1079460884551660,mik cs sẵn size S muốn đổi sang size M ạ,ptit_group_584397217391365,https://www.facebook.com/groups/584397217391365,2026-10-06T08:59:45.319598+00:00,1103543002143448,source,564,,neutral,ai,ai_labeled,Đề nghị đổi kích cỡ S sang M.,low,comment_only_no_parent_or_post_text
1103544715476610,1103031298861285,"ko đi sk nào, gpa giỏi dc 83",ptit_group_584397217391365,https://www.facebook.com/groups/584397217391365,2026-10-06T08:59:45.595380+00:00,1103544715476610,source,565,,neutral,ai,ai_labeled,Nêu điểm khi không tham gia sự kiện.,low,comment_only_no_parent_or_post_text
1103551532142595,1102863968878018,Tôi pass khoa học toeic cô mai phương 4 kỹ năng,ptit_group_584397217391365,https://www.facebook.com/groups/584397217391365,2026-10-06T08:59:45.553591+00:00,1103551532142595,source,566,,neutral,ai,ai_labeled,"Chào bán lại khóa học, cần rà phạm vi quảng cáo và giao dịch cá nhân.",high,comment_only_no_parent_or_post_text
1103573115473770,1099812649183150,Có thấy ltr lớp mình nhắn r,ptit_group_584397217391365,https://www.facebook.com/groups/584397217391365,2026-10-06T08:59:45.339521+00:00,1103573115473770,source,568,,neutral,ai,ai_labeled,Thông báo đã thấy lớp trưởng nhắn.,low,comment_only_no_parent_or_post_text
1103584218805993,1102509638913451,Mình nè bạn ơi,ptit_group_584397217391365,https://www.facebook.com/groups/584397217391365,2026-10-06T08:59:45.432284+00:00,1103584218805993,source,571,,neutral,ai,ai_labeled,Tự nhận mình phù hợp nhưng cần câu trước để biết việc gì.,high,comment_only_no_parent_or_post_text
1103590415472040,1103396608824754,mình có đọc dc cmt là từ khóa 2024 2025 trở đi là không lấy bằng đổi đầu ra bằng aptis nữa còn muốn biết chắc chắn phải hỏi bên cô Chu Phương Hiền về bên mhmt đổi điểm,ptit_group_584397217391365,https://www.facebook.com/groups/584397217391365,2026-10-06T08:59:46.611735+00:00,1103590415472040,source,573,,neutral,ai,ai_labeled,Thuật lại thông tin chưa chắc và khuyên hỏi người phụ trách.,low,comment_only_no_parent_or_post_text
1103591785471903,1103031298861285,"Khai báo minh chứng, công tác xã hội + họp lớp đủ là 80+ r(ko cần đi sự kiện)",ptit_group_584397217391365,https://www.facebook.com/groups/584397217391365,2026-10-06T08:59:45.595380+00:00,1103591785471903,source,574,,neutral,ai,ai_labeled,Hướng dẫn đạt điểm rèn luyện bằng khai báo và họp.,low,comment_only_no_parent_or_post_text
1103616618802753,1103031298861285,60 em nhé,ptit_group_584397217391365,https://www.facebook.com/groups/584397217391365,2026-10-06T08:59:45.595380+00:00,1103616618802753,source,575,,neutral,ai,ai_labeled,"Chỉ nêu số điểm, cần câu hỏi gốc.",high,comment_only_no_parent_or_post_text
1103624132135335,1102809985550083,ptit k có ng tốt v đâu âm mưu cả đấy,ptit_group_584397217391365,https://www.facebook.com/groups/584397217391365,2026-10-06T08:59:45.526592+00:00,1103624132135335,source,576,,negative,ai,ai_labeled,"Nghi ngờ không có người tốt và nói âm mưu, có thể trêu.",high,comment_only_no_parent_or_post_text
1103649675466114,1103152278849187,TRR1 vừa code vừa trắc nghiệm,ptit_group_584397217391365,https://www.facebook.com/groups/584397217391365,2026-10-06T08:59:45.294563+00:00,1103649675466114,source,577,,neutral,ai,ai_labeled,Nêu hình thức thi gồm code và trắc nghiệm.,low,comment_only_no_parent_or_post_text
1103702185460863,1103570312140717,Trên 90 bn nhé,ptit_group_584397217391365,https://www.facebook.com/groups/584397217391365,2026-10-06T08:59:46.726074+00:00,1103702185460863,source,578,,neutral,ai,ai_labeled,"Nêu trên chín mươi, thiếu đối tượng nhưng dạng trả lời thông tin.",high,comment_only_no_parent_or_post_text
1103704975460584,1103537495477332,0369652240 b ib mình nhé,ptit_group_584397217391365,https://www.facebook.com/groups/584397217391365,2026-10-06T08:59:46.681903+00:00,1103704975460584,source,579,,neutral,ai,ai_labeled,Cung cấp số liên hệ và mời inbox.,medium,comment_only_no_parent_or_post_text
1103729245458157,1103570312140717,Trên 80 nhé e,ptit_group_584397217391365,https://www.facebook.com/groups/584397217391365,2026-10-06T08:59:46.726074+00:00,1103729245458157,source,580,,neutral,ai,ai_labeled,"Nêu trên tám mươi, cần biết ngưỡng của điều gì.",high,comment_only_no_parent_or_post_text
1103736852124063,1103562658808149,ib mình thử,ptit_group_584397217391365,https://www.facebook.com/groups/584397217391365,2026-10-06T08:59:46.704096+00:00,1103736852124063,source,581,,neutral,ai,ai_labeled,"Mời nhắn thử, không có cảm xúc rõ.",medium,comment_only_no_parent_or_post_text
1103748595456222,1103537495477332,"mình có size XL muốn đổi sang size L, ai có size L để lại sdt mình tự lhe nhe",ptit_group_584397217391365,https://www.facebook.com/groups/584397217391365,2026-10-06T08:59:46.681903+00:00,1103748595456222,source,583,,neutral,ai,ai_labeled,"Tìm người đổi kích cỡ áo, không quảng cáo thương mại rõ.",low,comment_only_no_parent_or_post_text
1103757858788629,1103031298861285,đc nhé thừa,ptit_group_584397217391365,https://www.facebook.com/groups/584397217391365,2026-10-06T08:59:45.595380+00:00,1103757858788629,source,584,,neutral,ai,ai_labeled,Xác nhận đủ nhưng cần điều kiện trong câu trước.,high,comment_only_no_parent_or_post_text
1103758668788548,1103003538864061,này 1.4 hay 2.3 vậy mn,ptit_group_584397217391365,https://www.facebook.com/groups/584397217391365,2026-10-06T08:59:45.294563+00:00,1103758668788548,source,585,,neutral,ai,ai_labeled,Hỏi mục điểm rèn luyện một hay hai.,low,comment_only_no_parent_or_post_text
1103765822121166,1103570312140717,"Gpa giỏi thì 80 drl là có dc xét r nhưng nma tỉ lệ thấp, muốn tỉ lệ cao thì tập trung vào gpa ấy gpa phải cao mới dc hb. Còn cái drl 80 kiếm dễ vcl ra, nào gpa xs thì hẵng tính đến kiếm 90 drl",ptit_group_584397217391365,https://www.facebook.com/groups/584397217391365,2026-10-06T08:59:46.726074+00:00,1103765822121166,source,586,,neutral,ai,ai_labeled,"Giải thích GPA và điểm rèn luyện để xét học bổng, từ tục chỉ nhấn mạnh.",medium,comment_only_no_parent_or_post_text
1103799035451178,1103396608824754,Có em iu,ptit_group_584397217391365,https://www.facebook.com/groups/584397217391365,2026-10-06T08:59:46.611735+00:00,1103799035451178,source,588,,neutral,ai,ai_labeled,"Xác nhận có với cách gọi thân mật, thiếu câu trước.",high,comment_only_no_parent_or_post_text
1103803542117394,1103562658808149,Hieu Quang a này,ptit_group_584397217391365,https://www.facebook.com/groups/584397217391365,2026-10-06T08:59:46.704096+00:00,1103803542117394,source,589,,neutral,ai,ai_labeled,"Chỉ giới thiệu người được tag, cần ngữ cảnh để xem nội dung.",high,comment_only_no_parent_or_post_text
1103821428782272,1102694118895003,Có Đội Thanh Niên Vận Động Hiến Máu Học Viện Công Nghệ Bưu Chính Viễn Thông đang mở đơn tuyển tnv đợt 2 nè em mai là hạn đăng kí roii,ptit_group_584397217391365,https://www.facebook.com/groups/584397217391365,2026-10-06T08:59:46.563102+00:00,1103821428782272,source,591,,neutral,ai,ai_labeled,Thông báo tuyển tình nguyện viên và hạn đăng ký.,low,comment_only_no_parent_or_post_text
1103836935447388,1101918592305889,Vũ Trần siu tình cảm luôn,ptit_group_584397217391365,https://www.facebook.com/groups/584397217391365,2026-10-06T08:59:45.410004+00:00,1103836935447388,source,593,,positive,ai,ai_labeled,Khen người khác tình cảm.,low,comment_only_no_parent_or_post_text
1103873752110373,1103570312140717,"Muốn trên 80 thì ko cần đi sự kiện đâu, họp lớp đủ,+ share 3 bài của trường,ngành up minh chứng, donate hoặc hiến máu 4 lần up minh chứng(donate dễ hơn vì bao nhiêu cũng đc, donate cho hội chữ thập đỏ,các quỹ ủng hộ người nghèo ,bão lũ ...).Khai báo nội/ngoại trú để ko bị trừ 5đ.Làm xong tất cả check xem đủ 30 điểm chưa là đc nhé( vì 50 đ còn lại ở phần svien tự chấm sau này).Nếu lớp chưa họp đủ thì bạn cứ căn như này 1 buổi 1 điểm, 2 buổi 3 đ , 3 buổi 5 đ nhé",ptit_group_584397217391365,https://www.facebook.com/groups/584397217391365,2026-10-06T08:59:46.726074+00:00,1103873752110373,source,594,,neutral,ai,ai_labeled,Hướng dẫn chi tiết tính điểm rèn luyện và minh chứng.,low,comment_only_no_parent_or_post_text
1103902125440869,1100855755745506,"Có b nào làm rơi kh ạ, nhờ các b share giúp mình. Mong b làm rơi sớm nhận lại được tiền ạ",ptit_group_584397217391365,https://www.facebook.com/groups/584397217391365,2026-10-06T08:59:45.383194+00:00,1103902125440869,source,596,,positive,ai,ai_labeled,Thiện chí nhờ chia sẻ và mong người mất nhận lại tiền.,medium,comment_only_no_parent_or_post_text
1103907788773636,1102809985550083,phật bà quan âm à,ptit_group_584397217391365,https://www.facebook.com/groups/584397217391365,2026-10-06T08:59:45.526592+00:00,1103907788773636,source,597,,positive,ai,ai_labeled,"Ví người khác với Phật bà, cần kiểm tra lời khen hay trêu.",high,comment_only_no_parent_or_post_text
1103954995435582,1103562658808149,Nữ thì free,ptit_group_584397217391365,https://www.facebook.com/groups/584397217391365,2026-10-06T08:59:46.704096+00:00,1103954995435582,source,598,,neutral,ai,ai_labeled,"Nêu miễn phí cho nữ, cần ngữ cảnh để phân biệt đùa/quảng cáo.",high,comment_only_no_parent_or_post_text
1103966452101103,1103823305448751,Chắc thừa giấy vẽ voi,ptit_group_584397217391365,https://www.facebook.com/groups/584397217391365,2026-10-06T08:59:45.294563+00:00,1103966452101103,source,599,,negative,ai,ai_labeled,"Chê làm việc không cần thiết bằng thành ngữ, cần rà lời đùa.",high,comment_only_no_parent_or_post_text
1103973238767091,1103774052120343,mình đang có size 8 muốn đổi size 9,ptit_group_584397217391365,https://www.facebook.com/groups/584397217391365,2026-10-06T08:59:46.750075+00:00,1103973238767091,source,600,,neutral,ai,ai_labeled,Tìm người đổi kích cỡ.,low,comment_only_no_parent_or_post_text
1103983075432774,1103944018770013,Aptislingo á bạn,ptit_group_584397217391365,https://www.facebook.com/groups/584397217391365,2026-10-06T08:59:45.294563+00:00,1103983075432774,source,601,,neutral,ai,ai_labeled,Gợi ý một web học.,low,comment_only_no_parent_or_post_text
1103998332097915,1103884905442591,"đúng rùi, t cungc kh đăng ký, chả hiểu sao lại công nợ",ptit_group_584397217391365,https://www.facebook.com/groups/584397217391365,2026-10-06T08:59:46.777859+00:00,1103998332097915,source,602,,negative,ai,ai_labeled,Phàn nàn bị ghi công nợ dù không đăng ký.,low,comment_only_no_parent_or_post_text
1104068538757561,1103823305448751,"Có thể hệ thống lỗi thôi, đã có thông báo ép đóng gì đâu mà nhộn lên",ptit_group_584397217391365,https://www.facebook.com/groups/584397217391365,2026-10-06T08:59:45.294563+00:00,1104068538757561,source,604,,neutral,ai,ai_labeled,Trấn an có thể lỗi hệ thống và chưa buộc đóng tiền; nhắc bớt lo.,medium,comment_only_no_parent_or_post_text
1104073548757060,1103884905442591,t cũng có đùa trường định bú thêm mấy trăm à,ptit_group_584397217391365,https://www.facebook.com/groups/584397217391365,2026-10-06T08:59:46.777859+00:00,1104073548757060,source,605,,negative,ai,ai_labeled,"Nghi trường thu thêm tiền qua cách nói đùa bú thêm, cần rà mỉa mai.",high,comment_only_no_parent_or_post_text
1104076592090089,1103721265458955,Tưởng áo gió ptit mk quên ở 602 cơ,ptit_group_584397217391365,https://www.facebook.com/groups/584397217391365,2026-10-06T08:59:45.615087+00:00,1104076592090089,source,606,,neutral,ai,ai_labeled,"Nhầm tưởng áo mình để quên, không cảm xúc rõ.",low,comment_only_no_parent_or_post_text
1104080932089655,1103944018770013,Lên B1 thì dễ B2 thì hơi khó hơn 1 chút á,ptit_group_584397217391365,https://www.facebook.com/groups/584397217391365,2026-10-06T08:59:45.294563+00:00,1104080932089655,source,607,,neutral,ai,ai_labeled,"So sánh độ khó B1/B2, thiên thông tin.",medium,comment_only_no_parent_or_post_text
1104111628753252,1103692652128483,"Nhắn c nha 
C trượt 14 tín trên trg",ptit_group_584397217391365,https://www.facebook.com/groups/584397217391365,2026-10-06T08:59:45.294563+00:00,1104111628753252,source,608,,neutral,ai,ai_labeled,"Đề nghị nhắn và nêu số tín trượt, chưa rõ tự trào hay phàn nàn.",high,comment_only_no_parent_or_post_text
1104152562082492,1103428922154856,Đang cho tập miễn phí á,ptit_group_584397217391365,https://www.facebook.com/groups/584397217391365,2026-10-06T08:59:46.636365+00:00,1104152562082492,source,609,,neutral,ai,ai_labeled,Thông báo đang tập miễn phí.,low,comment_only_no_parent_or_post_text
1104202205410861,1103692652128483,aptis nó nhẹ hơn toeic ấy bạn,ptit_group_584397217391365,https://www.facebook.com/groups/584397217391365,2026-10-06T08:59:45.294563+00:00,1104202205410861,source,611,,neutral,ai,ai_labeled,"So sánh Aptis nhẹ hơn TOEIC, thiên tư vấn.",medium,comment_only_no_parent_or_post_text
1104415505389531,1103692652128483,"Mình đang ghép nhóm dki học Aptis nè 
Ib nha 🫶",ptit_group_584397217391365,https://www.facebook.com/groups/584397217391365,2026-10-06T08:59:45.294563+00:00,1104415505389531,source,613,,neutral,ai,ai_labeled,"Rủ ghép nhóm học, emoji thân thiện không tự biến thành khen.",low,comment_only_no_parent_or_post_text
1104438888720526,1103152278849187,30 câu trắc nghiệm và 3 bài code nhé em,ptit_group_584397217391365,https://www.facebook.com/groups/584397217391365,2026-10-06T08:59:45.294563+00:00,1104438888720526,source,614,,neutral,ai,ai_labeled,Nêu cấu trúc đề thi.,low,comment_only_no_parent_or_post_text
1104460398718375,1103428922154856,Tham gia giải vật tay đi bn 1/11,ptit_group_584397217391365,https://www.facebook.com/groups/584397217391365,2026-10-06T08:59:46.636365+00:00,1104460398718375,source,616,,neutral,ai,ai_labeled,Mời tham gia giải vật tay và nêu ngày.,low,comment_only_no_parent_or_post_text
1104494732048275,1104396045391477,"Như trong code ptit thôi e , code nhiều là dc",ptit_group_584397217391365,https://www.facebook.com/groups/584397217391365,2026-10-06T08:59:45.294563+00:00,1104494732048275,source,617,,neutral,ai,ai_labeled,Hướng dẫn luyện code theo bài có sẵn.,low,comment_only_no_parent_or_post_text
1104512938713121,1104216348742780,Talkshow thường 1.4,ptit_group_584397217391365,https://www.facebook.com/groups/584397217391365,2026-10-06T08:59:45.294563+00:00,1104512938713121,source,618,,neutral,ai,ai_labeled,Nêu mục tính điểm talkshow.,low,comment_only_no_parent_or_post_text
1104525205378561,1104487465382335,Từ B trở lên,ptit_group_584397217391365,https://www.facebook.com/groups/584397217391365,2026-10-06T08:59:45.656989+00:00,1104525205378561,source,619,,neutral,ai,ai_labeled,"Nêu mức từ B trở lên, thiếu câu hỏi gốc.",high,comment_only_no_parent_or_post_text
1104535738710841,1104491458715269,dạng dp[] nhé,ptit_group_584397217391365,https://www.facebook.com/groups/584397217391365,2026-10-06T08:59:46.802323+00:00,1104535738710841,source,621,,neutral,ai,ai_labeled,Nêu dạng bài quy hoạch động.,low,comment_only_no_parent_or_post_text
1104547692042979,1104487465382335,"Tầm 6-7-8 e nhé , 9+ hiếm",ptit_group_584397217391365,https://www.facebook.com/groups/584397217391365,2026-10-06T08:59:45.656989+00:00,1104547692042979,source,622,,neutral,ai,ai_labeled,Nêu phân bố điểm thường gặp và điểm cao hiếm.,low,comment_only_no_parent_or_post_text
1104616448702770,1104216348742780,đến muộn có được vào kh ạ,ptit_group_584397217391365,https://www.facebook.com/groups/584397217391365,2026-10-06T08:59:45.294563+00:00,1104616448702770,source,623,,neutral,ai,ai_labeled,Hỏi đến muộn có được vào không.,low,comment_only_no_parent_or_post_text
1104639535367128,1103884905442591,Có ph nộp tiền đấy ko v,ptit_group_584397217391365,https://www.facebook.com/groups/584397217391365,2026-10-06T08:59:46.777859+00:00,1104639535367128,source,624,,neutral,ai,ai_labeled,Hỏi có phải nộp tiền không.,low,comment_only_no_parent_or_post_text
1104686752029073,1104533208711094,Khoảng cuối tháng 11 đầu tháng 12 đợi thông báo của trường sẽ thông báo trước 1 tháng chắc sắp thông báo r,ptit_group_584397217391365,https://www.facebook.com/groups/584397217391365,2026-10-06T08:59:46.828326+00:00,1104686752029073,source,626,,neutral,ai,ai_labeled,Ước tính lịch và thời điểm thông báo.,low,comment_only_no_parent_or_post_text
1104692405361841,1103692652128483,"Em học Aptis dễ đạt hơn nhé, inbox mình hỗ trợ bạn",ptit_group_584397217391365,https://www.facebook.com/groups/584397217391365,2026-10-06T08:59:45.294563+00:00,1104692405361841,source,627,,neutral,ai,ai_labeled,"Tư vấn chứng chỉ và mời inbox hỗ trợ, cần rà quảng cáo.",high,comment_only_no_parent_or_post_text
1104712942026454,1104487465382335,Thấp vkl em ạ,ptit_group_584397217391365,https://www.facebook.com/groups/584397217391365,2026-10-06T08:59:45.656989+00:00,1104712942026454,source,628,,negative,ai,ai_labeled,Chê mức thấp bằng lời nhấn mạnh.,medium,comment_only_no_parent_or_post_text
1104719985359083,1103884905442591,K thanh toán là đc -)),ptit_group_584397217391365,https://www.facebook.com/groups/584397217391365,2026-10-06T08:59:46.777859+00:00,1104719985359083,source,629,,neutral,ai,ai_labeled,"Khuyên không thanh toán, không thái độ rõ.",low,comment_only_no_parent_or_post_text
1122243396651503,753328490209664,Người tham gia ẩn danh bạn vay đc chưa ạ,ptit_2k5,https://www.facebook.com/groups/2k5ptit,2026-10-06T08:59:41.986017+00:00,1122243396651503,source,631,,neutral,ai,ai_labeled,Hỏi đã vay được chưa.,low,comment_only_no_parent_or_post_text
1122458626629980,753328490209664,Em là Leader mình chưa bạn ạ,ptit_2k5,https://www.facebook.com/groups/2k5ptit,2026-10-06T08:59:41.986017+00:00,1122458626629980,source,632,,neutral,ai,ai_labeled,Trả lời chưa vay được.,low,comment_only_no_parent_or_post_text
1207538834788625,1074682821407561,Ah /chị thi chưa ạ,ptit_2k5,https://www.facebook.com/groups/2k5ptit,2026-10-06T08:59:42.462392+00:00,1207538834788625,source,634,,neutral,ai,ai_labeled,Hỏi đã thi chưa.,low,comment_only_no_parent_or_post_text
1209698184572690,1013311157544728,Người tham gia ẩn danh 397 có áp dụng vs c c++ và dsa ko bạn,ptit_2k5,https://www.facebook.com/groups/2k5ptit,2026-10-06T08:59:44.889916+00:00,1209698184572690,source,635,,neutral,ai,ai_labeled,Hỏi quy định áp dụng các môn lập trình không.,low,comment_only_no_parent_or_post_text
1229187815957060,1060813139461196,Đinh Tiến Đạt anh owi cho em hỏi là môn này có tính vào gpa hbo k ạ,ptit_2k5,https://www.facebook.com/groups/2k5ptit,2026-10-06T08:59:45.082051+00:00,1229187815957060,source,637,,neutral,ai,ai_labeled,Hỏi môn tính GPA học bổng không.,low,comment_only_no_parent_or_post_text
1229190495956792,1060813139461196,"IndigoPomegranate7068 có em, điểm tương đối cao, B, B+ trở lên chủ yếu",ptit_2k5,https://www.facebook.com/groups/2k5ptit,2026-10-06T08:59:45.082051+00:00,1229190495956792,source,638,,neutral,ai,ai_labeled,Nêu có tính và phân bố điểm tương đối cao.,medium,comment_only_no_parent_or_post_text
1271697968372711,1271679091707932,120k e lấy ko?,ptit_2k5,https://www.facebook.com/groups/2k5ptit,2026-10-06T08:59:41.773215+00:00,1271697968372711,source,639,,neutral,ai,ai_labeled,Báo giá đồ và hỏi có lấy không; giao dịch cá nhân.,low,comment_only_no_parent_or_post_text
1273452264863948,1271679091707932,b còn lấy k,ptit_2k5,https://www.facebook.com/groups/2k5ptit,2026-10-06T08:59:41.773215+00:00,1273452264863948,source,640,,neutral,ai,ai_labeled,Hỏi còn lấy đồ không.,low,comment_only_no_parent_or_post_text
1282472137295294,1282332513975923,trừ d25 đi từ t4-t7 thì năm nay đi giống d24 trở về trước. tầm t11 là đi,ptit_2k5,https://www.facebook.com/groups/2k5ptit,2026-10-06T08:59:41.777690+00:00,1282472137295294,source,642,,neutral,ai,ai_labeled,Cung cấp lịch quân sự theo khóa.,low,comment_only_no_parent_or_post_text
1282881863920988,1282332513975923,"D26 tầm cuối năm nay nhé, nghe bảo tầm tháng 10, 11 muốn biết chuẩn thì xem qldt",ptit_2k5,https://www.facebook.com/groups/2k5ptit,2026-10-06T08:59:41.777690+00:00,1282881863920988,source,643,,neutral,ai,ai_labeled,Ước lịch và hướng dẫn xem quản lý đào tạo.,low,comment_only_no_parent_or_post_text
1285274360348405,1284437817098726,mình pass size M ạ,ptit_2k5,https://www.facebook.com/groups/2k5ptit,2026-10-06T08:59:41.704003+00:00,1285274360348405,source,644,,neutral,ai,ai_labeled,Thông báo bán lại đồ cỡ M; chưa phải quảng cáo dịch vụ.,low,comment_only_no_parent_or_post_text
1286278590247982,1286200346922473,Lê Bảo m à,ptit_2k5,https://www.facebook.com/groups/2k5ptit,2026-10-06T08:59:41.780707+00:00,1286278590247982,source,646,,neutral,ai,ai_labeled,"Hỏi có phải người được tag, thiếu sự việc.",high,comment_only_no_parent_or_post_text
1286352230240618,1286200346922473,Thế mà thấy bảo sẽ mở cổng sau cơ chứ,ptit_2k5,https://www.facebook.com/groups/2k5ptit,2026-10-06T08:59:41.780707+00:00,1286352230240618,source,647,,negative,ai,ai_labeled,"Nêu trái với thông tin được báo trước, bộc lộ hụt hẫng nhẹ.",medium,comment_only_no_parent_or_post_text
1286376903571484,1286200346922473,Buồn. mấy hôm mở đi học tiện vc nhm mấy nay lại khoá roi,ptit_2k5,https://www.facebook.com/groups/2k5ptit,2026-10-06T08:59:41.780707+00:00,1286376903571484,source,648,,negative,ai,ai_labeled,Nói buồn vì cổng tiện đi học lại bị khóa.,low,comment_only_no_parent_or_post_text
1287829430092898,1035972875278556,"Anh/chị có nhớ đề k cho e xin tham khảo với ạ, em xin cảm ơn ạ",ptit_2k5,https://www.facebook.com/groups/2k5ptit,2026-10-06T08:59:42.695733+00:00,1287829430092898,source,649,,neutral,ai,ai_labeled,"Xin đề tham khảo với cảm ơn lịch sự, trọng tâm yêu cầu thông tin.",medium,comment_only_no_parent_or_post_text
1287900880085753,999867612222416,"Người tham gia ẩn danh 504 anh ơi, anh ib em hỏi chút được không ạ ?",ptit_2k5,https://www.facebook.com/groups/2k5ptit,2026-10-06T08:59:42.531290+00:00,1287900880085753,source,650,,neutral,ai,ai_labeled,Nhờ inbox để hỏi.,low,comment_only_no_parent_or_post_text
1290620303147144,1290581349817706,Điểm F thì đăng ký học lại chứ làm gì còn thi lại nữa,ptit_2k5,https://www.facebook.com/groups/2k5ptit,2026-10-06T08:59:41.875417+00:00,1290620303147144,source,659,,neutral,ai,ai_labeled,Giải thích F phải học lại chứ không thi lại.,low,comment_only_no_parent_or_post_text
1290624003146774,1290392239836617,Hữu duyên ib cho ngta đi b,ptit_2k5,https://www.facebook.com/groups/2k5ptit,2026-10-06T08:59:41.802938+00:00,1290624003146774,source,663,,neutral,ai,ai_labeled,Khuyên nhắn người có duyên.,low,comment_only_no_parent_or_post_text
1290642376478270,1290278666514641,nhận o đơ,ptit_2k5,https://www.facebook.com/groups/2k5ptit,2026-10-06T08:59:41.794933+00:00,1290642376478270,source,700,,neutral,ai,ai_labeled,"Thông báo nhận đặt hàng, cần bài gốc để kiểm tra quảng cáo.",medium,comment_only_no_parent_or_post_text
1290662283142946,1290278666514641,Tran Van Anh trả b đi,ptit_2k5,https://www.facebook.com/groups/2k5ptit,2026-10-06T08:59:41.794933+00:00,1290662283142946,source,727,,neutral,ai,ai_labeled,Nhắc trả người khác nhưng không rõ vật gì.,high,comment_only_no_parent_or_post_text
1290670866475421,1290278666514641,"Ra phòng nghỉ của thầy cô xem bạn, lần trước đi thực hành quên con chuột mình cũng ra đấy xin lại",ptit_2k5,https://www.facebook.com/groups/2k5ptit,2026-10-06T08:59:41.794933+00:00,1290670866475421,source,740,,neutral,ai,ai_labeled,Hướng dẫn hỏi phòng nghỉ giảng viên để tìm đồ.,low,comment_only_no_parent_or_post_text
1290671053142069,1290534989822342,Do mở thêm 1 làn ra vào nữa á. Với các bác bv cũng điều hướng lối vào nữa.,ptit_2k5,https://www.facebook.com/groups/2k5ptit,2026-10-06T08:59:41.812534+00:00,1290671053142069,source,741,,neutral,ai,ai_labeled,Giải thích mở thêm làn và bảo vệ điều hướng.,low,comment_only_no_parent_or_post_text
1290680603141114,1290464959829345,tìm chỗ phòng nghỉ của gv không thấy à bạn,ptit_2k5,https://www.facebook.com/groups/2k5ptit,2026-10-06T08:59:41.804901+00:00,1290680603141114,source,754,,neutral,ai,ai_labeled,Hỏi đã tìm ở phòng nghỉ giảng viên chưa.,low,comment_only_no_parent_or_post_text
1290680716474436,1290373426505165,Ủa có đph rùi hả b,ptit_2k5,https://www.facebook.com/groups/2k5ptit,2026-10-06T08:59:41.799937+00:00,1290680716474436,source,755,,neutral,ai,ai_labeled,Hỏi đã có đồng phục chưa.,low,comment_only_no_parent_or_post_text
1290683679807473,1290526159823225,Em cũng thắc mắc ạ:) s mấy ac bảo toeic 2 kn cũng đc mà trong sổ tay lại ghi phải 4 kĩ năng ý,ptit_2k5,https://www.facebook.com/groups/2k5ptit,2026-10-06T08:59:41.809219+00:00,1290683679807473,source,758,,neutral,ai,ai_labeled,Hỏi khác biệt thông tin TOEIC hai/bốn kỹ năng.,low,comment_only_no_parent_or_post_text
1290684179807423,1290278666514641,Quang Mạnh thất học luôn,ptit_2k5,https://www.facebook.com/groups/2k5ptit,2026-10-06T08:59:41.794933+00:00,1290684179807423,source,759,,negative,ai,ai_labeled,"Chê thất học bằng lời ngắn, cần rà trêu.",high,comment_only_no_parent_or_post_text
1290713676471140,1290645069811334,"Ha Dung Anh bạn ib cho mình, mình mua cho 5 cái mũ dùng dần nhé",ptit_2k5,https://www.facebook.com/groups/2k5ptit,2026-10-06T08:59:41.814571+00:00,1290713676471140,source,773,,neutral,ai,ai_labeled,"Đề nghị mua mũ cho người khác, có thể đùa theo câu chuyện.",high,comment_only_no_parent_or_post_text
1290722379803603,1290645069811334,phòng thủ quá hớ hênh,ptit_2k5,https://www.facebook.com/groups/2k5ptit,2026-10-06T08:59:41.814571+00:00,1290722379803603,source,777,,negative,ai,ai_labeled,"Chê phòng thủ hớ hênh, có thể đùa theo tình huống.",high,comment_only_no_parent_or_post_text
1290730316469476,1290526159823225,2 thoi e,ptit_2k5,https://www.facebook.com/groups/2k5ptit,2026-10-06T08:59:41.809219+00:00,1290730316469476,source,786,,neutral,ai,ai_labeled,"Trả lời chỉ hai, thiếu đối tượng số lượng.",high,comment_only_no_parent_or_post_text
1290737656468742,1290480799827761,"0388120543 b tìm đc chưa ạ , chưa thì lh mình",ptit_2k5,https://www.facebook.com/groups/2k5ptit,2026-10-06T08:59:41.872412+00:00,1290737656468742,source,789,,neutral,ai,ai_labeled,Hỏi tìm được chưa và cung cấp liên hệ giúp.,medium,comment_only_no_parent_or_post_text
1290739726468535,1290684846474023,TralaleloTralala666 e thấy trống từ giữa tháng 12 đến sang năm sau luôn vậy là đi học qsu r e học kì 2 đúng không ạ,ptit_2k5,https://www.facebook.com/groups/2k5ptit,2026-10-06T08:59:41.878412+00:00,1290739726468535,source,790,,neutral,ai,ai_labeled,Hỏi suy luận lịch quân sự rồi học kỳ hai.,low,comment_only_no_parent_or_post_text
1290740316468476,1290278666514641,"Cứ đi hỏi ở các phòng nghỉ í, nhất là tầng 1",ptit_2k5,https://www.facebook.com/groups/2k5ptit,2026-10-06T08:59:41.794933+00:00,1290740316468476,source,791,,neutral,ai,ai_labeled,Hướng dẫn tìm đồ ở các phòng nghỉ.,low,comment_only_no_parent_or_post_text
1290763896466118,1290645069811334,Theo kinh nghiệm của mình thì mua mũ đắt 1 chút người ta hay lấy mũ rẻ vì túng quẫn thôi hoặc vì sống chó,ptit_2k5,https://www.facebook.com/groups/2k5ptit,2026-10-06T08:59:41.814571+00:00,1290763896466118,source,797,,negative,ai,ai_labeled,Chê người lấy mũ và tư vấn mua mũ đắt.,medium,comment_only_no_parent_or_post_text
1290768079799033,1290534989822342,Vấn đề lỏ nhất là cái dốc,ptit_2k5,https://www.facebook.com/groups/2k5ptit,2026-10-06T08:59:41.812534+00:00,1290768079799033,source,801,,negative,ai,ai_labeled,Chê dốc là vấn đề tệ nhất.,low,comment_only_no_parent_or_post_text
1290776846464823,1290645069811334,không lạ gì t đã 3 cái rồi,ptit_2k5,https://www.facebook.com/groups/2k5ptit,2026-10-06T08:59:41.814571+00:00,1290776846464823,source,806,,negative,ai,ai_labeled,"Nói đã bị mất nhiều lần, thiên phàn nàn trải nghiệm.",medium,comment_only_no_parent_or_post_text
1290797509796090,1290645069811334,con chó nào ngtrc bảo bố m đ chịu bỏ cốp nên mất mũ ???,ptit_2k5,https://www.facebook.com/groups/2k5ptit,2026-10-06T08:59:41.814571+00:00,1290797509796090,source,811,,negative,ai,ai_labeled,"Phàn nàn bị trách chuyện mất mũ, ngôn từ gay gắt có thể đùa bạn.",high,comment_only_no_parent_or_post_text
1290810503128124,1290534989822342,Ý thức để xe vẫn chán lắm.,ptit_2k5,https://www.facebook.com/groups/2k5ptit,2026-10-06T08:59:41.812534+00:00,1290810503128124,source,814,,negative,ai,ai_labeled,Chê ý thức để xe.,low,comment_only_no_parent_or_post_text
1290822379793603,1290534989822342,người ta đang khen thì chả thấy ai công nhận. Chỉ toàn thấy bới lông tìm vết. Đúng 23₫,ptit_2k5,https://www.facebook.com/groups/2k5ptit,2026-10-06T08:59:41.812534+00:00,1290822379793603,source,817,,negative,ai,ai_labeled,Chê người khác bới lông tìm vết thay vì công nhận lời khen.,low,comment_only_no_parent_or_post_text
1290871866455321,1290647409811100,"Sân 686 Chiến Thắng, Quân Lưu Badminton ,...",ptit_2k5,https://www.facebook.com/groups/2k5ptit,2026-10-06T08:59:41.817534+00:00,1290871866455321,source,825,possible_truncation_or_deliberate_ellipsis,neutral,ai,ai_labeled,Nêu địa điểm sân nhưng dấu ba chấm có thể bị cắt.,high,comment_only_no_parent_or_post_text
1290920189783822,1288846446657863,wtf thể chất bắt buộc mà,ptit_2k5,https://www.facebook.com/groups/2k5ptit,2026-10-06T08:59:41.786134+00:00,1290920189783822,source,829,,neutral,ai,ai_labeled,"Đính chính thể chất bắt buộc, cảm thán tục không tự thành tiêu cực.",medium,comment_only_no_parent_or_post_text
1290952889780552,1290645069811334,"thằng cu nào nhảy mũ trả đi, động đến người LC t không ngon đâu",ptit_2k5,https://www.facebook.com/groups/2k5ptit,2026-10-06T08:59:41.814571+00:00,1290952889780552,source,833,,negative,ai,ai_labeled,Phẫn nộ người lấy mũ và yêu cầu trả.,medium,comment_only_no_parent_or_post_text
1291088486433659,1290484193160755,Có test thì vx có điểm,ptit_2k5,https://www.facebook.com/groups/2k5ptit,2026-10-06T08:59:41.807253+00:00,1291088486433659,source,836,,neutral,ai,ai_labeled,Giải thích có test thì có điểm.,low,comment_only_no_parent_or_post_text
1291103389765502,1290534989822342,"Đi học 7h sáng đi sớm ko được để ở ngoài phải vào nhà 4 tầng, lúc về bao nhiêu lối đi là bị mấy xe đến sau chắn hết",ptit_2k5,https://www.facebook.com/groups/2k5ptit,2026-10-06T08:59:41.812534+00:00,1291103389765502,source,837,,negative,ai,ai_labeled,Phàn nàn lối lấy xe bị người đến sau chắn hết.,low,comment_only_no_parent_or_post_text
1291103763098798,1291010089774832,"Sợ cđj , tôi d26 nghỉ đủ th kiểu 3 hôm nghỉ mà bị vướng 1 lịch tôi nghỉ luôn",ptit_2k5,https://www.facebook.com/groups/2k5ptit,2026-10-06T08:59:41.840195+00:00,1291103763098798,source,838,,neutral,ai,ai_labeled,"Chia sẻ cách nghỉ buổi vướng lịch, từ tục chỉ nhấn mạnh.",medium,comment_only_no_parent_or_post_text
1291110319764809,1290774603131714,"Kh phải đâu, lịch thi đấy",ptit_2k5,https://www.facebook.com/groups/2k5ptit,2026-10-06T08:59:41.827021+00:00,1291110319764809,source,839,,neutral,ai,ai_labeled,Đính chính đó là lịch thi.,low,comment_only_no_parent_or_post_text
1291111956431312,1291010089774832,"Nghỉ đi b, đi học đủ cũng có theo kịp đâu mà",ptit_2k5,https://www.facebook.com/groups/2k5ptit,2026-10-06T08:59:41.840195+00:00,1291111956431312,source,840,,negative,ai,ai_labeled,"Đánh giá đi học đủ cũng không theo kịp, có thể mỉa mai.",high,comment_only_no_parent_or_post_text
1291118666430641,1291010089774832,Năm nhất đko =)),ptit_2k5,https://www.facebook.com/groups/2k5ptit,2026-10-06T08:59:41.840195+00:00,1291118666430641,source,841,,neutral,ai,ai_labeled,"Hỏi năm nhất, tiếng cười chưa biểu thị sắc thái rõ.",medium,comment_only_no_parent_or_post_text
1291119899763851,1291010089774832,kiến thức lúc nào t cx cuối kì mới xách đít ôn,ptit_2k5,https://www.facebook.com/groups/2k5ptit,2026-10-06T08:59:41.840195+00:00,1291119899763851,source,842,,neutral,ai,ai_labeled,Kể thường tới cuối kỳ mới ôn.,medium,comment_only_no_parent_or_post_text
1291123343096840,1290774603131714,Lịch thi đó bé =)),ptit_2k5,https://www.facebook.com/groups/2k5ptit,2026-10-06T08:59:41.827021+00:00,1291123343096840,source,843,,neutral,ai,ai_labeled,Giải thích đó là lịch thi.,low,comment_only_no_parent_or_post_text
1291127766429731,1290774603131714,Tháng 11 đã phải đi r á =(((,ptit_2k5,https://www.facebook.com/groups/2k5ptit,2026-10-06T08:59:41.827021+00:00,1291127766429731,source,844,,negative,ai,ai_labeled,"Buồn và ngạc nhiên phải đi quân sự sớm, kèm biểu tượng buồn.",medium,comment_only_no_parent_or_post_text
1291132029762638,1291010089774832,Chắc chắn năm nhất,ptit_2k5,https://www.facebook.com/groups/2k5ptit,2026-10-06T08:59:41.840195+00:00,1291132029762638,source,845,,neutral,ai,ai_labeled,Nhận định người hỏi là năm nhất.,medium,comment_only_no_parent_or_post_text
1291132646429243,1282332513975923,"Học quân sự ở đâu vậy ạ, ko phải học tại trường ạ",ptit_2k5,https://www.facebook.com/groups/2k5ptit,2026-10-06T08:59:41.777690+00:00,1291132646429243,source,846,,neutral,ai,ai_labeled,Hỏi địa điểm học quân sự.,low,comment_only_no_parent_or_post_text
1291133746429133,1290534989822342,"Mấy bạn để xe ý thức chán lắm , để ko còn 1 tý lối đi nào thì mấy người ở trong lấy xe phải dắt hết cả hơi",ptit_2k5,https://www.facebook.com/groups/2k5ptit,2026-10-06T08:59:41.812534+00:00,1291133746429133,source,847,,negative,ai,ai_labeled,Chê ý thức gửi xe và than phải dắt nhiều xe để ra.,low,comment_only_no_parent_or_post_text
1291136526428855,1291010089774832,Hoàng Tuấn Minh lên lớp đánh lq có sợ chậm kt k minh,ptit_2k5,https://www.facebook.com/groups/2k5ptit,2026-10-06T08:59:41.840195+00:00,1291136526428855,source,848,,neutral,ai,ai_labeled,"Trêu chơi game trên lớp có chậm kiến thức không, cần ngữ cảnh.",high,comment_only_no_parent_or_post_text
1291142223094952,1291010089774832,"nghỉ cả kì cũng đc e, có ng điểm danh với thi cho là được",ptit_2k5,https://www.facebook.com/groups/2k5ptit,2026-10-06T08:59:41.840195+00:00,1291142223094952,source,850,,neutral,ai,ai_labeled,"Nói nghỉ cả kỳ nếu có người điểm danh/thi hộ, cần rà đùa; không là lời khen.",high,comment_only_no_parent_or_post_text
1291179459757895,1290774603131714,Đợi thông báo từ trường mới chắc chắn,ptit_2k5,https://www.facebook.com/groups/2k5ptit,2026-10-06T08:59:41.827021+00:00,1291179459757895,source,857,,neutral,ai,ai_labeled,Khuyên đợi thông báo chính thức.,low,comment_only_no_parent_or_post_text
1291180293091145,1290774603131714,Thi cuối kỳ đấy bé,ptit_2k5,https://www.facebook.com/groups/2k5ptit,2026-10-06T08:59:41.827021+00:00,1291180293091145,source,858,,neutral,ai,ai_labeled,Nêu đó là thi cuối kỳ.,low,comment_only_no_parent_or_post_text
1291186839757157,1290778329798008,tư vấn ib :)),ptit_2k5,https://www.facebook.com/groups/2k5ptit,2026-10-06T08:59:41.829021+00:00,1291186839757157,source,859,,neutral,ai,ai_labeled,"Mời inbox tư vấn, tiếng cười không đủ gán tích cực.",medium,comment_only_no_parent_or_post_text
1291189689756872,1291010089774832,Phụ thuộc vào cách cho điểm thành phàn của giáo viên. Nếu ít điểm danh/ ko điểm danh -> nghỉ. Nếu -1 điểm/ giơ tay lấy điểm -> nghỉ cân nhắc. Nếu - nhiều điểm do nhiều tiết cùng lúc -> cân nhắc. Điểm này thường chiếm 10% tức là mất 3đ -> tổng kết -0.3,ptit_2k5,https://www.facebook.com/groups/2k5ptit,2026-10-06T08:59:41.840195+00:00,1291189689756872,source,860,,neutral,ai,ai_labeled,Phân tích quy tắc điểm danh và ảnh hưởng điểm tổng kết.,low,comment_only_no_parent_or_post_text
1291192946423213,1290774603131714,k đâu bé năm ngoái D25 cx trống lịch tháng 12 y như vậy.,ptit_2k5,https://www.facebook.com/groups/2k5ptit,2026-10-06T08:59:41.827021+00:00,1291192946423213,source,861,,neutral,ai,ai_labeled,Nêu lịch trống không đồng nghĩa đi quân sự dựa năm trước.,low,comment_only_no_parent_or_post_text
1291199199755921,1290778329798008,ủa dki j v bạn,ptit_2k5,https://www.facebook.com/groups/2k5ptit,2026-10-06T08:59:41.829021+00:00,1291199199755921,source,864,,neutral,ai,ai_labeled,Hỏi đăng ký gì.,low,comment_only_no_parent_or_post_text
1291205383088636,1290841456458362,Chấm đây r quay lại hy vọng có ai revuew,ptit_2k5,https://www.facebook.com/groups/2k5ptit,2026-10-06T08:59:41.832716+00:00,1291205383088636,source,865,,neutral,ai,ai_labeled,Theo dõi bài để đợi review.,low,comment_only_no_parent_or_post_text
1291205976421910,1290841456458362,Cùng câu hỏi,ptit_2k5,https://www.facebook.com/groups/2k5ptit,2026-10-06T08:59:41.832716+00:00,1291205976421910,source,866,near_duplicate_candidate,neutral,ai,ai_labeled,Nêu có cùng câu hỏi; gần trùng cần rà trước chia.,low,comment_only_no_parent_or_post_text
1291233906419117,1290774603131714,Lịch thi :))),ptit_2k5,https://www.facebook.com/groups/2k5ptit,2026-10-06T08:59:41.827021+00:00,1291233906419117,source,876,,neutral,ai,ai_labeled,"Nêu đây là lịch thi, tiếng cười không đủ đổi nhãn.",low,comment_only_no_parent_or_post_text
1291235749752266,1290841456458362,+1 thắc mắc:))),ptit_2k5,https://www.facebook.com/groups/2k5ptit,2026-10-06T08:59:41.832716+00:00,1291235749752266,source,877,,neutral,ai,ai_labeled,Theo dõi vì cùng thắc mắc.,low,comment_only_no_parent_or_post_text
1291247223084452,1291010089774832,"Nghỉ cả kỳ cũng được, đến lớp có học được bao nhiêu đâu e",ptit_2k5,https://www.facebook.com/groups/2k5ptit,2026-10-06T08:59:41.840195+00:00,1291247223084452,source,880,,negative,ai,ai_labeled,"Chê lên lớp học không được bao nhiêu, có thể nói mỉa.",high,comment_only_no_parent_or_post_text
1291269963082178,1290181986524309,Tối nay đá ko b,ptit_2k5,https://www.facebook.com/groups/2k5ptit,2026-10-06T08:59:41.792899+00:00,1291269963082178,source,882,,neutral,ai,ai_labeled,Hỏi tối có đá bóng không.,low,comment_only_no_parent_or_post_text
1291364483072726,1290645069811334,Nấm đầu mà cũng lấy,ptit_2k5,https://www.facebook.com/groups/2k5ptit,2026-10-06T08:59:41.814571+00:00,1291364483072726,source,888,,negative,ai,ai_labeled,"Chê lấy cả mũ hình nấm, cần bài gốc để xác minh đối tượng.",high,comment_only_no_parent_or_post_text
1291379229737918,1281897530686088,1 hôn lốc xoáy ổn ko bn,ptit_2k5,https://www.facebook.com/groups/2k5ptit,2026-10-06T08:59:41.775672+00:00,1291379229737918,source,890,,neutral,ai,ai_labeled,"Hỏi kèo hoặc phần thưởng bằng tiếng lóng, cần ngữ cảnh.",high,comment_only_no_parent_or_post_text
1291442119731629,1287167616825746,b ơi nộp khi nào vậy ạ tại mình ch thấy tbao gì,ptit_2k5,https://www.facebook.com/groups/2k5ptit,2026-10-06T08:59:41.783044+00:00,1291442119731629,source,892,,neutral,ai,ai_labeled,Hỏi thời điểm nộp vì chưa thấy thông báo.,low,comment_only_no_parent_or_post_text
1291541216388386,1290645069811334,tớ bị 2 lần r:) thiếu thì ra t cho 30k đi mua chứ làm t đ có mũ đi sợ mấy anh áo vàng vcl,ptit_2k5,https://www.facebook.com/groups/2k5ptit,2026-10-06T08:59:41.814571+00:00,1291541216388386,source,902,,negative,ai,ai_labeled,Phàn nàn bị lấy mũ hai lần và lo bị kiểm tra giao thông.,low,comment_only_no_parent_or_post_text
1291562726386235,1291504163058758,0 nụ hôn lốc xoáy kiểu Pháp hay Sting j hả b,ptit_2k5,https://www.facebook.com/groups/2k5ptit,2026-10-06T08:59:41.704003+00:00,1291562726386235,source,906,,neutral,ai,ai_labeled,"Hỏi quà thưởng theo kiểu đùa, thiếu tình huống.",high,comment_only_no_parent_or_post_text
1291571463052028,1291369639738877,Cuối tháng 11 đầu tháng 12 gì đấy. Cứ thi trước nửa tháng cho thoải mái,ptit_2k5,https://www.facebook.com/groups/2k5ptit,2026-10-06T08:59:41.704003+00:00,1291571463052028,source,907,,neutral,ai,ai_labeled,Ước thời điểm lịch và khuyên thi trước.,low,comment_only_no_parent_or_post_text
1291633269712514,1291369639738877,Cứ ướm tầm cuối kì này là có lịch,ptit_2k5,https://www.facebook.com/groups/2k5ptit,2026-10-06T08:59:41.704003+00:00,1291633269712514,source,915,,neutral,ai,ai_labeled,Ước lịch có vào cuối kỳ.,low,comment_only_no_parent_or_post_text
1291674583041716,1291641016378406,tiện đây cũng khuyên các bạn nữ đi về sớm nhé đợt trước về muộn còn bị mấy anh zai phố trêu ngay mặt đường Trần Phú luôn mà,ptit_2k5,https://www.facebook.com/groups/2k5ptit,2026-10-06T08:59:41.883931+00:00,1291674583041716,source,917,,negative,ai,ai_labeled,Kể trải nghiệm bị trêu và cảnh báo đi về sớm.,medium,comment_only_no_parent_or_post_text
1291685056374002,1291641016378406,Thực sự là rất tởm và mn tag linh tinh vào đây cũng đ vui lắm đâu. Thôi nói chung các b cẩn thận khi đi chỗ vắng người nhé,ptit_2k5,https://www.facebook.com/groups/2k5ptit,2026-10-06T08:59:41.883931+00:00,1291685056374002,source,918,,negative,ai,ai_labeled,Ghê sợ sự việc và phản đối đùa/tag linh tinh.,low,comment_only_no_parent_or_post_text
1291695633039611,1291641016378406,vào đây thấy một số bố mất não gớm:))) eq âm trì kinh khủng,ptit_2k5,https://www.facebook.com/groups/2k5ptit,2026-10-06T08:59:41.883931+00:00,1291695633039611,source,919,,negative,ai,ai_labeled,Chê gay gắt bình luận thiếu nhận thức và EQ.,low,comment_only_no_parent_or_post_text
1291701266372381,1291641016378406,Tiến Đạt sao m lại làm vậy Đạt ơi,ptit_2k5,https://www.facebook.com/groups/2k5ptit,2026-10-06T08:59:41.883931+00:00,1291701266372381,source,921,,negative,ai,ai_labeled,"Chất vấn sao làm vậy, cần phân biệt trách thật và trêu.",high,comment_only_no_parent_or_post_text
1291703339705507,1291641016378406,mấy thằng tag bạn vào trong cmt thì ẩn danh hộ tao nhé =)))) chuyện đ vui mà tag nhau vào đ thấy ngại à hay não có vấn đề? nhục thối mặt thối mũi ra mà cười dc thì chịu đấy đ biết trong đầu nghĩ gì,ptit_2k5,https://www.facebook.com/groups/2k5ptit,2026-10-06T08:59:41.883931+00:00,1291703339705507,source,922,,negative,ai,ai_labeled,Phê phán mạnh trò tag bạn vào chuyện không vui.,low,comment_only_no_parent_or_post_text
1291739473035227,1291641006378407,Trần Diễm Kiều nhìn y a Trịnh Hoàn,ptit_2k5,https://www.facebook.com/groups/2k5ptit,2026-10-06T08:59:41.864421+00:00,1291739473035227,source,924,,neutral,ai,ai_labeled,So sánh giống người khác nhưng thiếu ảnh/ngữ cảnh.,high,comment_only_no_parent_or_post_text
1291740759701765,1291641016378406,"mang tiếng svien ptit mà ko lên án nạn qrtd còn đùa cợt như hay lắm vậy, hỏi thật các bạn cmt đùa giỡn đã tư duy chưa? Tư duy thì dùng não người hay não chó :)))",ptit_2k5,https://www.facebook.com/groups/2k5ptit,2026-10-06T08:59:41.883931+00:00,1291740759701765,source,925,,negative,ai,ai_labeled,Lên án đùa cợt thay vì phản đối quấy rối.,low,comment_only_no_parent_or_post_text
1291743496368158,1291641016378406,Bài cảnh báo biến thái mà các bạn đi tag tên nhau để đùa cợt và nghĩ nó hài thật à ?,ptit_2k5,https://www.facebook.com/groups/2k5ptit,2026-10-06T08:59:41.883931+00:00,1291743496368158,source,927,,negative,ai,ai_labeled,Phản vấn và lên án đùa cợt trong bài cảnh báo.,low,comment_only_no_parent_or_post_text
1291776769698164,1290656063143568,mình có size L nma muốn đổi lên XL b có k,ptit_2k5,https://www.facebook.com/groups/2k5ptit,2026-10-06T08:59:41.820019+00:00,1291776769698164,source,933,,neutral,ai,ai_labeled,Tìm người đổi kích cỡ áo.,low,comment_only_no_parent_or_post_text
1291794103029764,1291641006378407,Y như Quaq Tam,ptit_2k5,https://www.facebook.com/groups/2k5ptit,2026-10-06T08:59:41.864421+00:00,1291794103029764,source,934,,neutral,ai,ai_labeled,So sánh giống người khác nhưng thiếu đối tượng trực quan.,high,comment_only_no_parent_or_post_text
1291829126359595,1291641016378406,Chắc có mỗi mình tui thấy cái trò tag tên bạn bè nó nhạt mà nó out meta vl,ptit_2k5,https://www.facebook.com/groups/2k5ptit,2026-10-06T08:59:41.883931+00:00,1291829126359595,source,935,,negative,ai,ai_labeled,Chê trò tag tên nhạt và lỗi thời.,low,comment_only_no_parent_or_post_text
1291926796349828,1290373426505165,mình muốn đổi S sang M hoặc L ạ TvT,ptit_2k5,https://www.facebook.com/groups/2k5ptit,2026-10-06T08:59:41.800900+00:00,1291926796349828,source,936,,neutral,ai,ai_labeled,"Muốn đổi cỡ áo, biểu tượng chưa đủ thành buồn rõ.",medium,comment_only_no_parent_or_post_text
1292011303008044,1290683293140845,Nhạn xe điện kb,ptit_2k5,https://www.facebook.com/groups/2k5ptit,2026-10-06T08:59:41.822021+00:00,1292011303008044,source,937,,neutral,ai,ai_labeled,Hỏi có nhận xe điện không.,low,comment_only_no_parent_or_post_text
1292042149671626,1291618169714024,Xin slot b ơi,ptit_2k5,https://www.facebook.com/groups/2k5ptit,2026-10-06T08:59:41.704003+00:00,1292042149671626,source,938,,neutral,ai,ai_labeled,Xin chỗ tham gia.,low,comment_only_no_parent_or_post_text
1292042759671565,1291728609702980,Khóa 2k4 thực tập tầm gần tết em nha,ptit_2k5,https://www.facebook.com/groups/2k5ptit,2026-10-06T08:59:41.886957+00:00,1292042759671565,source,939,,neutral,ai,ai_labeled,Nêu khóa thực tập gần Tết.,low,comment_only_no_parent_or_post_text
1292115262997648,1292046776337830,Ib mình,ptit_2k5,https://www.facebook.com/groups/2k5ptit,2026-10-06T08:59:41.704003+00:00,1292115262997648,source,942,,neutral,ai,ai_labeled,Mời inbox.,low,comment_only_no_parent_or_post_text
1292142312994943,1284437817098726,"Mình cần pass bộ thể dục Sz M - only 120k
mới nguyên , mới giặt thơm hôm qua✨",ptit_2k5,https://www.facebook.com/groups/2k5ptit,2026-10-06T08:59:41.704003+00:00,1292142312994943,source,946,,neutral,ai,ai_labeled,"Chào bán lại đồ cá nhân với giá và tình trạng, không nhận định cảm xúc chính.",medium,comment_only_no_parent_or_post_text
1292208532988321,1290778329798008,"Anh chia sẻ góc nhìn cá nhân thôi, không đại diện cho bất kỳ ai nhé. Nếu em muốn đi thực tập sớm, ra ngoài thực chiến, thích sáng tạo, làm content, hình ảnh hay lên kế hoạch marketing thì anh nghiêng về internet. Còn nếu em muốn dành thêm một kỳ ở trường, thích làm việc với con số, tư duy logic và tìm insight qua dữ liệu thì cân nhắc phân tích mar Tuy nhiên, theo anh thấy, khi đi thực tập hay mới ra trường, nhiều công việc em tiếp cận vẫn sẽ liên quan đến internet marketing. Nên cứ chọn theo sở thích và định hướng của mình, chuyên ngành không đóng khung công việc sau này đâu em",ptit_2k5,https://www.facebook.com/groups/2k5ptit,2026-10-06T08:59:41.829021+00:00,1292208532988321,source,947,,neutral,ai,ai_labeled,Tư vấn lựa chọn chuyên ngành theo sở thích và nghề nghiệp.,low,comment_only_no_parent_or_post_text
1292213826321125,1292171832991991,xin sdt với ạ,ptit_2k5,https://www.facebook.com/groups/2k5ptit,2026-10-06T08:59:41.902532+00:00,1292213826321125,source,949,,neutral,ai,ai_labeled,Xin số liên hệ.,low,comment_only_no_parent_or_post_text
1292214472987727,1292171832991991,0347118827 ib mình vs,ptit_2k5,https://www.facebook.com/groups/2k5ptit,2026-10-06T08:59:41.902532+00:00,1292214472987727,source,951,,neutral,ai,ai_labeled,Cung cấp liên hệ và nhờ inbox.,low,comment_only_no_parent_or_post_text
1292217199654121,1292171832991991,nam hay nữ vậy,ptit_2k5,https://www.facebook.com/groups/2k5ptit,2026-10-06T08:59:41.902532+00:00,1292217199654121,source,952,,neutral,ai,ai_labeled,"Hỏi giới tính, không cảm xúc rõ.",low,comment_only_no_parent_or_post_text
1292226012986573,1292171832991991,Phạm Thế Vinh nhìn phòng 4tr5 đây lày,ptit_2k5,https://www.facebook.com/groups/2k5ptit,2026-10-06T08:59:41.902532+00:00,1292226012986573,source,953,,neutral,ai,ai_labeled,"Nhắc phòng giá bốn triệu rưỡi, thiếu hình ảnh để biết khen/chê.",high,comment_only_no_parent_or_post_text
1292229506319557,1292171832991991,Phòng này 3tr5 còn thấy đắt,ptit_2k5,https://www.facebook.com/groups/2k5ptit,2026-10-06T08:59:41.902532+00:00,1292229506319557,source,954,,negative,ai,ai_labeled,Chê phòng đắt ngay cả ở giá thấp hơn.,low,comment_only_no_parent_or_post_text
1292311676311340,1292076513001523,"Đề thì khó hơn trên code ptit nha e , quan trọng là tâm lý phòng thi và tốc độ code nữa e ạ . Em tham khảo đề trong page Học liệu ptit nhé , gk thì tùy thầy cô thôi",ptit_2k5,https://www.facebook.com/groups/2k5ptit,2026-10-06T08:59:41.890930+00:00,1292311676311340,source,959,,neutral,ai,ai_labeled,"Tư vấn độ khó đề và yếu tố làm bài, không phàn nàn chính.",medium,comment_only_no_parent_or_post_text
1292315619644279,1291504163058758,Của tớ cậu ơi,ptit_2k5,https://www.facebook.com/groups/2k5ptit,2026-10-06T08:59:41.704003+00:00,1292315619644279,source,960,,neutral,ai,ai_labeled,Nhận đồ là của mình.,low,comment_only_no_parent_or_post_text
1292358082973366,1292076513001523,"cuối kì có thể khó hơn cx có thể dễ hơn code ptit, hên xui thôi e",ptit_2k5,https://www.facebook.com/groups/2k5ptit,2026-10-06T08:59:41.890930+00:00,1292358082973366,source,961,,neutral,ai,ai_labeled,Giải thích độ khó đề cuối kỳ thay đổi.,low,comment_only_no_parent_or_post_text
1292432229632618,1290778329798008,Học inter đi á chứ a học ptich xog ra ngoài thị trg toàn tuyển base it th với cả cx k tuyển fresher đâu,ptit_2k5,https://www.facebook.com/groups/2k5ptit,2026-10-06T08:59:41.829021+00:00,1292432229632618,source,963,,negative,ai,ai_labeled,"Nêu thất vọng về cơ hội việc làm sau chuyên ngành, khuyên chọn khác.",medium,comment_only_no_parent_or_post_text
1292530752956099,1292336459642195,ib thử ạ,ptit_2k5,https://www.facebook.com/groups/2k5ptit,2026-10-06T08:59:41.704003+00:00,1292530752956099,source,964,,neutral,ai,ai_labeled,Đề nghị nhắn thử.,low,comment_only_no_parent_or_post_text
1292577242951450,1292437919632049,Toi 1tr5 sắp nổ tung roi💔,ptit_2k5,https://www.facebook.com/groups/2k5ptit,2026-10-06T08:59:41.704003+00:00,1292577242951450,source,966,,negative,ai,ai_labeled,Than mất tiền và sắp nổ tung kèm trái tim vỡ.,low,comment_only_no_parent_or_post_text
1292579772951197,1291618169714024,còn slot ko v,ptit_2k5,https://www.facebook.com/groups/2k5ptit,2026-10-06T08:59:41.704003+00:00,1292579772951197,source,967,,neutral,ai,ai_labeled,Hỏi còn chỗ không.,low,comment_only_no_parent_or_post_text
1292591399616701,1292228746319633,"rác em nhé, chính quy thì hẵng học chứ mấy cái hệ này vứt hết, đừng nghe bọn tư vấn lùa gà",ptit_2k5,https://www.facebook.com/groups/2k5ptit,2026-10-06T08:59:41.908824+00:00,1292591399616701,source,968,,negative,ai,ai_labeled,Chê hệ học và cảnh báo tư vấn lừa bằng lời rất tiêu cực.,low,comment_only_no_parent_or_post_text
1292615789614262,1292258839649957,"bị giáo viên đuổi thì ra ,còn sinh viên bằng vai phải lứa hết cứ đi đi kệ",ptit_2k5,https://www.facebook.com/groups/2k5ptit,2026-10-06T08:59:41.704003+00:00,1292615789614262,source,969,,neutral,ai,ai_labeled,"Khuyên không quan tâm sinh viên khác, chỉ theo yêu cầu giáo viên.",medium,comment_only_no_parent_or_post_text
1292627579613083,1292410946301413,1₫ nhe trc chị học là nthe,ptit_2k5,https://www.facebook.com/groups/2k5ptit,2026-10-06T08:59:41.768408+00:00,1292627579613083,source,971,,neutral,ai,ai_labeled,Nêu mức điểm từ kinh nghiệm trước.,low,comment_only_no_parent_or_post_text
1292698259606015,1292325969643244,"để đây thì hữu duyên, có thể k mất hoặc mất 50k",ptit_2k5,https://www.facebook.com/groups/2k5ptit,2026-10-06T08:59:41.704003+00:00,1292698259606015,source,973,,neutral,ai,ai_labeled,"Nêu khả năng mất hoặc tốn tiền nếu để đó, không phàn nàn rõ.",medium,comment_only_no_parent_or_post_text
1292727942936380,1292605179615323,t7 ko mở nhé,ptit_2k5,https://www.facebook.com/groups/2k5ptit,2026-10-06T08:59:41.704003+00:00,1292727942936380,source,974,,neutral,ai,ai_labeled,Thông báo tháng bảy không mở.,low,comment_only_no_parent_or_post_text
1292760312933143,1292437919632049,art đẹp nghen,ptit_2k5,https://www.facebook.com/groups/2k5ptit,2026-10-06T08:59:41.704003+00:00,1292760312933143,source,977,,positive,ai,ai_labeled,Khen hình vẽ đẹp.,low,comment_only_no_parent_or_post_text
1292988926243615,1292258839649957,Tôi D19 và khá chắc kèo từ lúc tôi bắt đầu học thì đây là một luật rồi nhé,ptit_2k5,https://www.facebook.com/groups/2k5ptit,2026-10-06T08:59:41.704003+00:00,1292988926243615,source,978,,neutral,ai,ai_labeled,Khẳng định quy định đã có từ thời khóa mình.,low,comment_only_no_parent_or_post_text
1293105526231955,1292110309664810,Mình muốn đổi ạ sz L,ptit_2k5,https://www.facebook.com/groups/2k5ptit,2026-10-06T08:59:41.896365+00:00,1293105526231955,source,983,,neutral,ai,ai_labeled,Muốn đổi đồ cỡ L.,low,comment_only_no_parent_or_post_text
1293109122898262,1293105086231999,"Hiểu đơn giản thì làm truyền thông đại học là em sẽ được học cách lên ý tưởng cho một dự án, học quay dựng, chụp ảnh, tổ chức sự kiện…",ptit_2k5,https://www.facebook.com/groups/2k5ptit,2026-10-06T08:59:41.764214+00:00,1293109122898262,source,984,possible_truncation_or_deliberate_ellipsis,neutral,ai,ai_labeled,Giải thích nội dung học truyền thông; dấu cuối cần rà cắt.,high,comment_only_no_parent_or_post_text
1293144232894751,1293105086231999,=))) cho e xem chương trình học nhé,ptit_2k5,https://www.facebook.com/groups/2k5ptit,2026-10-06T08:59:41.764214+00:00,1293144232894751,source,985,,neutral,ai,ai_labeled,Nhờ xem chương trình học.,low,comment_only_no_parent_or_post_text
1293296366212871,1293154232893751,"code hẳn thì là có mỗi môn oop thôi mà em, còn lại bên Mạng là linux cho bài tập. Mà như C++ và dsa thì đề oop vẫn lấy trên web thôi thì em sợ gì",ptit_2k5,https://www.facebook.com/groups/2k5ptit,2026-10-06T08:59:41.770798+00:00,1293296366212871,source,991,,neutral,ai,ai_labeled,Giải thích môn phải code và nguồn bài để trấn an.,low,comment_only_no_parent_or_post_text
1293321706210337,1293105086231999,"em có bh thắc mắc những bộ phim ngắn, những phóng sự, những video theo kiểu recap trên tiktok hay thậm chí là cả 1 bộ phim điện ảnh nó từ đâu mà ra k, là từ ngành truyền thông ra đó em.",ptit_2k5,https://www.facebook.com/groups/2k5ptit,2026-10-06T08:59:41.764214+00:00,1293321706210337,source,992,,neutral,ai,ai_labeled,Giải thích các loại sản phẩm của ngành truyền thông.,low,comment_only_no_parent_or_post_text
1293324246210083,1293267779549063,quần 10 50k mua thừa b oi,ptit_2k5,https://www.facebook.com/groups/2k5ptit,2026-10-06T08:59:41.913849+00:00,1293324246210083,source,994,,neutral,ai,ai_labeled,Bán lại quần mua thừa theo giá.,low,comment_only_no_parent_or_post_text
1293364412872733,1293349282874246,Đợi lớp tôi 20p bạn ơi :))),ptit_2k5,https://www.facebook.com/groups/2k5ptit,2026-10-06T08:59:41.916990+00:00,1293364412872733,source,999,,neutral,ai,ai_labeled,"Nhờ đợi lớp hai mươi phút, tiếng cười không đủ gán tích cực.",medium,comment_only_no_parent_or_post_text
1293411816201326,1293379999537841,Có bạn nhưng sợ đến năm 3 chương trình học lại không phù hợp với lịch đi của các em khóa dưới nếu đi thì sau này bạn vẫn được miễn quân sự ở trường dh mới mà,ptit_2k5,https://www.facebook.com/groups/2k5ptit,2026-10-06T08:59:41.928336+00:00,1293411816201326,source,1000,,neutral,ai,ai_labeled,Tư vấn lịch học và miễn quân sự nếu chuyển trường.,low,comment_only_no_parent_or_post_text
1293459089529932,1293384792870695,Ngõ dương lâm nhé,ptit_2k5,https://www.facebook.com/groups/2k5ptit,2026-10-06T08:59:41.922335+00:00,1293459089529932,source,1002,,neutral,ai,ai_labeled,Chỉ địa điểm ngõ.,low,comment_only_no_parent_or_post_text
1293459416196566,1293398936202614,Mình thấy nhiều ng bảo k đổi đc b ạ,ptit_2k5,https://www.facebook.com/groups/2k5ptit,2026-10-06T08:59:41.925367+00:00,1293459416196566,source,1003,,neutral,ai,ai_labeled,"Thuật lại nghe nhiều người nói không đổi được, không đánh giá riêng.",low,comment_only_no_parent_or_post_text
1293464462862728,1293398936202614,B đổi áo j ấy,ptit_2k5,https://www.facebook.com/groups/2k5ptit,2026-10-06T08:59:41.925367+00:00,1293464462862728,source,1004,,neutral,ai,ai_labeled,Hỏi loại áo đổi.,low,comment_only_no_parent_or_post_text
1293485166193991,1293384792870695,Quaq Tam chú bán vịt quay,ptit_2k5,https://www.facebook.com/groups/2k5ptit,2026-10-06T08:59:41.922335+00:00,1293485166193991,source,1005,,neutral,ai,ai_labeled,"Nhắc người bán vịt, thiếu tình huống.",high,comment_only_no_parent_or_post_text
1293486886193819,1293384792870695,"*Khả năg là đã hoàn thành nhiệm vụ
*",ptit_2k5,https://www.facebook.com/groups/2k5ptit,2026-10-06T08:59:41.922335+00:00,1293486886193819,source,1006,,neutral,ai,ai_labeled,Phỏng đoán hoàn thành nhiệm vụ.,medium,comment_only_no_parent_or_post_text
1293536876188820,1293384792870695,chuyên án mới rồi b,ptit_2k5,https://www.facebook.com/groups/2k5ptit,2026-10-06T08:59:41.922335+00:00,1293536876188820,source,1007,,neutral,ai,ai_labeled,"Nhắc chuyên án mới, thiếu bài gốc.",high,comment_only_no_parent_or_post_text
491323636410152,491299726412543,Em tham khảo,ptit_2k5,https://www.facebook.com/groups/2k5ptit,2026-10-06T08:59:43.869981+00:00,491323636410152,source,1008,,neutral,ai,ai_labeled,Mời tham khảo thông tin.,low,comment_only_no_parent_or_post_text
491324733076709,491299726412543,Trần Hoàng năm ngoái điểm thi THPTQG bn thì được nhận học bổng vậy ạ,ptit_2k5,https://www.facebook.com/groups/2k5ptit,2026-10-06T08:59:43.869981+00:00,491324733076709,source,1009,,neutral,ai,ai_labeled,Hỏi điểm để có học bổng.,low,comment_only_no_parent_or_post_text
491325183076664,491299726412543,"Group participant Học bổng nó chia đều theo từng ngành á, ví dụ như CNTT thì phải tầm 27,5 trở lên chưa cộng thì mới có học bổng 50%",ptit_2k5,https://www.facebook.com/groups/2k5ptit,2026-10-06T08:59:43.869981+00:00,491325183076664,source,1010,,neutral,ai,ai_labeled,Giải thích ngưỡng học bổng theo ngành.,low,comment_only_no_parent_or_post_text
491325573076625,491299726412543,Trần Hoàng học bổng CNTT thì bn điểm đc 100% theo năm ngoái vậy ạ?,ptit_2k5,https://www.facebook.com/groups/2k5ptit,2026-10-06T08:59:43.869981+00:00,491325573076625,source,1011,,neutral,ai,ai_labeled,Hỏi ngưỡng học bổng toàn phần.,low,comment_only_no_parent_or_post_text
491326279743221,491299726412543,Group participant Mình không nhớ cụ thể nhưng cũng phải 28+ bạn nhé,ptit_2k5,https://www.facebook.com/groups/2k5ptit,2026-10-06T08:59:43.869981+00:00,491326279743221,source,1012,,neutral,ai,ai_labeled,"Ước ngưỡng điểm, nêu không nhớ.",low,comment_only_no_parent_or_post_text
491326503076532,491299726412543,"Trần Hoàng dạ em cảm ơn ạ, còn nếu là hsg thành phố/ tỉnh thì sẽ là 100% ạ",ptit_2k5,https://www.facebook.com/groups/2k5ptit,2026-10-06T08:59:43.869981+00:00,491326503076532,source,1013,,neutral,ai,ai_labeled,"Hỏi điều kiện giải tỉnh, cảm ơn lịch sự.",medium,comment_only_no_parent_or_post_text
491326726409843,491299726412543,"Group participant còn phụ thuộc giải mấy tỉnh nhé, bạn mình giải 3 được 50%",ptit_2k5,https://www.facebook.com/groups/2k5ptit,2026-10-06T08:59:43.869981+00:00,491326726409843,source,1014,,neutral,ai,ai_labeled,Giải thích phụ thuộc thứ hạng giải.,low,comment_only_no_parent_or_post_text
491326856409830,491299726412543,Trần Hoàng dạ em cảm ơn a ạ,ptit_2k5,https://www.facebook.com/groups/2k5ptit,2026-10-06T08:59:43.869981+00:00,491326856409830,source,1015,,positive,ai,ai_labeled,Cảm ơn người trả lời.,low,comment_only_no_parent_or_post_text
491356623073520,491299726412543,Trần Hoàng a cho e hỏi là đc giải 3hsg là đc hb luôn hay dựa thêm cả vào điểm ạ,ptit_2k5,https://www.facebook.com/groups/2k5ptit,2026-10-06T08:59:43.869981+00:00,491356623073520,source,1016,,neutral,ai,ai_labeled,Hỏi kết hợp giải và điểm.,low,comment_only_no_parent_or_post_text
500450195497496,491299726412543,Trần Hoàng anh cho em hỏi xét theo điểm thi DGNL thì có cơ hội nhận học bổng không ạ,ptit_2k5,https://www.facebook.com/groups/2k5ptit,2026-10-06T08:59:43.869981+00:00,500450195497496,source,1017,,neutral,ai,ai_labeled,Hỏi học bổng xét đánh giá năng lực.,low,comment_only_no_parent_or_post_text
500450742164108,491299726412543,Lan Phương Khong em nhe,ptit_2k5,https://www.facebook.com/groups/2k5ptit,2026-10-06T08:59:43.869981+00:00,500450742164108,source,1018,,neutral,ai,ai_labeled,"Gọi em, thiếu nội dung được chỉ.",high,comment_only_no_parent_or_post_text
500452608830588,491299726412543,Trần Hoàng em cảm ơn ạ,ptit_2k5,https://www.facebook.com/groups/2k5ptit,2026-10-06T08:59:43.869981+00:00,500452608830588,source,1019,,positive,ai,ai_labeled,Cảm ơn trực tiếp.,low,comment_only_no_parent_or_post_text
509410017934847,509406147935234,22-24,ptit_2k5,https://www.facebook.com/groups/2k5ptit,2026-10-06T08:59:42.224307+00:00,509410017934847,source,1020,,neutral,ai,ai_labeled,Khoảng số không có đơn vị.,high,comment_only_no_parent_or_post_text
509447194597796,509406147935234,Nguyễn Hữu Việt còn ngành điện tử viễn thông là bao nhiêu ạ,ptit_2k5,https://www.facebook.com/groups/2k5ptit,2026-10-06T08:59:42.224307+00:00,509447194597796,source,1021,,neutral,ai,ai_labeled,Hỏi mức của ngành điện tử.,low,comment_only_no_parent_or_post_text
509463094596206,509406147935234,"Nguyễn Hữu Việt huhu thiệt hả a. nãy xem tiktok có bà gọi trường là học viện hoàng gia, thu học phí gần 40tr /1 năm",ptit_2k5,https://www.facebook.com/groups/2k5ptit,2026-10-06T08:59:42.224307+00:00,509463094596206,source,1022,,negative,ai,ai_labeled,Lo học phí cao qua huhu và hỏi lại.,medium,comment_only_no_parent_or_post_text
509481124594403,509406147935234,"Người tham gia ẩn danh đấy là bọn nhiều tiền, đki học lên chất lượng cao học full TA em ạ",ptit_2k5,https://www.facebook.com/groups/2k5ptit,2026-10-06T08:59:42.224307+00:00,509481124594403,source,1023,,neutral,ai,ai_labeled,Giải thích hệ chất lượng cao học tiếng Anh.,medium,comment_only_no_parent_or_post_text
509512797924569,509406147935234,"Nguyễn Hữu Việt may quá ,em cũng chỉ thích chương trình chuẩn thôi",ptit_2k5,https://www.facebook.com/groups/2k5ptit,2026-10-06T08:59:42.224307+00:00,509512797924569,source,1024,,positive,ai,ai_labeled,Nhẹ nhõm và thích chương trình chuẩn.,low,comment_only_no_parent_or_post_text
509548001254382,509406147935234,Nguyễn Hữu Việt tính cả tiền học lại cho các em đi,ptit_2k5,https://www.facebook.com/groups/2k5ptit,2026-10-06T08:59:42.224307+00:00,509548001254382,source,1025,,neutral,ai,ai_labeled,Nhắc tính cả phí học lại.,medium,comment_only_no_parent_or_post_text
509649677910881,509406147935234,Nguyễn Hữu Việt anh ơi cho em hỏi ngành báo chí học phí như nào vậy ạ,ptit_2k5,https://www.facebook.com/groups/2k5ptit,2026-10-06T08:59:42.224307+00:00,509649677910881,source,1026,,neutral,ai,ai_labeled,Hỏi học phí ngành báo chí.,low,comment_only_no_parent_or_post_text
509649981244184,509406147935234,Luong Thi Huyen Trang Thanh Tâm kìa bạn ơi trùm Báo chí PTIT tư vấn em ấy kìa,ptit_2k5,https://www.facebook.com/groups/2k5ptit,2026-10-06T08:59:42.224307+00:00,509649981244184,source,1027,,neutral,ai,ai_labeled,Nhờ người khác tư vấn.,medium,comment_only_no_parent_or_post_text
509656541243528,509406147935234,"Luong Thi Huyen Trang 550k 1 tín em ơi, 1 kì sẽ khoảng 16-20 tín nha",ptit_2k5,https://www.facebook.com/groups/2k5ptit,2026-10-06T08:59:42.224307+00:00,509656541243528,source,1028,,neutral,ai,ai_labeled,Cung cấp phí và số tín.,low,comment_only_no_parent_or_post_text
509656714576844,509406147935234,Thanh Tâm 1 năm học tầm bao nhiu tín ạ,ptit_2k5,https://www.facebook.com/groups/2k5ptit,2026-10-06T08:59:42.225233+00:00,509656714576844,source,1029,,neutral,ai,ai_labeled,Hỏi số tín mỗi năm.,low,comment_only_no_parent_or_post_text
509657157910133,509406147935234,Luong Thi Huyen Trang em xem ở đây nha bé,ptit_2k5,https://www.facebook.com/groups/2k5ptit,2026-10-06T08:59:42.225233+00:00,509657157910133,source,1030,,neutral,ai,ai_labeled,Chỉ nơi xem thông tin.,low,comment_only_no_parent_or_post_text
509658651243317,509406147935234,"Thanh Tâm em nghe nói năm nay học viện tăng học phí ý ạ
 nếu tăng thì là tăng bao nhiu vậy ạ",ptit_2k5,https://www.facebook.com/groups/2k5ptit,2026-10-06T08:59:42.225233+00:00,509658651243317,source,1031,,neutral,ai,ai_labeled,Hỏi mức tăng học phí.,low,comment_only_no_parent_or_post_text
509659517909897,509406147935234,"Luong Thi Huyen Trang chưa có thông báo em ơi, tại trường mới giảm học phí ấy",ptit_2k5,https://www.facebook.com/groups/2k5ptit,2026-10-06T08:59:42.225233+00:00,509659517909897,source,1032,,neutral,ai,ai_labeled,Nêu chưa thông báo và đã giảm phí.,low,comment_only_no_parent_or_post_text
509809817894867,509406147935234,Nguyễn Hữu Việt còn ngành fintech là bao nhiêu ạ,ptit_2k5,https://www.facebook.com/groups/2k5ptit,2026-10-06T08:59:42.225233+00:00,509809817894867,source,1033,,neutral,ai,ai_labeled,Hỏi mức phí fintech.,low,comment_only_no_parent_or_post_text
509810051228177,509406147935234,Đức Toàn oái chao em zai định vào Fintech à,ptit_2k5,https://www.facebook.com/groups/2k5ptit,2026-10-06T08:59:42.225233+00:00,509810051228177,source,1034,,neutral,ai,ai_labeled,Hỏi dự định vào ngành.,medium,comment_only_no_parent_or_post_text
509810291228153,509406147935234,Nguyễn Hữu Việt ơ ngành đấy có drama hả a,ptit_2k5,https://www.facebook.com/groups/2k5ptit,2026-10-06T08:59:42.225233+00:00,509810291228153,source,1035,,neutral,ai,ai_labeled,Hỏi có chuyện trong ngành không.,low,comment_only_no_parent_or_post_text
509810451228137,509406147935234,Đức Toàn không t là lớp trưởng ngành đấy khóa này,ptit_2k5,https://www.facebook.com/groups/2k5ptit,2026-10-06T08:59:42.225233+00:00,509810451228137,source,1036,,neutral,ai,ai_labeled,Giới thiệu vai trò lớp trưởng.,low,comment_only_no_parent_or_post_text
512826774259838,512818860927296,Trần Hoàng PTIT có học từ xa à:)),ptit_2k5,https://www.facebook.com/groups/2k5ptit,2026-10-06T08:59:42.150722+00:00,512826774259838,source,1038,,neutral,ai,ai_labeled,Hỏi có học từ xa không.,low,comment_only_no_parent_or_post_text
512827487593100,512818860927296,"Nguyễn Hữu Việt Có, đại học từ xa",ptit_2k5,https://www.facebook.com/groups/2k5ptit,2026-10-06T08:59:42.150722+00:00,512827487593100,source,1039,,neutral,ai,ai_labeled,Nêu loại hình học từ xa.,low,comment_only_no_parent_or_post_text
512912937584555,512818860927296,1 năm sẽ có khoảng 3 đợt xét tuyển nhé. Em có thể để ý tại web tuyển sinh của học viện và web từ xa https://elearning-ptit.edu.vn/...,ptit_2k5,https://www.facebook.com/groups/2k5ptit,2026-10-06T08:59:42.150722+00:00,512912937584555,source,1040,possible_truncation_or_deliberate_ellipsis;possible_advertisement_not_automatic_exclusion,neutral,ai,ai_labeled,Nêu đợt tuyển và web theo dõi.,low,comment_only_no_parent_or_post_text
514187244123791,514180774124438,"Năm 1 a đóng hết 26,1xx,xxx₫",ptit_2k5,https://www.facebook.com/groups/2k5ptit,2026-10-06T08:59:42.219556+00:00,514187244123791,source,1043,,neutral,ai,ai_labeled,Nêu học phí thực đóng.,low,comment_only_no_parent_or_post_text
514251004117415,514180774124438,"Ko em, hp trg mình rẻ lắm",ptit_2k5,https://www.facebook.com/groups/2k5ptit,2026-10-06T08:59:42.219556+00:00,514251004117415,source,1044,,positive,ai,ai_labeled,Đánh giá học phí rẻ.,low,comment_only_no_parent_or_post_text
514266364115879,514180774124438,Năm sau nghe đồn còn tăng đếyy,ptit_2k5,https://www.facebook.com/groups/2k5ptit,2026-10-06T08:59:42.219556+00:00,514266364115879,source,1045,,neutral,ai,ai_labeled,Thuật tin đồn tăng phí.,medium,comment_only_no_parent_or_post_text
514348717440977,509406147935234,Nguyễn Hữu Việt học full TA á.,ptit_2k5,https://www.facebook.com/groups/2k5ptit,2026-10-06T08:59:42.224307+00:00,514348717440977,source,1046,,neutral,ai,ai_labeled,Hỏi học toàn tiếng Anh.,medium,comment_only_no_parent_or_post_text
514349067440942,509406147935234,Nguyễn Lê Quân ừ,ptit_2k5,https://www.facebook.com/groups/2k5ptit,2026-10-06T08:59:42.224307+00:00,514349067440942,source,1047,,neutral,ai,ai_labeled,"Đáp ừ, thiếu câu trước.",high,comment_only_no_parent_or_post_text
514349164107599,509406147935234,"Nguyễn Lê Quân nhma giáo trình tiếng anh, giảng lúc Anh lúc Việt",ptit_2k5,https://www.facebook.com/groups/2k5ptit,2026-10-06T08:59:42.224307+00:00,514349164107599,source,1048,,neutral,ai,ai_labeled,Mô tả ngôn ngữ giáo trình và giảng.,low,comment_only_no_parent_or_post_text
514349434107572,509406147935234,Người tham gia ẩn danh ok bạn,ptit_2k5,https://www.facebook.com/groups/2k5ptit,2026-10-06T08:59:42.224307+00:00,514349434107572,source,1049,,neutral,ai,ai_labeled,Xác nhận đã hiểu.,low,comment_only_no_parent_or_post_text
514400867435762,514180774124438,Thu Phương rẻ thế này thì phải học lại dăm ba môn cho đỡ rẻ,ptit_2k5,https://www.facebook.com/groups/2k5ptit,2026-10-06T08:59:42.219556+00:00,514400867435762,source,1050,,negative,ai,ai_labeled,Mỉa học phí rẻ qua đề nghị học lại.,high,comment_only_no_parent_or_post_text
514426280766554,514180774124438,Giá trên trời em ạ :((,ptit_2k5,https://www.facebook.com/groups/2k5ptit,2026-10-06T08:59:42.219556+00:00,514426280766554,source,1051,,negative,ai,ai_labeled,Than giá trên trời kèm buồn.,low,comment_only_no_parent_or_post_text
514451794097336,514430770766105,Không quy đổi ielts để xét tuyển đăng kí đâu nhé,ptit_2k5,https://www.facebook.com/groups/2k5ptit,2026-10-06T08:59:44.257606+00:00,514451794097336,source,1052,,neutral,ai,ai_labeled,Nêu không quy đổi chứng chỉ xét tuyển.,low,comment_only_no_parent_or_post_text
514466147429234,514180774124438,B phải hỏi phí học lại ntn chứ,ptit_2k5,https://www.facebook.com/groups/2k5ptit,2026-10-06T08:59:42.219556+00:00,514466147429234,source,1053,,neutral,ai,ai_labeled,Khuyên hỏi phí học lại.,medium,comment_only_no_parent_or_post_text
514616307414218,509406147935234,Thanh Tâm cho mình xin chương trình học ngành cntt,ptit_2k5,https://www.facebook.com/groups/2k5ptit,2026-10-06T08:59:42.225233+00:00,514616307414218,source,1054,,neutral,ai,ai_labeled,Xin chương trình CNTT.,low,comment_only_no_parent_or_post_text
514670967408752,509406147935234,Nguyễn Lê Quân https://daotao.ptit.edu.vn/nganhhoc/7480201 đây ạ,ptit_2k5,https://www.facebook.com/groups/2k5ptit,2026-10-06T08:59:42.225233+00:00,514670967408752,source,1055,,neutral,ai,ai_labeled,Cung cấp link.,low,comment_only_no_parent_or_post_text
514759350733247,514180774124438,Nguyễn Hưởng m nói thế iem nó sợ,ptit_2k5,https://www.facebook.com/groups/2k5ptit,2026-10-06T08:59:42.219556+00:00,514759350733247,source,1056,,neutral,ai,ai_labeled,Nhắc lời nói khiến em sợ.,medium,comment_only_no_parent_or_post_text
514788097397039,514180774124438,Lan Anh tăng nhẹ mà chắc cỡ 7xx,ptit_2k5,https://www.facebook.com/groups/2k5ptit,2026-10-06T08:59:42.219556+00:00,514788097397039,source,1057,,neutral,ai,ai_labeled,Ước mức tăng học phí.,medium,comment_only_no_parent_or_post_text
518931853649330,518803386995510,Khó lắm em :))))),ptit_2k5,https://www.facebook.com/groups/2k5ptit,2026-10-06T08:59:42.184097+00:00,518931853649330,source,1065,,negative,ai,ai_labeled,Than khó nhưng cười có thể đùa.,high,comment_only_no_parent_or_post_text
518957076980141,518803386995510,Khó tạch thôi :)),ptit_2k5,https://www.facebook.com/groups/2k5ptit,2026-10-06T08:59:42.184097+00:00,518957076980141,source,1066,,positive,ai,ai_labeled,Khó tạch ngụ ý dễ qua; cần rà mỉa.,high,comment_only_no_parent_or_post_text
518959313646584,518803386995510,dễ e,ptit_2k5,https://www.facebook.com/groups/2k5ptit,2026-10-06T08:59:42.184097+00:00,518959313646584,source,1067,,positive,ai,ai_labeled,Đánh giá dễ.,medium,comment_only_no_parent_or_post_text
518983860310796,518803386995510,Có một chút thể lực và năng khiếu về vận động thì quá dễ luôn em,ptit_2k5,https://www.facebook.com/groups/2k5ptit,2026-10-06T08:59:42.184097+00:00,518983860310796,source,1068,,positive,ai,ai_labeled,Đánh giá rất dễ nếu có thể lực.,low,comment_only_no_parent_or_post_text
519012576974591,518803386995510,Dễ tạch em ạ,ptit_2k5,https://www.facebook.com/groups/2k5ptit,2026-10-06T08:59:42.184097+00:00,519012576974591,source,1069,,negative,ai,ai_labeled,Cảnh báo dễ trượt.,medium,comment_only_no_parent_or_post_text
519122803630235,518803386995510,"Đánh giá là hơi khó so vơi sinh viên của trường, tạch hơi bị đông :)))",ptit_2k5,https://www.facebook.com/groups/2k5ptit,2026-10-06T08:59:42.184097+00:00,519122803630235,source,1070,,negative,ai,ai_labeled,Đánh giá khó và nhiều người trượt.,medium,comment_only_no_parent_or_post_text
519473870261795,518803386995510,Doanh Dương khó k:),ptit_2k5,https://www.facebook.com/groups/2k5ptit,2026-10-06T08:59:42.184097+00:00,519473870261795,source,1071,,neutral,ai,ai_labeled,Hỏi độ khó.,low,comment_only_no_parent_or_post_text
519490160260166,518803386995510,"Dễ lắm em, dễ thi lại, dễ học lại",ptit_2k5,https://www.facebook.com/groups/2k5ptit,2026-10-06T08:59:42.184097+00:00,519490160260166,source,1073,,negative,ai,ai_labeled,"Mỉa dễ thi lại, học lại.",high,comment_only_no_parent_or_post_text
520541493488366,520533936822455,Xét học bổng dựa trên cả khoa chứ không phải ngành em ơi,ptit_2k5,https://www.facebook.com/groups/2k5ptit,2026-10-06T08:59:43.831468+00:00,520541493488366,source,1074,,neutral,ai,ai_labeled,Đính chính xét theo khoa.,low,comment_only_no_parent_or_post_text
520556833486832,520533936822455,Thanh Tâm là seo chị,ptit_2k5,https://www.facebook.com/groups/2k5ptit,2026-10-06T08:59:43.831468+00:00,520556833486832,source,1075,,neutral,ai,ai_labeled,Hỏi nghĩa giải thích.,low,comment_only_no_parent_or_post_text
520562980152884,520533936822455,Tuấn 'Anh cái này chị được truyền đạt thế chứ chị không rõ về cái này cơ,ptit_2k5,https://www.facebook.com/groups/2k5ptit,2026-10-06T08:59:43.831468+00:00,520562980152884,source,1076,,neutral,ai,ai_labeled,"Nêu thông tin nghe lại, chưa rõ.",low,comment_only_no_parent_or_post_text
520564866819362,520533936822455,1 năm trước tất cả các khoá sẽ có chung loại học bổng,ptit_2k5,https://www.facebook.com/groups/2k5ptit,2026-10-06T08:59:43.831468+00:00,520564866819362,source,1077,,neutral,ai,ai_labeled,Mô tả học bổng trước đây.,low,comment_only_no_parent_or_post_text
520572090151973,520533936822455,Về giá trị học bổng như nhau (chỉ khác so với CLC vì CLC học phí nhiều hơn),ptit_2k5,https://www.facebook.com/groups/2k5ptit,2026-10-06T08:59:43.831468+00:00,520572090151973,source,1078,,neutral,ai,ai_labeled,So sánh giá trị học bổng.,low,comment_only_no_parent_or_post_text
521833013359214,521822990026883,Chấm '-',ptit_2k5,https://www.facebook.com/groups/2k5ptit,2026-10-06T08:59:42.163935+00:00,521833013359214,source,1079,,neutral,ai,ai_labeled,Theo dõi bài bằng chấm.,low,comment_only_no_parent_or_post_text
521835336692315,521822990026883,"trường nào thì cũng có thầy cô giỏi hết em nhé, tùy e suy nghĩ thoaiii",ptit_2k5,https://www.facebook.com/groups/2k5ptit,2026-10-06T08:59:42.163935+00:00,521835336692315,source,1080,,positive,ai,ai_labeled,Đánh giá thầy cô đều giỏi.,medium,comment_only_no_parent_or_post_text
521838736691975,521822990026883,tuyệt,ptit_2k5,https://www.facebook.com/groups/2k5ptit,2026-10-06T08:59:42.163935+00:00,521838736691975,source,1081,,positive,ai,ai_labeled,Bày tỏ tuyệt.,medium,comment_only_no_parent_or_post_text
521843466691502,521822990026883,mình thấy thầy cô trường mình ai cũng giỏi hết á,ptit_2k5,https://www.facebook.com/groups/2k5ptit,2026-10-06T08:59:42.163935+00:00,521843466691502,source,1082,,positive,ai,ai_labeled,Khen giảng viên trường giỏi.,low,comment_only_no_parent_or_post_text
521845080024674,521822990026883,tuyệt vời,ptit_2k5,https://www.facebook.com/groups/2k5ptit,2026-10-06T08:59:42.163935+00:00,521845080024674,source,1083,,positive,ai,ai_labeled,Bày tỏ tuyệt vời.,low,comment_only_no_parent_or_post_text
521845600024622,521822990026883,Hoàng Cao Nguyên vật lú cô Nga number one à:)),ptit_2k5,https://www.facebook.com/groups/2k5ptit,2026-10-06T08:59:42.163935+00:00,521845600024622,source,1084,,positive,ai,ai_labeled,"Khen số một kèm cười, có thể trêu.",high,comment_only_no_parent_or_post_text
521855416690307,521795543362961,Trần Tú em thấy anh ngủ suốt mà vui chỗ nào :)),ptit_2k5,https://www.facebook.com/groups/2k5ptit,2026-10-06T08:59:42.179065+00:00,521855416690307,source,1085,,negative,ai,ai_labeled,"Phản vấn ngủ suốt sao vui, có thể trêu.",high,comment_only_no_parent_or_post_text
521857680023414,521822990026883,Top 3 server miền Bắc về chất lượng đào tạo,ptit_2k5,https://www.facebook.com/groups/2k5ptit,2026-10-06T08:59:42.163935+00:00,521857680023414,source,1086,,positive,ai,ai_labeled,Xếp đào tạo trong nhóm tốt.,medium,comment_only_no_parent_or_post_text
521860723356443,521795543362961,"Thanh Tùng ở đấy sống heo thì quá ,8r tối buồn ngủ vc",ptit_2k5,https://www.facebook.com/groups/2k5ptit,2026-10-06T08:59:42.179065+00:00,521860723356443,source,1087,,negative,ai,ai_labeled,Than sống buồn ngủ sớm.,medium,comment_only_no_parent_or_post_text
521872813355234,521795543362961,Xin tip k trượt bắn súng đc k a,ptit_2k5,https://www.facebook.com/groups/2k5ptit,2026-10-06T08:59:42.179065+00:00,521872813355234,source,1089,,neutral,ai,ai_labeled,Xin mẹo qua bắn súng.,low,comment_only_no_parent_or_post_text
521874570021725,521795543362961,Đỗ Tùng kiểu anh bắn chơi chơi nma đạn nó tự trúng bia ý,ptit_2k5,https://www.facebook.com/groups/2k5ptit,2026-10-06T08:59:42.179065+00:00,521874570021725,source,1090,,neutral,ai,ai_labeled,Kể cách bắn theo giọng đùa.,medium,comment_only_no_parent_or_post_text
521905553351960,521822990026883,Nguyễn Hữu Việt top 2 là ai v anh :)),ptit_2k5,https://www.facebook.com/groups/2k5ptit,2026-10-06T08:59:42.163935+00:00,521905553351960,source,1091,,neutral,ai,ai_labeled,Hỏi vị trí xếp hạng hai.,low,comment_only_no_parent_or_post_text
522346319974550,522345346641314,Học bóng chuyền bóng rổ:Đ theo review t thấy chị t bảo bóng rổ khó hơn bóng chuyền nhiều nên dễ tạch,ptit_2k5,https://www.facebook.com/groups/2k5ptit,2026-10-06T08:59:43.690966+00:00,522346319974550,source,1092,,neutral,ai,ai_labeled,So sánh độ khó môn thể thao.,medium,comment_only_no_parent_or_post_text
522346556641193,522345346641314,Nguyễn Nga tr ơi cấp 3 e thi đã đời mới qua môn bóng rổ,ptit_2k5,https://www.facebook.com/groups/2k5ptit,2026-10-06T08:59:43.690966+00:00,522346556641193,source,1093,,negative,ai,ai_labeled,Than khó qua bóng rổ trước đây.,medium,comment_only_no_parent_or_post_text
522348513307664,521795543362961,mất 250k nạp vip mới qua e ạ,ptit_2k5,https://www.facebook.com/groups/2k5ptit,2026-10-06T08:59:42.179065+00:00,522348513307664,source,1094,,negative,ai,ai_labeled,Mỉa phải nạp tiền mới qua.,high,comment_only_no_parent_or_post_text
522370219972160,522345346641314,"Bóng chuyền bóng rổ thôi, !dễ lăm",ptit_2k5,https://www.facebook.com/groups/2k5ptit,2026-10-06T08:59:43.690966+00:00,522370219972160,source,1095,,positive,ai,ai_labeled,Đánh giá môn bóng dễ.,medium,comment_only_no_parent_or_post_text
522810209928161,521795543362961,Tuyệt vời nhé,ptit_2k5,https://www.facebook.com/groups/2k5ptit,2026-10-06T08:59:42.179065+00:00,522810209928161,source,1096,,positive,ai,ai_labeled,Khen tuyệt vời.,low,comment_only_no_parent_or_post_text
525162503026265,525155149693667,"cái cơ hội làm việc, lương, độ ổn định thì nó thiên về tương lai chứ",ptit_2k5,https://www.facebook.com/groups/2k5ptit,2026-10-06T08:59:43.807818+00:00,525162503026265,source,1097,,neutral,ai,ai_labeled,Nêu cơ hội nghề thuộc tương lai.,low,comment_only_no_parent_or_post_text
525165296359319,525155149693667,Hóng cùng,ptit_2k5,https://www.facebook.com/groups/2k5ptit,2026-10-06T08:59:43.807818+00:00,525165296359319,source,1098,,neutral,ai,ai_labeled,Theo dõi cùng.,low,comment_only_no_parent_or_post_text
525190533023462,525155149693667,"Lam Anh e đang hỏi về tương lại ạ, ngành nào rộng mở hơn ạ",ptit_2k5,https://www.facebook.com/groups/2k5ptit,2026-10-06T08:59:43.807818+00:00,525190533023462,source,1099,,neutral,ai,ai_labeled,Hỏi ngành có tương lai rộng.,low,comment_only_no_parent_or_post_text
525191309690051,525155149693667,Nguyễn Hoàng Mỗi ngành nó có sự khác nhau. Em có thể tham khảo lộ trình học của 2 ngành này trên web nhé https://daotao.ptit.edu.vn/,ptit_2k5,https://www.facebook.com/groups/2k5ptit,2026-10-06T08:59:43.807818+00:00,525191309690051,source,1100,,neutral,ai,ai_labeled,Khuyên so lộ trình trên web.,low,comment_only_no_parent_or_post_text
525254706350378,525155149693667,tớ nghe nói công nghệ đa pt có môn vẽ khó lắm ý nếu không có năng khiếu thì kh nên vào c ạ,ptit_2k5,https://www.facebook.com/groups/2k5ptit,2026-10-06T08:59:43.807818+00:00,525254706350378,source,1101,,neutral,ai,ai_labeled,Tư vấn môn vẽ cần năng khiếu.,medium,comment_only_no_parent_or_post_text
525263459682836,525155149693667,"vẫn có vẽ à cậu, tớ đọc vài trang thấy có chuyên ngành ko cần vẽ ấy",ptit_2k5,https://www.facebook.com/groups/2k5ptit,2026-10-06T08:59:43.807818+00:00,525263459682836,source,1102,,neutral,ai,ai_labeled,Hỏi ngành còn cần vẽ không.,low,comment_only_no_parent_or_post_text
525292716346577,525155149693667,Nguyễn Hoàng trên trang của ptit t tửng xem video một thầy của trường nói về ngàh luôn.,ptit_2k5,https://www.facebook.com/groups/2k5ptit,2026-10-06T08:59:43.807818+00:00,525292716346577,source,1103,,neutral,ai,ai_labeled,Nêu nguồn video đã xem.,low,comment_only_no_parent_or_post_text
525644056311443,522345346641314,"Người tham gia ẩn danh nếu em chịu khó vận động xíu thì k khó đâu, hai môn bóng chuyền vs bóng rổ em ạ. nó chỉ khó nếu ta luyện chưa đủ nhiều thôi á",ptit_2k5,https://www.facebook.com/groups/2k5ptit,2026-10-06T08:59:43.690966+00:00,525644056311443,source,1104,,positive,ai,ai_labeled,Đánh giá không khó khi luyện đủ.,medium,comment_only_no_parent_or_post_text
526058639603318,526030289606153,khi nào nhập học sẽ có đợt đki ở ktx nha,ptit_2k5,https://www.facebook.com/groups/2k5ptit,2026-10-06T08:59:42.213286+00:00,526058639603318,source,1105,,neutral,ai,ai_labeled,Nêu đợt đăng ký ký túc.,low,comment_only_no_parent_or_post_text
526059082936607,526030289606153,Phạm Đức Việt review,ptit_2k5,https://www.facebook.com/groups/2k5ptit,2026-10-06T08:59:42.213286+00:00,526059082936607,source,1106,,neutral,ai,ai_labeled,Nhờ review.,low,comment_only_no_parent_or_post_text
526060822936433,526030289606153,"Ktx thì đầu năm lúc nhập học đk hoặc lúc nạp tiền học có vài đối tượng đc dk trước. Ktx ptit có 3 toà. B1 và b5 trong trường, b2 ngoài trường. B1 là ktx vip, có điều hoà, nl các kiểu và 1,2 tr 1 tháng/1 ng. B2 a ko rõ nhưng cũng giống b5, ko đh, ko nl, ko có csvc gì đâu. Phòng 8 ng. Ở ktx thì dc cái vui, quen nhiều bann, ko chỉ phòng mình mà cả tá phòng luôn.b2 và b5 180k/ tháng, điện trường cho free 1 tháng 80 số, nước free nhưng ko ăn đc",ptit_2k5,https://www.facebook.com/groups/2k5ptit,2026-10-06T08:59:42.213286+00:00,526060822936433,source,1107,,neutral,ai,ai_labeled,"Review cơ sở, giá và niềm vui; ưu nhược cân bằng.",high,comment_only_no_parent_or_post_text
526060979603084,526030289606153,"Chạy lẹ đi em 
 , gặp đc b Mai Phươngg mất ngủ",ptit_2k5,https://www.facebook.com/groups/2k5ptit,2026-10-06T08:59:42.213286+00:00,526060979603084,source,1108,,negative,ai,ai_labeled,"Khuyên chạy vì mất ngủ, có thể đùa.",high,comment_only_no_parent_or_post_text
526065546269294,526030289606153,sao vậy chị,ptit_2k5,https://www.facebook.com/groups/2k5ptit,2026-10-06T08:59:42.213286+00:00,526065546269294,source,1109,,neutral,ai,ai_labeled,Hỏi nguyên nhân.,low,comment_only_no_parent_or_post_text
526065956269253,526030289606153,Nguyễn Trường Linh nhắc đến nước là một câu chuyện buồn,ptit_2k5,https://www.facebook.com/groups/2k5ptit,2026-10-06T08:59:42.213286+00:00,526065956269253,source,1110,,negative,ai,ai_labeled,Gọi chuyện nước là buồn.,medium,comment_only_no_parent_or_post_text
526068789602303,526030289606153,2k4 nhưng mn cho mình hỏi là sinh viên kp năm nhất có dc dk vào ktx ko ạ,ptit_2k5,https://www.facebook.com/groups/2k5ptit,2026-10-06T08:59:42.213286+00:00,526068789602303,source,1111,,neutral,ai,ai_labeled,Hỏi năm trên đăng ký ký túc.,low,comment_only_no_parent_or_post_text
526072746268574,526030289606153,Nguyễn Trường Linh hay quá bổ ích,ptit_2k5,https://www.facebook.com/groups/2k5ptit,2026-10-06T08:59:42.213286+00:00,526072746268574,source,1112,,positive,ai,ai_labeled,Khen hay và bổ ích.,low,comment_only_no_parent_or_post_text
526076759601506,526030289606153,"Ktx b5 180/ 1 tháng , trường rất thoáng em mở cả sở thú cũng được 
 , cho nấu ăn thoải mái , ở đấy có lúc chơi bài thâu đêm đến sáng nghỉ học",ptit_2k5,https://www.facebook.com/groups/2k5ptit,2026-10-06T08:59:42.213286+00:00,526076759601506,source,1113,,positive,ai,ai_labeled,Khen tự do ký túc qua phóng đại sở thú.,high,comment_only_no_parent_or_post_text
526086062933909,526030289606153,Nguyễn Trường Linh Tv tâm huyết quá a,ptit_2k5,https://www.facebook.com/groups/2k5ptit,2026-10-06T08:59:42.213286+00:00,526086062933909,source,1114,,positive,ai,ai_labeled,Khen tâm huyết.,low,comment_only_no_parent_or_post_text
526089119600270,526030289606153,Cơ sở vất chất trường ổn khum ạ,ptit_2k5,https://www.facebook.com/groups/2k5ptit,2026-10-06T08:59:42.213286+00:00,526089119600270,source,1115,,neutral,ai,ai_labeled,Hỏi cơ sở vật chất.,low,comment_only_no_parent_or_post_text
526127562929759,526030289606153,Nguyễn Trường Linh sao nc lại ko ăn dc ạ,ptit_2k5,https://www.facebook.com/groups/2k5ptit,2026-10-06T08:59:42.213286+00:00,526127562929759,source,1116,,neutral,ai,ai_labeled,Hỏi nước không dùng ăn được.,low,comment_only_no_parent_or_post_text
526129682929547,526030289606153,Nguyễn Trường Linh quan hệ rộng ghê,ptit_2k5,https://www.facebook.com/groups/2k5ptit,2026-10-06T08:59:42.213286+00:00,526129682929547,source,1117,,positive,ai,ai_labeled,Khen quan hệ rộng.,medium,comment_only_no_parent_or_post_text
526593709549811,525155149693667,Tiến Nguyễn gì z anh tiến :)),ptit_2k5,https://www.facebook.com/groups/2k5ptit,2026-10-06T08:59:43.807818+00:00,526593709549811,source,1119,,neutral,ai,ai_labeled,Hỏi chuyện gì kèm cười.,high,comment_only_no_parent_or_post_text
526861742856341,526030289606153,"Nguyễn Trường Linh cho cô hỏi ,ktx ở B1 có cho các bạn nấu ăn ko vậy?",ptit_2k5,https://www.facebook.com/groups/2k5ptit,2026-10-06T08:59:42.213286+00:00,526861742856341,source,1120,,neutral,ai,ai_labeled,Hỏi ký túc cho nấu ăn.,low,comment_only_no_parent_or_post_text
532048469004335,532038775671971,Lại mua bán rồi,ptit_2k5,https://www.facebook.com/groups/2k5ptit,2026-10-06T08:59:42.235708+00:00,532048469004335,source,1122,,negative,ai,ai_labeled,"Nhắc lại mua bán bằng giọng ngán, cần ngữ cảnh.",high,comment_only_no_parent_or_post_text
532052329003949,532038775671971,qtam ạ,ptit_2k5,https://www.facebook.com/groups/2k5ptit,2026-10-06T08:59:42.235708+00:00,532052329003949,source,1123,,neutral,ai,ai_labeled,Theo dõi quan tâm.,low,comment_only_no_parent_or_post_text
532101768999005,532038775671971,._. Phải 730+ mới full a+ nhé còn đầu vào min cần có 225/990 thôi nha mn,ptit_2k5,https://www.facebook.com/groups/2k5ptit,2026-10-06T08:59:42.235708+00:00,532101768999005,source,1124,,neutral,ai,ai_labeled,Giải thích ngưỡng quy đổi và đầu vào.,low,comment_only_no_parent_or_post_text
532110008998181,532038775671971,Quan tâm,ptit_2k5,https://www.facebook.com/groups/2k5ptit,2026-10-06T08:59:42.235708+00:00,532110008998181,source,1125,,neutral,ai,ai_labeled,Theo dõi quan tâm.,low,comment_only_no_parent_or_post_text
532160058993176,532038775671971,Khánh Nhật ib c,ptit_2k5,https://www.facebook.com/groups/2k5ptit,2026-10-06T08:59:42.235708+00:00,532160058993176,source,1126,,neutral,ai,ai_labeled,Mời inbox.,low,comment_only_no_parent_or_post_text
532204922322023,532038775671971,chưa có điêmr quy đổi học phần course 3 plus thì phải thi hay sao ạ,ptit_2k5,https://www.facebook.com/groups/2k5ptit,2026-10-06T08:59:42.235708+00:00,532204922322023,source,1127,,neutral,ai,ai_labeled,Hỏi thiếu điểm quy đổi phải thi không.,low,comment_only_no_parent_or_post_text
532279612314554,532038775671971,Sơn Trà học đê bạn ơi,ptit_2k5,https://www.facebook.com/groups/2k5ptit,2026-10-06T08:59:42.235708+00:00,532279612314554,source,1128,,neutral,ai,ai_labeled,Khuyên học.,low,comment_only_no_parent_or_post_text
532283082314207,532038775671971,Phuong Anh Nguyen kbiet có dc vào trường k nhma nếu có thì mong đừng test speaking là dc,ptit_2k5,https://www.facebook.com/groups/2k5ptit,2026-10-06T08:59:42.235708+00:00,532283082314207,source,1129,,negative,ai,ai_labeled,Lo không muốn test nói.,medium,comment_only_no_parent_or_post_text
532326438976538,532038775671971,"Đổi điểm môn Tiếng anh trên trường, mà “không muốn học tiếng anh” thì chịu rồi :)))))",ptit_2k5,https://www.facebook.com/groups/2k5ptit,2026-10-06T08:59:42.235708+00:00,532326438976538,source,1130,,negative,ai,ai_labeled,Phê bình muốn đổi mà không học tiếng Anh.,high,comment_only_no_parent_or_post_text
532398185636030,532038775671971,Linh Lê e d bao nhiêu đổi điểm chứng chỉ gì,ptit_2k5,https://www.facebook.com/groups/2k5ptit,2026-10-06T08:59:42.235708+00:00,532398185636030,source,1132,,neutral,ai,ai_labeled,Hỏi khóa và chứng chỉ.,low,comment_only_no_parent_or_post_text
532398285636020,532038775671971,Phuong Anh Nguyen có e,ptit_2k5,https://www.facebook.com/groups/2k5ptit,2026-10-06T08:59:42.235708+00:00,532398285636020,source,1133,,neutral,ai,ai_labeled,"Xác nhận có, thiếu câu trước.",high,comment_only_no_parent_or_post_text
532399792302536,532038775671971,Nguyệt Anh Mun nma học phí mới giảm rồi chị ạ :)),ptit_2k5,https://www.facebook.com/groups/2k5ptit,2026-10-06T08:59:42.235708+00:00,532399792302536,source,1134,,neutral,ai,ai_labeled,Đính chính phí đã giảm.,low,comment_only_no_parent_or_post_text
532407798968402,532038775671971,Thanh Tâm ơ thông báo đâu v,ptit_2k5,https://www.facebook.com/groups/2k5ptit,2026-10-06T08:59:42.235708+00:00,532407798968402,source,1135,,neutral,ai,ai_labeled,Hỏi thông báo ở đâu.,low,comment_only_no_parent_or_post_text
532410885634760,532038775671971,Nguyệt Anh Mun từ đầu hk2 của d22 rồi :)),ptit_2k5,https://www.facebook.com/groups/2k5ptit,2026-10-06T08:59:42.235708+00:00,532410885634760,source,1136,,neutral,ai,ai_labeled,Nêu mốc thời gian.,low,comment_only_no_parent_or_post_text
532450705630778,532038775671971,Nguyệt Anh Mun ielts 5.5 ạ,ptit_2k5,https://www.facebook.com/groups/2k5ptit,2026-10-06T08:59:42.235708+00:00,532450705630778,source,1137,,neutral,ai,ai_labeled,Nêu điểm IELTS.,low,comment_only_no_parent_or_post_text
532512845624564,532491605626688,"ko bạn, đc cái bằng chính quy thôi chứ chương trình học khác",ptit_2k5,https://www.facebook.com/groups/2k5ptit,2026-10-06T08:59:43.551163+00:00,532512845624564,source,1138,,neutral,ai,ai_labeled,Phân biệt bằng và chương trình.,low,comment_only_no_parent_or_post_text
532516422290873,532491605626688,Lương Lê các chính sách vẫn như nhau đúng không ạ,ptit_2k5,https://www.facebook.com/groups/2k5ptit,2026-10-06T08:59:43.551163+00:00,532516422290873,source,1139,,neutral,ai,ai_labeled,Hỏi chính sách có giống nhau.,low,comment_only_no_parent_or_post_text
532574712285044,532038775671971,Sơn Trà 4 kĩ năng =)))),ptit_2k5,https://www.facebook.com/groups/2k5ptit,2026-10-06T08:59:42.235708+00:00,532574712285044,source,1140,,neutral,ai,ai_labeled,Nêu bốn kỹ năng.,low,comment_only_no_parent_or_post_text
532574898951692,532038775671971,Phuong Anh Nguyen =)) đợi vào dc trường r tính v,ptit_2k5,https://www.facebook.com/groups/2k5ptit,2026-10-06T08:59:42.235708+00:00,532574898951692,source,1141,,neutral,ai,ai_labeled,Khuyên đợi vào trường rồi tính.,medium,comment_only_no_parent_or_post_text
532577138951468,532491605626688,Nếu giống mà đào tạo chất lượng như nhau thì chắc chả cần phải thi để vào chính quy làm gì cho mệt. Chỉ có phôi bằng là giống nhau thôi,ptit_2k5,https://www.facebook.com/groups/2k5ptit,2026-10-06T08:59:43.551163+00:00,532577138951468,source,1142,,negative,ai,ai_labeled,"Hoài nghi chất lượng hệ khác, so với chính quy.",medium,comment_only_no_parent_or_post_text
532583268950855,532491605626688,"Cao Duy Tuân z có nên học hệ VLVH không ạ, anh cho em xin lời khuyên với ạ",ptit_2k5,https://www.facebook.com/groups/2k5ptit,2026-10-06T08:59:43.551163+00:00,532583268950855,source,1143,,neutral,ai,ai_labeled,Xin lời khuyên hệ vừa làm vừa học.,low,comment_only_no_parent_or_post_text
532586972283818,532491605626688,Người tham gia ẩn danh ib a,ptit_2k5,https://www.facebook.com/groups/2k5ptit,2026-10-06T08:59:43.551163+00:00,532586972283818,source,1144,near_duplicate_candidate,neutral,ai,ai_labeled,Mời nhắn riêng.,low,comment_only_no_parent_or_post_text
532607185615130,532038775671971,Vào clc có cc toeic đc xét tuyển thẳng ko ạ?,ptit_2k5,https://www.facebook.com/groups/2k5ptit,2026-10-06T08:59:42.235708+00:00,532607185615130,source,1145,,neutral,ai,ai_labeled,Hỏi tuyển thẳng bằng TOEIC.,low,comment_only_no_parent_or_post_text
532610115614837,532038775671971,"Huy Do Dang clc xet nhiều yếu tố e , miễn thi đầu vào thôi",ptit_2k5,https://www.facebook.com/groups/2k5ptit,2026-10-06T08:59:42.235708+00:00,532610115614837,source,1146,,neutral,ai,ai_labeled,Giải thích chỉ miễn thi đầu vào.,low,comment_only_no_parent_or_post_text
532610552281460,532038775671971,"Linh Lê tức là e chưa đổi , nếu tới kì học r mà chưa có chứng chỉ tượg ưng vẫn đk hoci và thi như bình thường",ptit_2k5,https://www.facebook.com/groups/2k5ptit,2026-10-06T08:59:42.235708+00:00,532610552281460,source,1147,,neutral,ai,ai_labeled,Hướng dẫn học thi nếu chưa đổi.,low,comment_only_no_parent_or_post_text
532650435610805,532491605626688,Bùi Nhật Mai hỏi chị này nha,ptit_2k5,https://www.facebook.com/groups/2k5ptit,2026-10-06T08:59:43.551163+00:00,532650435610805,source,1148,,neutral,ai,ai_labeled,Giới thiệu người giải đáp.,low,comment_only_no_parent_or_post_text
532668652275650,532038775671971,"Linh Lê đúng r em , nhưng 5,5 đổi dc 10-9-9",ptit_2k5,https://www.facebook.com/groups/2k5ptit,2026-10-06T08:59:42.235708+00:00,532668652275650,source,1149,,neutral,ai,ai_labeled,Nêu điểm được quy đổi.,low,comment_only_no_parent_or_post_text
532705705605278,532491605626688,Mình ké với ạ,ptit_2k5,https://www.facebook.com/groups/2k5ptit,2026-10-06T08:59:43.551163+00:00,532705705605278,source,1150,,neutral,ai,ai_labeled,Xin theo dõi cùng.,low,comment_only_no_parent_or_post_text
533083988900783,532491605626688,bạn quan tâm ib mình tv nhé,ptit_2k5,https://www.facebook.com/groups/2k5ptit,2026-10-06T08:59:43.551163+00:00,533083988900783,source,1151,,neutral,ai,ai_labeled,Mời inbox tư vấn.,medium,comment_only_no_parent_or_post_text
533106105565238,532491605626688,Cao Duy Tuân rep e với ạ,ptit_2k5,https://www.facebook.com/groups/2k5ptit,2026-10-06T08:59:43.551163+00:00,533106105565238,source,1152,,neutral,ai,ai_labeled,Nhờ trả lời.,low,comment_only_no_parent_or_post_text
533192182223297,532491605626688,Cao Duy Tuân e nx,ptit_2k5,https://www.facebook.com/groups/2k5ptit,2026-10-06T08:59:43.551163+00:00,533192182223297,source,1153,,neutral,ai,ai_labeled,Xin cùng tham gia.,low,comment_only_no_parent_or_post_text
533549078854274,532491605626688,khác nh k ?,ptit_2k5,https://www.facebook.com/groups/2k5ptit,2026-10-06T08:59:43.551163+00:00,533549078854274,source,1154,,neutral,ai,ai_labeled,Hỏi mức khác biệt.,low,comment_only_no_parent_or_post_text
533724328836749,532491605626688,Lương Lê chương trình học của hệ Vừa làm vừa học giống hệt như chính quy e nhé.,ptit_2k5,https://www.facebook.com/groups/2k5ptit,2026-10-06T08:59:43.551163+00:00,533724328836749,source,1155,,neutral,ai,ai_labeled,Nêu chương trình giống chính quy.,low,comment_only_no_parent_or_post_text
534032402139275,533988578810324,"1 kì được đki tối đa 25 tín chỉ, nhưng không được học vượt, tín chỉ thừa ra để cho học lại thôi",ptit_2k5,https://www.facebook.com/groups/2k5ptit,2026-10-06T08:59:42.263664+00:00,534032402139275,source,1156,,neutral,ai,ai_labeled,Giải thích giới hạn tín chỉ.,low,comment_only_no_parent_or_post_text
535143358694846,535136578695524,Nhận em nhé,ptit_2k5,https://www.facebook.com/groups/2k5ptit,2026-10-06T08:59:43.703211+00:00,535143358694846,source,1157,,neutral,ai,ai_labeled,Nêu trường nhận.,low,comment_only_no_parent_or_post_text
535143502028165,535136578695524,Thi được khi em đang học 1 trường khác,ptit_2k5,https://www.facebook.com/groups/2k5ptit,2026-10-06T08:59:43.703211+00:00,535143502028165,source,1158,,neutral,ai,ai_labeled,Nêu vẫn được thi khi học nơi khác.,low,comment_only_no_parent_or_post_text
535170272025488,535136578695524,"Em đang học ở đâu khum quan trọng đâu, quan trọng là đủ điểm thoi",ptit_2k5,https://www.facebook.com/groups/2k5ptit,2026-10-06T08:59:43.703211+00:00,535170272025488,source,1159,,neutral,ai,ai_labeled,Giải thích chỉ cần đủ điểm.,low,comment_only_no_parent_or_post_text
535303215345527,535136578695524,"Phạm Minh Hạnh dạ vâng em cảm ơn ạ, còn nếu em học ngành khác cùng trường thì trường thì trường không nhận đúng không ạ",ptit_2k5,https://www.facebook.com/groups/2k5ptit,2026-10-06T08:59:43.703211+00:00,535303215345527,source,1160,,neutral,ai,ai_labeled,Hỏi trường nhận khi học ngành khác.,low,comment_only_no_parent_or_post_text
535303502012165,535136578695524,Nguyễn Hữu Việt học trái ngành trái ban vẫn thi lại và được nhận nếu đủ điểm đỗ đúng không ạ?,ptit_2k5,https://www.facebook.com/groups/2k5ptit,2026-10-06T08:59:43.703211+00:00,535303502012165,source,1161,,neutral,ai,ai_labeled,Hỏi thi lại trái ngành.,low,comment_only_no_parent_or_post_text
535304072012108,535136578695524,Người tham gia ẩn danh ừ bro chỉ cần bro đủ điểm đỗ xong nộp đki nguyện vọng rồi có kết quả đỗ thì ra trường đh kia rút hồ sơ học bạ các thứ là được,ptit_2k5,https://www.facebook.com/groups/2k5ptit,2026-10-06T08:59:43.703211+00:00,535304072012108,source,1162,,neutral,ai,ai_labeled,Hướng dẫn thi và rút hồ sơ.,low,comment_only_no_parent_or_post_text
535306045345244,535136578695524,"Trường nhận chứ, em mình thiếu điểm vào công nghệ thông tin, em học tiếng Nhật. Sau hai năm , em thi lại vào Khoa công nghệ thông tin của trường đó luôn, ra trường chậm 2 năm so với các bạn.",ptit_2k5,https://www.facebook.com/groups/2k5ptit,2026-10-06T08:59:43.703211+00:00,535306045345244,source,1163,,neutral,ai,ai_labeled,Kể trường nhận thi lại đổi ngành.,low,comment_only_no_parent_or_post_text
535333075342541,535136578695524,"Phạm Minh Hạnh ui anh ơi em đang có ý định học hệ từ xa ngành quản trị kinh doanh của trường mình, năm sau em thi lại vào cn đpt vẫn được ạ 
 lúc đầu em được 1 chị tư vấn chị í bảo trường kô cho chuyển sang ạ",ptit_2k5,https://www.facebook.com/groups/2k5ptit,2026-10-06T08:59:43.703211+00:00,535333075342541,source,1164,,neutral,ai,ai_labeled,Hỏi học từ xa rồi thi lại.,low,comment_only_no_parent_or_post_text
535333515342497,535136578695524,Nguyễn Hữu Việt dạ em cảm ơn anh nhiều <33,ptit_2k5,https://www.facebook.com/groups/2k5ptit,2026-10-06T08:59:43.703211+00:00,535333515342497,source,1165,,positive,ai,ai_labeled,Cảm ơn nhiều kèm trái tim.,low,comment_only_no_parent_or_post_text
535438775331971,532491605626688,Nên học hay k ạ?,ptit_2k5,https://www.facebook.com/groups/2k5ptit,2026-10-06T08:59:43.551163+00:00,535438775331971,source,1166,,neutral,ai,ai_labeled,Xin lời khuyên có nên học.,low,comment_only_no_parent_or_post_text
538192935056555,532038775671971,"mình có share khóa toeic cô Mai Phương và Prep 50k, ai cần ib nhé",ptit_2k5,https://www.facebook.com/groups/2k5ptit,2026-10-06T08:59:42.235708+00:00,538192935056555,source,1170,,neutral,ai,ai_labeled,Chia sẻ khóa học có phí.,medium,comment_only_no_parent_or_post_text
541070434768805,541057968103385,Duy Thanh em cảm ơn ạ,ptit_2k5,https://www.facebook.com/groups/2k5ptit,2026-10-06T08:59:42.290981+00:00,541070434768805,source,1179,,positive,ai,ai_labeled,Cảm ơn trực tiếp.,low,comment_only_no_parent_or_post_text
541595181382997,541590211383494,Baoh thi thế ạ,ptit_2k5,https://www.facebook.com/groups/2k5ptit,2026-10-06T08:59:42.398567+00:00,541595181382997,source,1188,,neutral,ai,ai_labeled,Hỏi khi nào thi.,low,comment_only_no_parent_or_post_text
541598764715972,541590211383494,"miễn thi tiếng anh ib c nhé , có chứng chỉ miễn học miễn thi 14 tín luôn",ptit_2k5,https://www.facebook.com/groups/2k5ptit,2026-10-06T08:59:42.398567+00:00,541598764715972,source,1189,,neutral,ai,ai_labeled,"Mời chứng chỉ miễn học, cần rà quảng cáo.",high,comment_only_no_parent_or_post_text
541606734715175,541590211383494,Phạm Huyền Trang nè,ptit_2k5,https://www.facebook.com/groups/2k5ptit,2026-10-06T08:59:42.398567+00:00,541606734715175,source,1190,,neutral,ai,ai_labeled,"Chỉ nè, thiếu thứ được chỉ.",high,comment_only_no_parent_or_post_text
541609568048225,541590211383494,thắc mắc gì thì cứ hỏi chị nhé,ptit_2k5,https://www.facebook.com/groups/2k5ptit,2026-10-06T08:59:42.398567+00:00,541609568048225,source,1191,,positive,ai,ai_labeled,Thiện chí mời hỏi thêm.,medium,comment_only_no_parent_or_post_text
541610721381443,541590211383494,Đỗ Hoàng Hiệp cứu,ptit_2k5,https://www.facebook.com/groups/2k5ptit,2026-10-06T08:59:42.398567+00:00,541610721381443,source,1192,,neutral,ai,ai_labeled,"Xin cứu, thiếu vấn đề gốc.",high,comment_only_no_parent_or_post_text
541610924714756,541590211383494,Hoang Manh có thắc mắc gì cứ hỏi c nhe,ptit_2k5,https://www.facebook.com/groups/2k5ptit,2026-10-06T08:59:42.398567+00:00,541610924714756,source,1193,,positive,ai,ai_labeled,Thiện chí sẵn sàng giải đáp.,medium,comment_only_no_parent_or_post_text
541611941381321,541590211383494,Tuyết Nhi học đi thôi,ptit_2k5,https://www.facebook.com/groups/2k5ptit,2026-10-06T08:59:42.398567+00:00,541611941381321,source,1194,,neutral,ai,ai_labeled,Khuyên học.,low,comment_only_no_parent_or_post_text
541618861380629,541590211383494,Nguyễn Huy nầy,ptit_2k5,https://www.facebook.com/groups/2k5ptit,2026-10-06T08:59:42.398567+00:00,541618861380629,source,1195,,neutral,ai,ai_labeled,"Chỉ nầy, thiếu đối tượng.",high,comment_only_no_parent_or_post_text
541619844713864,541590211383494,"Thi còn có cơ hội, bỏ thì hetcuu nhé",ptit_2k5,https://www.facebook.com/groups/2k5ptit,2026-10-06T08:59:42.398567+00:00,541619844713864,source,1196,,positive,ai,ai_labeled,Động viên thi vẫn có cơ hội.,medium,comment_only_no_parent_or_post_text
541628444713004,541590211383494,Em xin khoá học với ạ,ptit_2k5,https://www.facebook.com/groups/2k5ptit,2026-10-06T08:59:42.398567+00:00,541628444713004,source,1197,near_duplicate_candidate,neutral,ai,ai_labeled,Xin khóa học.,low,comment_only_no_parent_or_post_text
541645904711258,541590211383494,E xin khoá học với ạ,ptit_2k5,https://www.facebook.com/groups/2k5ptit,2026-10-06T08:59:42.399588+00:00,541645904711258,source,1201,near_duplicate_candidate,neutral,ai,ai_labeled,Xin khóa học.,low,comment_only_no_parent_or_post_text
541661658043016,541590211383494,Hoang Manh ụa ai biết gì,ptit_2k5,https://www.facebook.com/groups/2k5ptit,2026-10-06T08:59:42.398567+00:00,541661658043016,source,1206,,neutral,ai,ai_labeled,Nói không biết thông tin.,medium,comment_only_no_parent_or_post_text
541681204707728,541590211383494,Hoang Manh em biết gì đâu anh,ptit_2k5,https://www.facebook.com/groups/2k5ptit,2026-10-06T08:59:42.398567+00:00,541681204707728,source,1210,,neutral,ai,ai_labeled,Nói không biết.,low,comment_only_no_parent_or_post_text
541892591353256,541804878028694,Ib chị ikk,ptit_2k5,https://www.facebook.com/groups/2k5ptit,2026-10-06T08:59:43.617075+00:00,541892591353256,source,1214,,neutral,ai,ai_labeled,Mời inbox.,low,comment_only_no_parent_or_post_text
541957504680098,541804878028694,"Nói chung học marketing ở một trường kĩ thuật là 1 điều gì đó, ib tớ rv tâm sự trải nghiệm của mình cho",ptit_2k5,https://www.facebook.com/groups/2k5ptit,2026-10-06T08:59:43.617075+00:00,541957504680098,source,1215,,negative,ai,ai_labeled,"Hoài nghi marketing trường kỹ thuật, cần rà mỉa.",high,comment_only_no_parent_or_post_text
542077044668144,541804878028694,Nguyễn Thùy Linh chị ơi chị rep ib e với ạ,ptit_2k5,https://www.facebook.com/groups/2k5ptit,2026-10-06T08:59:43.617075+00:00,542077044668144,source,1223,,neutral,ai,ai_labeled,Nhờ trả lời inbox.,low,comment_only_no_parent_or_post_text
542077124668136,541804878028694,Mạnh Nam anh ơi anh rep ib e với ạ,ptit_2k5,https://www.facebook.com/groups/2k5ptit,2026-10-06T08:59:43.617075+00:00,542077124668136,source,1224,,neutral,ai,ai_labeled,Nhờ trả lời inbox.,low,comment_only_no_parent_or_post_text
542963351246180,542861904589658,"trg cho e thực tập, còn chê thì ra bên khác nhé",ptit_2k5,https://www.facebook.com/groups/2k5ptit,2026-10-06T08:59:43.932317+00:00,542963351246180,source,1226,,negative,ai,ai_labeled,Trách chê chỗ trường bố trí.,medium,comment_only_no_parent_or_post_text
543080301234485,541804878028694,Mạnh Nam a ui a rep ib e vơi ạ,ptit_2k5,https://www.facebook.com/groups/2k5ptit,2026-10-06T08:59:43.617075+00:00,543080301234485,source,1227,,neutral,ai,ai_labeled,Nhờ trả lời inbox.,low,comment_only_no_parent_or_post_text
543634641179051,543630617846120,"Ai mà biết được bạn, làm chuột bạch năm sau còn chia sẻ cho các em chứ ngành này chỉ có trường biết",ptit_2k5,https://www.facebook.com/groups/2k5ptit,2026-10-06T08:59:43.645073+00:00,543634641179051,source,1228,,negative,ai,ai_labeled,Chê thiếu thông tin qua chuột bạch.,high,comment_only_no_parent_or_post_text
543636657845516,543630617846120,Èo,ptit_2k5,https://www.facebook.com/groups/2k5ptit,2026-10-06T08:59:43.645073+00:00,543636657845516,source,1229,,negative,ai,ai_labeled,Cảm thán èo thiên hụt hẫng.,high,comment_only_no_parent_or_post_text
543640171178498,543630617846120,Sợ tương lai bấp bênh thì không nên học nha,ptit_2k5,https://www.facebook.com/groups/2k5ptit,2026-10-06T08:59:43.645073+00:00,543640171178498,source,1230,,neutral,ai,ai_labeled,Khuyên theo mức chấp nhận rủi ro.,medium,comment_only_no_parent_or_post_text
543644227844759,543630617846120,"? Ai bảo bạn kp giảng viên ptit dạy, ngành này vẫn trực thuộc hoci viện đào tạo ( các chị bên VMO bảo vậy) nên vẫn gv học viện dạy chứ ai nữa",ptit_2k5,https://www.facebook.com/groups/2k5ptit,2026-10-06T08:59:43.645073+00:00,543644227844759,source,1231,,neutral,ai,ai_labeled,Đính chính người dạy vẫn thuộc trường.,medium,comment_only_no_parent_or_post_text
543679964507852,543630617846120,học hệ này ra trường thì bằng tốt nghiệp là của trường bưu chính cấp ạ?,ptit_2k5,https://www.facebook.com/groups/2k5ptit,2026-10-06T08:59:43.645073+00:00,543679964507852,source,1232,,neutral,ai,ai_labeled,Hỏi đơn vị cấp bằng.,low,comment_only_no_parent_or_post_text
543696931172822,543630617846120,"What :)) 2k5 năm nay lms ấy, phân biệt cả hệ clc cả cử nhân =)))",ptit_2k5,https://www.facebook.com/groups/2k5ptit,2026-10-06T08:59:43.645073+00:00,543696931172822,source,1233,,neutral,ai,ai_labeled,"Nêu khác hệ và LMS, tiếng cười chưa rõ chê.",medium,comment_only_no_parent_or_post_text
543707464505102,543630617846120,"Nguyễn Tiến Đạt đơn vị phụ trách là Viện Khoa học Kỹ thuật Bưu điện trụ sở tại Hoàng Quốc Việt , phòng học được hoàn thiện bên đó rồi @@",ptit_2k5,https://www.facebook.com/groups/2k5ptit,2026-10-06T08:59:43.645073+00:00,543707464505102,source,1234,,neutral,ai,ai_labeled,Nêu đơn vị quản lý và nơi học.,low,comment_only_no_parent_or_post_text
543734171169098,543630617846120,Thanh Tâm giải cứu các bé đi,ptit_2k5,https://www.facebook.com/groups/2k5ptit,2026-10-06T08:59:43.645073+00:00,543734171169098,source,1235,,neutral,ai,ai_labeled,"Nhờ giúp các em, thiếu vấn đề.",high,comment_only_no_parent_or_post_text
543764381166077,543630617846120,Thanh Tâm em có thấy ngta nói về ngành này đâu c,ptit_2k5,https://www.facebook.com/groups/2k5ptit,2026-10-06T08:59:43.645073+00:00,543764381166077,source,1236,,neutral,ai,ai_labeled,Nói chưa thấy thông tin ngành.,low,comment_only_no_parent_or_post_text
543768967832285,543630617846120,Trần Phương Khang có bạn được review rất kĩ đó em :))),ptit_2k5,https://www.facebook.com/groups/2k5ptit,2026-10-06T08:59:43.645073+00:00,543768967832285,source,1237,,neutral,ai,ai_labeled,Nêu đã có review kỹ.,low,comment_only_no_parent_or_post_text
543769111165604,543630617846120,Thanh Tâm e thấy mỗi khu cntt,ptit_2k5,https://www.facebook.com/groups/2k5ptit,2026-10-06T08:59:43.645073+00:00,543769111165604,source,1238,,neutral,ai,ai_labeled,Nói chỉ thấy khu CNTT.,low,comment_only_no_parent_or_post_text
543769777832204,543630617846120,Trần Phương Khang có tận 11 khu liền đó em :)),ptit_2k5,https://www.facebook.com/groups/2k5ptit,2026-10-06T08:59:43.645073+00:00,543769777832204,source,1239,,neutral,ai,ai_labeled,Nêu có mười một khu.,low,comment_only_no_parent_or_post_text
543771437832038,543630617846120,Trần Phương Khang có mà e và nếu e vào hỏi bất kì ngành kĩ thuật nào gv cx có thể nói qua cho e về ngành cử nhân cntt,ptit_2k5,https://www.facebook.com/groups/2k5ptit,2026-10-06T08:59:43.645073+00:00,543771437832038,source,1240,,neutral,ai,ai_labeled,Hướng dẫn hỏi giảng viên.,low,comment_only_no_parent_or_post_text
543780971164418,543630617846120,Người tham gia ẩn danh được học ở hẳn nơi làm việc của các sếp mà vẫn lo không phải giảng viên ptit dạy à,ptit_2k5,https://www.facebook.com/groups/2k5ptit,2026-10-06T08:59:43.645073+00:00,543780971164418,source,1241,,neutral,ai,ai_labeled,Trấn an về người dạy bằng phản vấn.,medium,comment_only_no_parent_or_post_text
543828271159688,543630617846120,Người tham gia ẩn danh chỉ khác đơn vị quản lý về mặt hành chính thôi còn thầy cô vẫn là giảng viên PTIT,ptit_2k5,https://www.facebook.com/groups/2k5ptit,2026-10-06T08:59:43.645073+00:00,543828271159688,source,1242,,neutral,ai,ai_labeled,"Giải thích khác quản lý, cùng giảng viên.",low,comment_only_no_parent_or_post_text
543844514491397,543630617846120,Cho em hỏi là em có bằng IELTS rồi thì có đăng ký được miễn học và miễn thi đạt chuẩn đầu ra tiếng anh của học viện không ạ￼?,ptit_2k5,https://www.facebook.com/groups/2k5ptit,2026-10-06T08:59:43.645073+00:00,543844514491397,source,1243,,neutral,ai,ai_labeled,Hỏi miễn học thi bằng IELTS.,low,comment_only_no_parent_or_post_text
543966177812564,543864224489426,Đi học chứ còn cách nào cháu,ptit_2k5,https://www.facebook.com/groups/2k5ptit,2026-10-06T08:59:43.755891+00:00,543966177812564,source,1244,,neutral,ai,ai_labeled,Khuyên đi học.,medium,comment_only_no_parent_or_post_text
543967334479115,543864224489426,"K sao phải lo đâu em vì nhiều ngươi như em lắm, vẫn qua bình thường.",ptit_2k5,https://www.facebook.com/groups/2k5ptit,2026-10-06T08:59:43.756904+00:00,543967334479115,source,1245,,positive,ai,ai_labeled,Trấn an vẫn qua bình thường.,medium,comment_only_no_parent_or_post_text
543967754479073,543864224489426,K sao trượt thì nộp tiền cho trường thôi bạn :)),ptit_2k5,https://www.facebook.com/groups/2k5ptit,2026-10-06T08:59:43.756904+00:00,543967754479073,source,1246,,negative,ai,ai_labeled,Mỉa trượt chỉ cần nộp tiền.,high,comment_only_no_parent_or_post_text
543975031145012,543864224489426,Đi học thôi em,ptit_2k5,https://www.facebook.com/groups/2k5ptit,2026-10-06T08:59:43.756904+00:00,543975031145012,source,1247,,neutral,ai,ai_labeled,Khuyên học.,low,comment_only_no_parent_or_post_text
543975404478308,543864224489426,"Thì học đi bạn, mà ko phải lo tiếng anh dễ chơi",ptit_2k5,https://www.facebook.com/groups/2k5ptit,2026-10-06T08:59:43.756904+00:00,543975404478308,source,1248,,positive,ai,ai_labeled,Trấn an tiếng Anh dễ.,medium,comment_only_no_parent_or_post_text
543975751144940,543974347811747,Em ké vs ạ,ptit_2k5,https://www.facebook.com/groups/2k5ptit,2026-10-06T08:59:43.953306+00:00,543975751144940,source,1249,,neutral,ai,ai_labeled,Xin theo dõi cùng.,low,comment_only_no_parent_or_post_text
543976221144893,543974347811747,học ở cả 2 cơ sở hà đông với hqv hình như học đại cương thì ở hà đông thực tập thì sang hqv,ptit_2k5,https://www.facebook.com/groups/2k5ptit,2026-10-06T08:59:43.953306+00:00,543976221144893,source,1250,,neutral,ai,ai_labeled,Nêu địa điểm học/thực tập.,low,comment_only_no_parent_or_post_text
543980837811098,543864224489426,Học ielts lấy lại gốc dễ mà,ptit_2k5,https://www.facebook.com/groups/2k5ptit,2026-10-06T08:59:43.756904+00:00,543980837811098,source,1251,,positive,ai,ai_labeled,Đánh giá học lấy gốc dễ.,medium,comment_only_no_parent_or_post_text
544098877799294,543974347811747,"cần chứng chỉ tiếng anh miễn học miễn thi đổi điểm , chuẩn đầu ra ib c nhé",ptit_2k5,https://www.facebook.com/groups/2k5ptit,2026-10-06T08:59:43.953306+00:00,544098877799294,source,1252,,neutral,ai,ai_labeled,"Mời hỗ trợ chứng chỉ, cần rà quảng cáo.",high,comment_only_no_parent_or_post_text
544144374461411,543864224489426,Tiếng anh đầu vào ai đen lắm thì mới trượt thôi,ptit_2k5,https://www.facebook.com/groups/2k5ptit,2026-10-06T08:59:43.756904+00:00,544144374461411,source,1253,,positive,ai,ai_labeled,Đánh giá đầu vào dễ qua.,medium,comment_only_no_parent_or_post_text
545116844364164,541804878028694,Chau Anh b ơi anh bảo có ổn k b @@,ptit_2k5,https://www.facebook.com/groups/2k5ptit,2026-10-06T08:59:43.617075+00:00,545116844364164,source,1254,,neutral,ai,ai_labeled,Hỏi người khác đánh giá ổn không.,low,comment_only_no_parent_or_post_text
545241711018344,545131974362651,Ngành nào chả cần đi thực tập mới ra được trường á,ptit_2k5,https://www.facebook.com/groups/2k5ptit,2026-10-06T08:59:43.901301+00:00,545241711018344,source,1255,,neutral,ai,ai_labeled,Nêu thực tập là điều kiện tốt nghiệp.,low,comment_only_no_parent_or_post_text
545661027643079,545658100976705,đề án mới hình như cái này có ở phía Bắc á,ptit_2k5,https://www.facebook.com/groups/2k5ptit,2026-10-06T08:59:42.314515+00:00,545661027643079,source,1257,,neutral,ai,ai_labeled,Nêu đề án ở phía Bắc.,low,comment_only_no_parent_or_post_text
545661494309699,545658100976705,Bắc mới có hay sao mà :))),ptit_2k5,https://www.facebook.com/groups/2k5ptit,2026-10-06T08:59:42.314515+00:00,545661494309699,source,1258,,neutral,ai,ai_labeled,Phỏng đoán chỉ phía Bắc.,low,comment_only_no_parent_or_post_text
545663390976176,545658100976705,Quang Minh mình đọc ko thấy có h hoang mang quá:)),ptit_2k5,https://www.facebook.com/groups/2k5ptit,2026-10-06T08:59:42.314515+00:00,545663390976176,source,1259,,negative,ai,ai_labeled,Hoang mang vì không thấy thông tin.,medium,comment_only_no_parent_or_post_text
545665587642623,545658100976705,chắc chưa cập nhật b,ptit_2k5,https://www.facebook.com/groups/2k5ptit,2026-10-06T08:59:42.314515+00:00,545665587642623,source,1260,,neutral,ai,ai_labeled,Phỏng đoán chưa cập nhật.,low,comment_only_no_parent_or_post_text
545665724309276,545658100976705,Có thì mới lên trên hệ thống đấy,ptit_2k5,https://www.facebook.com/groups/2k5ptit,2026-10-06T08:59:42.314515+00:00,545665724309276,source,1261,,neutral,ai,ai_labeled,Giải thích thông tin có trên hệ thống.,low,comment_only_no_parent_or_post_text
545702710972244,545658100976705,Đề án mới nhất có mà,ptit_2k5,https://www.facebook.com/groups/2k5ptit,2026-10-06T08:59:42.314515+00:00,545702710972244,source,1262,,neutral,ai,ai_labeled,Khẳng định đề án mới có.,low,comment_only_no_parent_or_post_text
545739784301870,545658100976705,bắc ms mở năm nay,ptit_2k5,https://www.facebook.com/groups/2k5ptit,2026-10-06T08:59:42.314515+00:00,545739784301870,source,1263,,neutral,ai,ai_labeled,Nêu phía Bắc mới mở.,low,comment_only_no_parent_or_post_text
547181497491032,546985074177341,Kéo dây cap bạn,ptit_2k5,https://www.facebook.com/groups/2k5ptit,2026-10-06T08:59:44.073729+00:00,547181497491032,source,1266,,neutral,ai,ai_labeled,Nêu công việc kéo cáp.,medium,comment_only_no_parent_or_post_text
547181570824358,546985074177341,Hơn tí thì sửa chữa wifi vì cơ bản đặc thù ngành khá khó,ptit_2k5,https://www.facebook.com/groups/2k5ptit,2026-10-06T08:59:44.073729+00:00,547181570824358,source,1267,,neutral,ai,ai_labeled,Mô tả nghề và độ khó ngành.,medium,comment_only_no_parent_or_post_text
549854570557058,549840973891751,Cảm ơn bạn !,ptit_2k5,https://www.facebook.com/groups/2k5ptit,2026-10-06T08:59:42.194077+00:00,549854570557058,source,1268,,positive,ai,ai_labeled,Cảm ơn trực tiếp.,low,comment_only_no_parent_or_post_text
549857160556799,549840973891751,Đăng kí ktx các năm có tranh giành nhau k a:)),ptit_2k5,https://www.facebook.com/groups/2k5ptit,2026-10-06T08:59:42.194077+00:00,549857160556799,source,1269,,neutral,ai,ai_labeled,Hỏi cạnh tranh đăng ký ký túc.,low,comment_only_no_parent_or_post_text
549861530556362,549840973891751,"Ủa có đăng kí trước được ạ, em tưởng đến lúc nhập học trực tiếp mới được đăng kí",ptit_2k5,https://www.facebook.com/groups/2k5ptit,2026-10-06T08:59:42.194077+00:00,549861530556362,source,1270,,neutral,ai,ai_labeled,Hỏi đăng ký trước nhập học.,low,comment_only_no_parent_or_post_text
549862257222956,549840973891751,Đàn Thiên phải đăng ký cả trực tiếp lẫn trực tuyến nha em,ptit_2k5,https://www.facebook.com/groups/2k5ptit,2026-10-06T08:59:42.194077+00:00,549862257222956,source,1271,,neutral,ai,ai_labeled,Nêu cần cả hai cách đăng ký.,low,comment_only_no_parent_or_post_text
549862700556245,549840973891751,Hoàng Hải em cảm ơn ạ,ptit_2k5,https://www.facebook.com/groups/2k5ptit,2026-10-06T08:59:42.194077+00:00,549862700556245,source,1272,,positive,ai,ai_labeled,Cảm ơn trực tiếp.,low,comment_only_no_parent_or_post_text
549866500555865,549840973891751,Ko có điều hoà vậy mùa hè có nóng lắm ko ạ?,ptit_2k5,https://www.facebook.com/groups/2k5ptit,2026-10-06T08:59:42.194077+00:00,549866500555865,source,1273,,neutral,ai,ai_labeled,Hỏi mùa hè không điều hòa.,low,comment_only_no_parent_or_post_text
549874027221779,549840973891751,Hoàng Hải anh cho em hỏi ở ktx nào thì có chỗ sạc xe điện vậy ạ,ptit_2k5,https://www.facebook.com/groups/2k5ptit,2026-10-06T08:59:42.194077+00:00,549874027221779,source,1274,,neutral,ai,ai_labeled,Hỏi chỗ sạc xe điện.,low,comment_only_no_parent_or_post_text
549875713888277,549840973891751,ngoài trọ với ktx các bạn cần tài liệu ôn TA đầu vào có thể inb tui gửi nhaa,ptit_2k5,https://www.facebook.com/groups/2k5ptit,2026-10-06T08:59:42.194077+00:00,549875713888277,source,1275,,positive,ai,ai_labeled,Thiện chí gửi tài liệu đầu vào.,medium,comment_only_no_parent_or_post_text
549879780554537,549840973891751,thế còn ktx b1 thì sao anh ơi,ptit_2k5,https://www.facebook.com/groups/2k5ptit,2026-10-06T08:59:42.194077+00:00,549879780554537,source,1276,,neutral,ai,ai_labeled,Hỏi ký túc B1.,low,comment_only_no_parent_or_post_text
549881203887728,549840973891751,"Bui Duong Hai Linh ở 4người 1500k/tháng, có điều hoà, phòng đẹp và vip hơn B2 và B5 nhiều nha, ngoài ra thì anh cũng ko biết nhiều",ptit_2k5,https://www.facebook.com/groups/2k5ptit,2026-10-06T08:59:42.194077+00:00,549881203887728,source,1277,,positive,ai,ai_labeled,Khen phòng đẹp và tiện nghi hơn.,medium,comment_only_no_parent_or_post_text
549881353887713,549840973891751,Bui Duong Hai Linh nhưng 1500k thì em nên ra ngoài trọ cho thoải mái,ptit_2k5,https://www.facebook.com/groups/2k5ptit,2026-10-06T08:59:42.194077+00:00,549881353887713,source,1278,,neutral,ai,ai_labeled,Tư vấn thuê ngoài cho thoải mái.,medium,comment_only_no_parent_or_post_text
549895133886335,549840973891751,Hoàng Hảidạ cho em hỏi 1500k một người hay chia đều cho 4 người ạ,ptit_2k5,https://www.facebook.com/groups/2k5ptit,2026-10-06T08:59:42.194077+00:00,549895133886335,source,1279,,neutral,ai,ai_labeled,Hỏi giá theo người hay phòng.,low,comment_only_no_parent_or_post_text
549896760552839,549840973891751,Phạm Thanh 1500k/người nha em,ptit_2k5,https://www.facebook.com/groups/2k5ptit,2026-10-06T08:59:42.194077+00:00,549896760552839,source,1280,,neutral,ai,ai_labeled,Xác nhận giá mỗi người.,low,comment_only_no_parent_or_post_text
549897283886120,549840973891751,Hoàng Hải giá đó ở phòng trọ lại đẹp quá rùi a,ptit_2k5,https://www.facebook.com/groups/2k5ptit,2026-10-06T08:59:42.194077+00:00,549897283886120,source,1281,,positive,ai,ai_labeled,Đánh giá thuê ngoài được phòng đẹp.,medium,comment_only_no_parent_or_post_text
550291737180008,549840973891751,Đức Long biết điểm cái lên web tuyển sinh nhập học trực tuyến là đăng ký được nha iem,ptit_2k5,https://www.facebook.com/groups/2k5ptit,2026-10-06T08:59:42.194077+00:00,550291737180008,source,1282,possible_advertisement_not_automatic_exclusion,neutral,ai,ai_labeled,Hướng dẫn đăng ký trực tuyến.,low,comment_only_no_parent_or_post_text
550292787179903,549840973891751,Hoàng Hải cứ đến sớm là đki đc đúng ko ạ,ptit_2k5,https://www.facebook.com/groups/2k5ptit,2026-10-06T08:59:42.194077+00:00,550292787179903,source,1283,,neutral,ai,ai_labeled,Hỏi đến sớm có đăng ký được.,low,comment_only_no_parent_or_post_text
550293887179793,549840973891751,"Đức Long đến sớm thì tăng khả năng cạnh tranh thôi chứ cũng hên xui lắm, không nói trước được đâu",ptit_2k5,https://www.facebook.com/groups/2k5ptit,2026-10-06T08:59:42.194077+00:00,550293887179793,source,1284,,neutral,ai,ai_labeled,Giải thích cạnh tranh không chắc chắn.,low,comment_only_no_parent_or_post_text
550361227173059,549840973891751,Trần Đức cả 2 ktx đều có chỗ sạc nha,ptit_2k5,https://www.facebook.com/groups/2k5ptit,2026-10-06T08:59:42.194077+00:00,550361227173059,source,1285,,neutral,ai,ai_labeled,Nêu hai ký túc có sạc.,low,comment_only_no_parent_or_post_text
550385927170589,549840973891751,Đức Long năm sau e nhé,ptit_2k5,https://www.facebook.com/groups/2k5ptit,2026-10-06T08:59:42.194077+00:00,550385927170589,source,1286,,neutral,ai,ai_labeled,Nêu thời điểm năm sau.,low,comment_only_no_parent_or_post_text
550533100489205,550515070491008,ước gì B1 được ở giường tầng ....,ptit_2k5,https://www.facebook.com/groups/2k5ptit,2026-10-06T08:59:42.209195+00:00,550533100489205,source,1287,possible_truncation_or_deliberate_ellipsis,negative,ai,ai_labeled,Mong ký túc có giường tầng còn thiếu.,medium,comment_only_no_parent_or_post_text
552624993613349,552622876946894,900k/tín,ptit_2k5,https://www.facebook.com/groups/2k5ptit,2026-10-06T08:59:42.230260+00:00,552624993613349,source,1288,,neutral,ai,ai_labeled,Nêu giá mỗi tín.,low,comment_only_no_parent_or_post_text
552625826946599,552622876946894,30tr/năm thì phải,ptit_2k5,https://www.facebook.com/groups/2k5ptit,2026-10-06T08:59:42.230260+00:00,552625826946599,source,1289,,neutral,ai,ai_labeled,Ước phí mỗi năm.,low,comment_only_no_parent_or_post_text
552625870279928,552622876946894,Nguyễn Châu vậy là khoảng 30tr 1 năm ạ,ptit_2k5,https://www.facebook.com/groups/2k5ptit,2026-10-06T08:59:42.230260+00:00,552625870279928,source,1290,,neutral,ai,ai_labeled,Hỏi xác nhận phí năm.,low,comment_only_no_parent_or_post_text
552626176946564,552622876946894,Thanh Tâm chị cho em hỏi cntt đại trà là bn 1 năm vậy ạ,ptit_2k5,https://www.facebook.com/groups/2k5ptit,2026-10-06T08:59:42.230260+00:00,552626176946564,source,1291,,neutral,ai,ai_labeled,Hỏi phí CNTT chuẩn.,low,comment_only_no_parent_or_post_text
552627413613107,552622876946894,Thanh Tâm rẻ thế :)),ptit_2k5,https://www.facebook.com/groups/2k5ptit,2026-10-06T08:59:42.230260+00:00,552627413613107,source,1292,,positive,ai,ai_labeled,"Nói rẻ kèm cười, có thể mỉa.",high,comment_only_no_parent_or_post_text
552630536946128,552622876946894,Điểm thấp = học phí cao,ptit_2k5,https://www.facebook.com/groups/2k5ptit,2026-10-06T08:59:42.230260+00:00,552630536946128,source,1293,,negative,ai,ai_labeled,Chê học phí gắn điểm thấp bằng công thức mỉa.,high,comment_only_no_parent_or_post_text
552634440279071,552622876946894,"hơn 30 củ/1 năm, cả 4 năm là hơn 120 tín, và 1 tín 900k",ptit_2k5,https://www.facebook.com/groups/2k5ptit,2026-10-06T08:59:42.230260+00:00,552634440279071,source,1294,,neutral,ai,ai_labeled,Nêu phí và số tín.,low,comment_only_no_parent_or_post_text
552658623609986,552622876946894,Công nhận trường này học phí quá cao,ptit_2k5,https://www.facebook.com/groups/2k5ptit,2026-10-06T08:59:42.230260+00:00,552658623609986,source,1295,,negative,ai,ai_labeled,Chê học phí quá cao.,low,comment_only_no_parent_or_post_text
552958950246620,552622876946894,Học cntt thì inb chị nhé,ptit_2k5,https://www.facebook.com/groups/2k5ptit,2026-10-06T08:59:42.230260+00:00,552958950246620,source,1296,,neutral,ai,ai_labeled,Mời tư vấn CNTT.,medium,comment_only_no_parent_or_post_text
553537063522142,552622876946894,Các bạn muốn có cơ hội trải nghiệm làm Tình Nguyện Viên chương trình hiến máu Ngày Chung Đôi 2023 nhắn tin cho mình để trở thành Tình Nguyện Viên của chương trình nhé!,ptit_2k5,https://www.facebook.com/groups/2k5ptit,2026-10-06T08:59:42.230260+00:00,553537063522142,source,1297,,neutral,ai,ai_labeled,Mời tham gia tình nguyện hiến máu.,low,comment_only_no_parent_or_post_text
553776146831567,553742573501591,Tốt nghiệp pt là cái điểm thi tốt nghiệp ý,ptit_2k5,https://www.facebook.com/groups/2k5ptit,2026-10-06T08:59:44.165239+00:00,553776146831567,source,1298,,neutral,ai,ai_labeled,Giải thích điểm tốt nghiệp.,low,comment_only_no_parent_or_post_text
553776513498197,553742573501591,Còn xn nhập học thì chờ mấy hôm nữa xn cùng với các thí sinh dùng điểm thi tốt nghiệp,ptit_2k5,https://www.facebook.com/groups/2k5ptit,2026-10-06T08:59:44.165239+00:00,553776513498197,source,1299,,neutral,ai,ai_labeled,Nêu thời điểm xác nhận nhập học.,low,comment_only_no_parent_or_post_text
553795063496342,553742573501591,chưa đến h bạn,ptit_2k5,https://www.facebook.com/groups/2k5ptit,2026-10-06T08:59:44.165239+00:00,553795063496342,source,1300,,neutral,ai,ai_labeled,Nêu chưa đến giờ.,low,comment_only_no_parent_or_post_text
553809946828187,553742573501591,B xem trang ngân hàng ptit hoặc trang tra cứu đọc chi tiết nhé,ptit_2k5,https://www.facebook.com/groups/2k5ptit,2026-10-06T08:59:44.165239+00:00,553809946828187,source,1301,,neutral,ai,ai_labeled,Hướng dẫn nơi tra cứu.,low,comment_only_no_parent_or_post_text
554069573468891,553932743482574,Năm nhất kì 1 sẽ được trường xếp lịch học rồi kì 2 thì mới bắt đầu vào trận chiến nha em,ptit_2k5,https://www.facebook.com/groups/2k5ptit,2026-10-06T08:59:42.269663+00:00,554069573468891,source,1302,,neutral,ai,ai_labeled,Mô tả đăng ký sau kỳ một như trận chiến.,medium,comment_only_no_parent_or_post_text
555573613318487,549840973891751,anh cho em hỏi ktx mùa đông ko có nóng lạnh thì tắm sao được ạ huhuhuh,ptit_2k5,https://www.facebook.com/groups/2k5ptit,2026-10-06T08:59:42.194077+00:00,555573613318487,source,1303,,negative,ai,ai_labeled,Lo không thể tắm nước lạnh mùa đông.,medium,comment_only_no_parent_or_post_text
555579909984524,549840973891751,"Nguyễn Hoàng mình pha nước nóng bằng bình siêu tốc thôi em, thường 2 bình siêu tốc là đủ r á",ptit_2k5,https://www.facebook.com/groups/2k5ptit,2026-10-06T08:59:42.194077+00:00,555579909984524,source,1304,,neutral,ai,ai_labeled,Hướng dẫn pha nước bình siêu tốc.,low,comment_only_no_parent_or_post_text
555598263316022,549840973891751,Hoàng Hải ở b1 có ko anh,ptit_2k5,https://www.facebook.com/groups/2k5ptit,2026-10-06T08:59:42.194077+00:00,555598263316022,source,1305,,neutral,ai,ai_labeled,Hỏi B1 có nóng lạnh.,low,comment_only_no_parent_or_post_text
555598433316005,549840973891751,Nguyễn Hoàng b1 thì có nha e,ptit_2k5,https://www.facebook.com/groups/2k5ptit,2026-10-06T08:59:42.194077+00:00,555598433316005,source,1306,,neutral,ai,ai_labeled,Nêu B1 có.,low,comment_only_no_parent_or_post_text
555600076649174,549840973891751,"Hoàng Hải đăng kí b1 khó ko a nhỉ, e chỉ cần có nóng lạnh thôi",ptit_2k5,https://www.facebook.com/groups/2k5ptit,2026-10-06T08:59:42.194077+00:00,555600076649174,source,1307,,neutral,ai,ai_labeled,Hỏi độ khó đăng ký B1.,low,comment_only_no_parent_or_post_text
555600553315793,549840973891751,"Nguyễn Hoàng b1 chắc không khó đâu, tại giá nó cũng hơi chát đó",ptit_2k5,https://www.facebook.com/groups/2k5ptit,2026-10-06T08:59:42.194077+00:00,555600553315793,source,1308,,negative,ai,ai_labeled,Đánh giá giá hơi chát dù dễ đăng ký.,medium,comment_only_no_parent_or_post_text
555601089982406,549840973891751,"Hoàng Hải khuya rồi mà a vẫn nhiệt tình rep em, cảm ơn anh nhiều ạ",ptit_2k5,https://www.facebook.com/groups/2k5ptit,2026-10-06T08:59:42.194077+00:00,555601089982406,source,1309,,positive,ai,ai_labeled,Cảm ơn hỗ trợ nhiệt tình khuya.,low,comment_only_no_parent_or_post_text
555601259982389,549840973891751,Nguyễn Hoàng ko có chi e,ptit_2k5,https://www.facebook.com/groups/2k5ptit,2026-10-06T08:59:42.194077+00:00,555601259982389,source,1310,,neutral,ai,ai_labeled,Đáp lời cảm ơn.,low,comment_only_no_parent_or_post_text
555811983294650,554290136780168,có ảnh kh ạ,ptit_2k5,https://www.facebook.com/groups/2k5ptit,2026-10-06T08:59:44.277608+00:00,555811983294650,source,1311,,neutral,ai,ai_labeled,Xin ảnh.,low,comment_only_no_parent_or_post_text
555823176626864,554290136780168,Trịnh Duy Hùng Quân ib chị nhé,ptit_2k5,https://www.facebook.com/groups/2k5ptit,2026-10-06T08:59:44.277608+00:00,555823176626864,source,1312,,neutral,ai,ai_labeled,Mời inbox.,low,comment_only_no_parent_or_post_text
555826093293239,541804878028694,Mạnh Nam rep ib em với ạ,ptit_2k5,https://www.facebook.com/groups/2k5ptit,2026-10-06T08:59:43.617075+00:00,555826093293239,source,1313,,neutral,ai,ai_labeled,Nhờ trả lời inbox.,low,comment_only_no_parent_or_post_text
555826299959885,554290136780168,Trịnh Duy Hùng Quân bé ib qua zalo cho chị nhé,ptit_2k5,https://www.facebook.com/groups/2k5ptit,2026-10-06T08:59:44.277608+00:00,555826299959885,source,1314,possible_advertisement_not_automatic_exclusion,neutral,ai,ai_labeled,Hướng dẫn nhắn Zalo.,low,comment_only_no_parent_or_post_text
555908243285024,554290136780168,ib ạ,ptit_2k5,https://www.facebook.com/groups/2k5ptit,2026-10-06T08:59:44.277608+00:00,555908243285024,source,1315,,neutral,ai,ai_labeled,Mời inbox.,low,comment_only_no_parent_or_post_text
555909513284897,554290136780168,Linh Hiếu mình check tjn nhắn chờ nhé,ptit_2k5,https://www.facebook.com/groups/2k5ptit,2026-10-06T08:59:44.277608+00:00,555909513284897,source,1316,,neutral,ai,ai_labeled,Nhắc kiểm tra tin chờ.,low,comment_only_no_parent_or_post_text
555976679944847,549840973891751,Hoàng Hải dạ cho em hỏi đăng ký ktx trên web mà sớm hay muộn thì có ảnh hưởng gì đến việc mình giành được slot ktx không ạ.Em cảm ơn,ptit_2k5,https://www.facebook.com/groups/2k5ptit,2026-10-06T08:59:42.194077+00:00,555976679944847,source,1317,,neutral,ai,ai_labeled,Hỏi thời điểm đăng ký ảnh hưởng chỗ.,low,comment_only_no_parent_or_post_text
555992873276561,554290136780168,Inbox mình,ptit_2k5,https://www.facebook.com/groups/2k5ptit,2026-10-06T08:59:44.277608+00:00,555992873276561,source,1318,,neutral,ai,ai_labeled,Mời inbox.,low,comment_only_no_parent_or_post_text
556000349942480,549840973891751,"Như Khánh ko nha em, đăng ký trực tuyến để quản lý nắm được số lượng và sắp xếp trước cho các bạn diện ưu tiên thôi, còn tranh slot là vào hôm nhập học nha",ptit_2k5,https://www.facebook.com/groups/2k5ptit,2026-10-06T08:59:42.194077+00:00,556000349942480,source,1319,,neutral,ai,ai_labeled,Giải thích mục đích đăng ký trực tuyến.,low,comment_only_no_parent_or_post_text
556005209941994,549840973891751,Hoàng Hải dạ em cảm ơn,ptit_2k5,https://www.facebook.com/groups/2k5ptit,2026-10-06T08:59:42.194077+00:00,556005209941994,source,1320,,positive,ai,ai_labeled,Cảm ơn trực tiếp.,low,comment_only_no_parent_or_post_text
556006076608574,549840973891751,Hoàng Hải hoạt động tích cực thế . Đúng là sinh viên yêu trường có khác,ptit_2k5,https://www.facebook.com/groups/2k5ptit,2026-10-06T08:59:42.194077+00:00,556006076608574,source,1321,,positive,ai,ai_labeled,"Khen tích cực yêu trường, có thể đùa.",high,comment_only_no_parent_or_post_text
556006443275204,549840973891751,Đình Hưng ôi 750/tín thì phải iu trường chứ a,ptit_2k5,https://www.facebook.com/groups/2k5ptit,2026-10-06T08:59:42.194077+00:00,556006443275204,source,1322,,negative,ai,ai_labeled,Mỉa yêu trường vì phí mỗi tín cao.,high,comment_only_no_parent_or_post_text
556520089890506,554290136780168,"còn không ạ, em xin tư vấn ạ",ptit_2k5,https://www.facebook.com/groups/2k5ptit,2026-10-06T08:59:44.277608+00:00,556520089890506,source,1331,,neutral,ai,ai_labeled,Hỏi còn cơ hội xin tư vấn.,low,comment_only_no_parent_or_post_text
556707486538433,554290136780168,Mn ib qua zalo cho mình nhé,ptit_2k5,https://www.facebook.com/groups/2k5ptit,2026-10-06T08:59:44.277608+00:00,556707486538433,source,1332,possible_advertisement_not_automatic_exclusion,neutral,ai,ai_labeled,Hướng dẫn nhắn Zalo.,low,comment_only_no_parent_or_post_text
561737226035459,561594052716443,Có và yes,ptit_2k5,https://www.facebook.com/groups/2k5ptit,2026-10-06T08:59:42.407554+00:00,561737226035459,source,1340,,neutral,ai,ai_labeled,"Xác nhận có, thiếu câu gốc.",high,comment_only_no_parent_or_post_text
561748876034294,561594052716443,Có nhưng mà em vẫn phải nạp tiền em nhé :>,ptit_2k5,https://www.facebook.com/groups/2k5ptit,2026-10-06T08:59:42.407554+00:00,561748876034294,source,1341,,neutral,ai,ai_labeled,Giải thích có nhưng phải trả tiền.,low,comment_only_no_parent_or_post_text
561779739364541,561594052716443,Pham Wang vậy là vẫn phải đăng kí hả anh:),ptit_2k5,https://www.facebook.com/groups/2k5ptit,2026-10-06T08:59:42.407554+00:00,561779739364541,source,1342,,neutral,ai,ai_labeled,Hỏi vẫn phải đăng ký.,low,comment_only_no_parent_or_post_text
561780649364450,561594052716443,Tuan Anh hỏi giáo viên ở pdt em nhé là rõ nhất. Còn dc miễn thì vẫn miễn thôi nhưng mà vẫn phải nộp tiền gì đấy :>,ptit_2k5,https://www.facebook.com/groups/2k5ptit,2026-10-06T08:59:42.407554+00:00,561780649364450,source,1343,,neutral,ai,ai_labeled,Khuyên hỏi đào tạo về miễn và phí.,low,comment_only_no_parent_or_post_text
562031029339412,561594052716443,Cùng câu hỏi ạ,ptit_2k5,https://www.facebook.com/groups/2k5ptit,2026-10-06T08:59:42.407554+00:00,562031029339412,source,1344,near_duplicate_candidate,neutral,ai,ai_labeled,Theo dõi cùng câu hỏi.,low,comment_only_no_parent_or_post_text
562369219305593,562358782639970,Chị ra bài chia sẻ về định hướng như này nhiều hơn nha chị,ptit_2k5,https://www.facebook.com/groups/2k5ptit,2026-10-06T08:59:43.969301+00:00,562369219305593,source,1348,,positive,ai,ai_labeled,Ủng hộ thêm bài định hướng.,low,comment_only_no_parent_or_post_text
562371935971988,562358782639970,"thanks chị,mong chị mau lên bài cho các newbie như e học tập.",ptit_2k5,https://www.facebook.com/groups/2k5ptit,2026-10-06T08:59:43.969301+00:00,562371935971988,source,1349,,positive,ai,ai_labeled,Cảm ơn và mong thêm bài.,low,comment_only_no_parent_or_post_text
562376749304840,562358782639970,E định học thêm tiếng nhật có tăng thêm nhiều lợi thế ko ạ như về mức lương....,ptit_2k5,https://www.facebook.com/groups/2k5ptit,2026-10-06T08:59:43.969301+00:00,562376749304840,source,1350,possible_truncation_or_deliberate_ellipsis,neutral,ai,ai_labeled,Hỏi lợi thế học tiếng Nhật.,low,comment_only_no_parent_or_post_text
562380595971122,562358782639970,"Đức Long Tùy theo định hướng e ah, Nhiều tập đoàn lớn mở rộng thị trường Nhật, Trung, như FPT. E lên mạng tìm hiểu 1 số tập đoàn lớn để mình nắm được xu hướng. Vì học ngôn ngữ mất vài năm. Nhưng phải chắc TA trước rồi thêm ngôn ngữ khác là lợi thế. Ngôn Nhật thì mình lm các dự án liên quan đến Nhật có thể sang đó làm vài năm rồi về thì được thăng cấp . Cứ cống hiến thì cơ hội thăng tiến không thiếu. Cơ mà phải đặt mình vào đúng chỗ cần nhé.",ptit_2k5,https://www.facebook.com/groups/2k5ptit,2026-10-06T08:59:43.969301+00:00,562380595971122,source,1351,,neutral,ai,ai_labeled,Tư vấn ngôn ngữ theo công việc.,low,comment_only_no_parent_or_post_text
562381442637704,562358782639970,Lilla Vu tiếng nhật e định lấy n3 thôi ạ còn vx tập teung vào tiếng anh hơn,ptit_2k5,https://www.facebook.com/groups/2k5ptit,2026-10-06T08:59:43.969301+00:00,562381442637704,source,1352,,neutral,ai,ai_labeled,Nêu mục tiêu tiếng Nhật và Anh.,low,comment_only_no_parent_or_post_text
562381985970983,562358782639970,Lilla Vu mà chị ưi ngoài tiếng anh nên học thêm tiếng nào trong nhật trung hàn ạ,ptit_2k5,https://www.facebook.com/groups/2k5ptit,2026-10-06T08:59:43.969301+00:00,562381985970983,source,1353,,neutral,ai,ai_labeled,Hỏi chọn ngôn ngữ học thêm.,low,comment_only_no_parent_or_post_text
562382322637616,562358782639970,Đức Long Ngôn ngữ học sơ sơ thì khá phí. nếu chỉ để làm đẹp hồ sơ. Còn cũng k biết trước được khi có n3 mà cơ duyên đến làm việc hoặc có cơ hội thì lại học nâng cao sau. Khi mình để tâm đến điều gì thì nhiều cơ hội kéo theo lắm.,ptit_2k5,https://www.facebook.com/groups/2k5ptit,2026-10-06T08:59:43.969301+00:00,562382322637616,source,1354,,neutral,ai,ai_labeled,Phân tích lựa chọn học thêm và cơ hội nghề nghiệp.,low,comment_only_no_parent_or_post_text
562383422637506,562358782639970,Lilla Vu năm nhất mk có thể học gì ngoài vc học trên trường ạ,ptit_2k5,https://www.facebook.com/groups/2k5ptit,2026-10-06T08:59:43.969301+00:00,562383422637506,source,1355,,neutral,ai,ai_labeled,Hỏi nên học thêm gì năm nhất.,low,comment_only_no_parent_or_post_text
562383702637478,562358782639970,"Phương Phạm bạn ko tag mình luôn
. Pùn nhiều chút",ptit_2k5,https://www.facebook.com/groups/2k5ptit,2026-10-06T08:59:43.969301+00:00,562383702637478,source,1356,,negative,ai,ai_labeled,"Nói buồn vì không được tag, có thể đùa.",high,comment_only_no_parent_or_post_text
562384472637401,562358782639970,Mức lương khởi đầu khoảng bao nhiêu chị ơi,ptit_2k5,https://www.facebook.com/groups/2k5ptit,2026-10-06T08:59:43.969301+00:00,562384472637401,source,1357,,neutral,ai,ai_labeled,Hỏi mức lương khởi đầu.,low,comment_only_no_parent_or_post_text
562384785970703,562358782639970,Đức Long Em có thể học thêm dần như lập trình bằng ngôn ngữ đơn giản hay học Photoshop hay design... E cứ học để xem mình hợp với gì.,ptit_2k5,https://www.facebook.com/groups/2k5ptit,2026-10-06T08:59:43.969301+00:00,562384785970703,source,1358,,neutral,ai,ai_labeled,Gợi ý thử các kỹ năng để chọn hướng phù hợp.,low,comment_only_no_parent_or_post_text
562388089303706,562366565972525,"Ra khỏi địa phương thì gọi là tạm vắng,đến nơi ở mới thì gọi là tạm trú",ptit_2k5,https://www.facebook.com/groups/2k5ptit,2026-10-06T08:59:44.012303+00:00,562388089303706,source,1359,,neutral,ai,ai_labeled,Giải thích tạm trú và tạm vắng.,low,comment_only_no_parent_or_post_text
562389945970187,562358782639970,Phương Phạm tang mà éo thấy thông báo,ptit_2k5,https://www.facebook.com/groups/2k5ptit,2026-10-06T08:59:43.969301+00:00,562389945970187,source,1360,,negative,ai,ai_labeled,Bực vì tăng mà không thông báo.,low,comment_only_no_parent_or_post_text
562390919303423,562366565972525,Cao Duy Tuânvâng nhưng ý mình là mọi người có đăng ký tạm vắng ko và tạm trú ở nơi đến ko a,ptit_2k5,https://www.facebook.com/groups/2k5ptit,2026-10-06T08:59:44.012303+00:00,562390919303423,source,1361,,neutral,ai,ai_labeled,Hỏi thủ tục đăng ký cư trú.,low,comment_only_no_parent_or_post_text
562572032618645,562366565972525,Cao Duy Tuânvâng cảm ơn a,ptit_2k5,https://www.facebook.com/groups/2k5ptit,2026-10-06T08:59:44.012303+00:00,562572032618645,source,1362,,positive,ai,ai_labeled,Bày tỏ cảm ơn.,low,comment_only_no_parent_or_post_text
562681375941044,562366565972525,"Cao Duy Tuân một số bạn nhập học ở trường khác và trọ rồi , có bảo ko cần phải có vì tất cả đã được tích hợp ở cccd gắn chíp rồi nhé",ptit_2k5,https://www.facebook.com/groups/2k5ptit,2026-10-06T08:59:44.012303+00:00,562681375941044,source,1363,,neutral,ai,ai_labeled,Thuật lại thông tin về giấy tờ cư trú.,low,comment_only_no_parent_or_post_text
562684852607363,562366565972525,Phạm Thị Thanh Huyền tuổi trẻ mà cứ phải trả bằng tiền mới nhớ,ptit_2k5,https://www.facebook.com/groups/2k5ptit,2026-10-06T08:59:44.012303+00:00,562684852607363,source,1364,,negative,ai,ai_labeled,Than phải mất tiền mới rút kinh nghiệm.,medium,comment_only_no_parent_or_post_text
567462912129557,567460218796493,Cố zan hoc tap,ptit_2k5,https://www.facebook.com/groups/2k5ptit,2026-10-06T08:59:42.296981+00:00,567462912129557,source,1365,,positive,ai,ai_labeled,Động viên cố gắng học tập.,low,comment_only_no_parent_or_post_text
567464485462733,567460218796493,Cố vấn,ptit_2k5,https://www.facebook.com/groups/2k5ptit,2026-10-06T08:59:42.296981+00:00,567464485462733,source,1366,,neutral,ai,ai_labeled,Nêu chức danh cố vấn.,medium,comment_only_no_parent_or_post_text
567475628794952,567460218796493,"Đúng rồi, nma gọi là cố vấn học tập",ptit_2k5,https://www.facebook.com/groups/2k5ptit,2026-10-06T08:59:42.296981+00:00,567475628794952,source,1367,,neutral,ai,ai_labeled,Giải thích tên chức danh.,low,comment_only_no_parent_or_post_text
567476185461563,567460218796493,"Cho em hỏi những số 58,64,61,... là ntn vậy ạ",ptit_2k5,https://www.facebook.com/groups/2k5ptit,2026-10-06T08:59:42.296981+00:00,567476185461563,source,1368,,neutral,ai,ai_labeled,Hỏi ý nghĩa các số.,low,comment_only_no_parent_or_post_text
567612002114648,567460218796493,Cái này xem ở đâu vậy ạ,ptit_2k5,https://www.facebook.com/groups/2k5ptit,2026-10-06T08:59:42.296981+00:00,567612002114648,source,1369,,neutral,ai,ai_labeled,Hỏi nơi xem thông tin.,low,comment_only_no_parent_or_post_text
567760212099827,567737405435441,Khó,ptit_2k5,https://www.facebook.com/groups/2k5ptit,2026-10-06T08:59:42.145659+00:00,567760212099827,source,1370,,negative,ai,ai_labeled,Đánh giá khó nhưng chưa rõ đối tượng.,high,comment_only_no_parent_or_post_text
567760275433154,567737405435441,Tầm này chỉ có mua cũ b ạ,ptit_2k5,https://www.facebook.com/groups/2k5ptit,2026-10-06T08:59:42.145659+00:00,567760275433154,source,1371,,neutral,ai,ai_labeled,Khuyên mua máy cũ.,low,comment_only_no_parent_or_post_text
567768785432303,567737405435441,Khó --,ptit_2k5,https://www.facebook.com/groups/2k5ptit,2026-10-06T08:59:42.145659+00:00,567768785432303,source,1372,,negative,ai,ai_labeled,"Nói khó, thiếu đối tượng cụ thể.",high,comment_only_no_parent_or_post_text
567806058761909,567737405435441,Hải Đỗ bn bt chỗ nào mua cũ uy tín ko ạ,ptit_2k5,https://www.facebook.com/groups/2k5ptit,2026-10-06T08:59:42.145659+00:00,567806058761909,source,1373,,neutral,ai,ai_labeled,Hỏi chỗ mua máy cũ uy tín.,low,comment_only_no_parent_or_post_text
567824975426684,567737405435441,"Mua máy cũ thôi b,",ptit_2k5,https://www.facebook.com/groups/2k5ptit,2026-10-06T08:59:42.146574+00:00,567824975426684,source,1375,,neutral,ai,ai_labeled,Đề xuất mua máy cũ.,low,comment_only_no_parent_or_post_text
567840818758433,567737405435441,"Tích sang năm 2 mua cho đẫm, năm nhất ra net mà cày :))",ptit_2k5,https://www.facebook.com/groups/2k5ptit,2026-10-06T08:59:42.146574+00:00,567840818758433,source,1376,,neutral,ai,ai_labeled,Gợi ý dùng máy ngoài rồi tích tiền mua sau.,medium,comment_only_no_parent_or_post_text
567849498757565,567737405435441,"mua máy cũ bạn nhé, nếu muốn rõ hơn thì ib mình nhé",ptit_2k5,https://www.facebook.com/groups/2k5ptit,2026-10-06T08:59:42.146574+00:00,567849498757565,source,1377,,neutral,ai,ai_labeled,Đề nghị tư vấn máy cũ qua tin nhắn.,medium,comment_only_no_parent_or_post_text
567883752087473,567460218796493,Có ai lớp 7 không zị,ptit_2k5,https://www.facebook.com/groups/2k5ptit,2026-10-06T08:59:42.296981+00:00,567883752087473,source,1378,,neutral,ai,ai_labeled,Tìm bạn cùng lớp.,low,comment_only_no_parent_or_post_text
567945945414587,567737405435441,mình có chỗ b máy cũ uy tín vãi lờ b ơi ib mình b ơiii mình mới húp con máy hc cntt bê vll,ptit_2k5,https://www.facebook.com/groups/2k5ptit,2026-10-06T08:59:42.146574+00:00,567945945414587,source,1379,,positive,ai,ai_labeled,Khen chỗ mua và máy; cần kiểm tra khả năng quảng cáo.,high,comment_only_no_parent_or_post_text
567946208747894,567737405435441,Nguyen Dinh Kien đù ngon v ib mình vs ạ,ptit_2k5,https://www.facebook.com/groups/2k5ptit,2026-10-06T08:59:42.146574+00:00,567946208747894,source,1380,,positive,ai,ai_labeled,Đánh giá ngon rồi đề nghị nhắn tin.,medium,comment_only_no_parent_or_post_text
567948475414334,567737405435441,Nguyen Dinh Kien bn rep ib mình với,ptit_2k5,https://www.facebook.com/groups/2k5ptit,2026-10-06T08:59:42.146574+00:00,567948475414334,source,1381,,neutral,ai,ai_labeled,Nhắc trả lời tin nhắn.,low,comment_only_no_parent_or_post_text
567950585414123,567737405435441,Nguyen Dinh Kien dạ còn ko anh,ptit_2k5,https://www.facebook.com/groups/2k5ptit,2026-10-06T08:59:42.146574+00:00,567950585414123,source,1382,,neutral,ai,ai_labeled,Hỏi còn hàng không.,low,comment_only_no_parent_or_post_text
567956798746835,567737405435441,Nguyễn Phú m cút,ptit_2k5,https://www.facebook.com/groups/2k5ptit,2026-10-06T08:59:42.146574+00:00,567956798746835,source,1383,,negative,ai,ai_labeled,Lời xua đuổi; có thể là đùa giữa người quen.,high,comment_only_no_parent_or_post_text
567965578745957,567737405435441,Nguyễn Phú dạ e xloi anh đại,ptit_2k5,https://www.facebook.com/groups/2k5ptit,2026-10-06T08:59:42.146574+00:00,567965578745957,source,1385,,neutral,ai,ai_labeled,"Xin lỗi mang tính giao tiếp, chưa có đánh giá.",medium,comment_only_no_parent_or_post_text
567965758745939,567737405435441,Ok mai anh mua cho 10 cái,ptit_2k5,https://www.facebook.com/groups/2k5ptit,2026-10-06T08:59:42.146574+00:00,567965758745939,source,1386,,neutral,ai,ai_labeled,"Nói ý định mua, có thể phóng đại để đùa.",high,comment_only_no_parent_or_post_text
568219068720608,567460218796493,Minh Nhật mình nàiii,ptit_2k5,https://www.facebook.com/groups/2k5ptit,2026-10-06T08:59:42.296981+00:00,568219068720608,source,1387,,neutral,ai,ai_labeled,"Tự nhận mình, thiếu nội dung đánh giá.",high,comment_only_no_parent_or_post_text
568519362023912,567460218796493,Minh Nhật bạn ơi mình có box lớp ko v:)))),ptit_2k5,https://www.facebook.com/groups/2k5ptit,2026-10-06T08:59:42.296981+00:00,568519362023912,source,1388,,neutral,ai,ai_labeled,Hỏi có nhóm lớp chưa.,low,comment_only_no_parent_or_post_text
571911415018040,571888348353680,1 là ra thư viện mượn,ptit_2k5,https://www.facebook.com/groups/2k5ptit,2026-10-06T08:59:42.303133+00:00,571911415018040,source,1395,,neutral,ai,ai_labeled,Gợi ý mượn sách thư viện.,low,comment_only_no_parent_or_post_text
571911845017997,571888348353680,Ri Thị Đỗ tv có video bài giảng ko ạ,ptit_2k5,https://www.facebook.com/groups/2k5ptit,2026-10-06T08:59:42.303133+00:00,571911845017997,source,1396,,neutral,ai,ai_labeled,Hỏi thư viện có video bài giảng không.,low,comment_only_no_parent_or_post_text
571928908349624,571919261683922,triết cô Ái xịn,ptit_2k5,https://www.facebook.com/groups/2k5ptit,2026-10-06T08:59:42.154572+00:00,571928908349624,source,1397,,positive,ai,ai_labeled,Khen giảng viên dạy triết.,low,comment_only_no_parent_or_post_text
572003558342159,571919261683922,Ngon rồi học cô tâm hết sảy,ptit_2k5,https://www.facebook.com/groups/2k5ptit,2026-10-06T08:59:42.154572+00:00,572003558342159,source,1398,,positive,ai,ai_labeled,Khen giảng viên hết sảy.,low,comment_only_no_parent_or_post_text
572019365007245,571919261683922,Ngô Thị Thu Trang review cô tâm kìa em,ptit_2k5,https://www.facebook.com/groups/2k5ptit,2026-10-06T08:59:42.154572+00:00,572019365007245,source,1399,,neutral,ai,ai_labeled,Xin nhận xét giảng viên.,low,comment_only_no_parent_or_post_text
572050491670799,571919261683922,Phùng Thị Diễm Quỳnh ai biết gì đâu,ptit_2k5,https://www.facebook.com/groups/2k5ptit,2026-10-06T08:59:42.154572+00:00,572050491670799,source,1400,,neutral,ai,ai_labeled,Nói chưa biết thông tin.,medium,comment_only_no_parent_or_post_text
572054168337098,571919261683922,Ngô Thị Thu Trang thầy trung thì khỏi bàn r,ptit_2k5,https://www.facebook.com/groups/2k5ptit,2026-10-06T08:59:42.154572+00:00,572054168337098,source,1401,,positive,ai,ai_labeled,"Khen khỏi bàn, cần kiểm tra khả năng nói ngược.",high,comment_only_no_parent_or_post_text
572088278333687,571919261683922,Ngô Thị Thu Trang rv cho em với ạ :))),ptit_2k5,https://www.facebook.com/groups/2k5ptit,2026-10-06T08:59:42.154572+00:00,572088278333687,source,1402,,neutral,ai,ai_labeled,Xin nhận xét giảng viên.,low,comment_only_no_parent_or_post_text
572240498318465,571919261683922,Cô Tâm cô Ái 10 đỉm nha,ptit_2k5,https://www.facebook.com/groups/2k5ptit,2026-10-06T08:59:42.154572+00:00,572240498318465,source,1403,,positive,ai,ai_labeled,Chấm giảng viên mười điểm.,low,comment_only_no_parent_or_post_text
572241174985064,571919261683922,Đặng Quốc Khánh kinh nghiệm full a+ có khác =))),ptit_2k5,https://www.facebook.com/groups/2k5ptit,2026-10-06T08:59:42.154572+00:00,572241174985064,source,1404,,positive,ai,ai_labeled,"Khen kinh nghiệm điểm cao, có thể trêu.",high,comment_only_no_parent_or_post_text
572241334985048,571919261683922,Khôi Vũ có dc A+ hồi nào,ptit_2k5,https://www.facebook.com/groups/2k5ptit,2026-10-06T08:59:42.154572+00:00,572241334985048,source,1405,,neutral,ai,ai_labeled,Hỏi từng đạt điểm A+ chưa.,low,comment_only_no_parent_or_post_text
572241698318345,571919261683922,Đặng Quốc Khánh thì kì 2 cũng 2 cô này còn gì =))),ptit_2k5,https://www.facebook.com/groups/2k5ptit,2026-10-06T08:59:42.154572+00:00,572241698318345,source,1406,,neutral,ai,ai_labeled,Nói cùng học hai giảng viên.,low,comment_only_no_parent_or_post_text
572335721642276,571888348353680,Người tham gia ẩn danh youtube,ptit_2k5,https://www.facebook.com/groups/2k5ptit,2026-10-06T08:59:42.303133+00:00,572335721642276,source,1407,,neutral,ai,ai_labeled,Chỉ nguồn YouTube.,low,comment_only_no_parent_or_post_text
572374674971714,571919261683922,"Cô Ái, Cô Tâm vs Thầy Trung là đỉnh nhất rồi",ptit_2k5,https://www.facebook.com/groups/2k5ptit,2026-10-06T08:59:42.154572+00:00,572374674971714,source,1408,,positive,ai,ai_labeled,Khen hai người giỏi nhất.,low,comment_only_no_parent_or_post_text
572591721616676,572589154950266,Sao giống lớp mình thế nhỉ,ptit_2k5,https://www.facebook.com/groups/2k5ptit,2026-10-06T08:59:42.245818+00:00,572591721616676,source,1409,,neutral,ai,ai_labeled,Hỏi vì thấy giống lớp mình.,low,comment_only_no_parent_or_post_text
572591911616657,572589154950266,"Cô Phạm Thị Khánh dễ thương nha, hãy nhớ",ptit_2k5,https://www.facebook.com/groups/2k5ptit,2026-10-06T08:59:42.245818+00:00,572591911616657,source,1410,,positive,ai,ai_labeled,Khen dễ thương.,low,comment_only_no_parent_or_post_text
572593034949878,572589154950266,Trần Duy An cô dạy triết như nào mà trượt đc hay zậy,ptit_2k5,https://www.facebook.com/groups/2k5ptit,2026-10-06T08:59:42.245818+00:00,572593034949878,source,1411,,negative,ai,ai_labeled,Than trượt môn dù cách dạy được đề cập; có thể trêu.,high,comment_only_no_parent_or_post_text
572596314949550,572589154950266,Cô Dung cứ đi học đầy đủ với chăm là được,ptit_2k5,https://www.facebook.com/groups/2k5ptit,2026-10-06T08:59:42.245818+00:00,572596314949550,source,1412,,neutral,ai,ai_labeled,Khuyên đi học đầy đủ và chăm chỉ.,low,comment_only_no_parent_or_post_text
572604834948698,572589154950266,cô Quy đỉnh em nhé.,ptit_2k5,https://www.facebook.com/groups/2k5ptit,2026-10-06T08:59:42.245818+00:00,572604834948698,source,1413,,positive,ai,ai_labeled,Khen giảng viên đỉnh.,low,comment_only_no_parent_or_post_text
572611481614700,572589154950266,cô Khánh dạy c môn lịch sử đảng cơ nhưng mà cô dạy thích lắm nhé,ptit_2k5,https://www.facebook.com/groups/2k5ptit,2026-10-06T08:59:42.245818+00:00,572611481614700,source,1414,,positive,ai,ai_labeled,Nói thích cách giảng viên dạy.,low,comment_only_no_parent_or_post_text
572612361614612,572589154950266,Học cô Khánh cứ chăm phát biểu là điểm cao nhóoo,ptit_2k5,https://www.facebook.com/groups/2k5ptit,2026-10-06T08:59:42.245818+00:00,572612361614612,source,1415,,neutral,ai,ai_labeled,Khuyên phát biểu để có điểm cao.,medium,comment_only_no_parent_or_post_text
572617814947400,572589154950266,Phan Bang Ngô Việt Hoàng cho em cái đánh giá đê,ptit_2k5,https://www.facebook.com/groups/2k5ptit,2026-10-06T08:59:42.245818+00:00,572617814947400,source,1416,,neutral,ai,ai_labeled,Xin đánh giá giảng viên.,low,comment_only_no_parent_or_post_text
572618031614045,572589154950266,Nguyễn Hữu Đức tuyệt,ptit_2k5,https://www.facebook.com/groups/2k5ptit,2026-10-06T08:59:42.245818+00:00,572618031614045,source,1417,,positive,ai,ai_labeled,Đánh giá tuyệt.,low,comment_only_no_parent_or_post_text
572618824947299,572589154950266,Luu Quang Dang giống giống,ptit_2k5,https://www.facebook.com/groups/2k5ptit,2026-10-06T08:59:42.245818+00:00,572618824947299,source,1418,,neutral,ai,ai_labeled,Nhận xét giống nhau nhưng thiếu đối tượng.,high,comment_only_no_parent_or_post_text
572622841613564,572589154950266,Cô Dung Giải tích phải nói là cô dạy vô cùng tân huyết luôn :)),ptit_2k5,https://www.facebook.com/groups/2k5ptit,2026-10-06T08:59:42.246711+00:00,572622841613564,source,1420,,positive,ai,ai_labeled,Khen giảng viên tâm huyết.,low,comment_only_no_parent_or_post_text
572627658279749,572589154950266,"Nguyễn Hồng Giáp s lại ""con"" bro :)))",ptit_2k5,https://www.facebook.com/groups/2k5ptit,2026-10-06T08:59:42.246711+00:00,572627658279749,source,1421,,neutral,ai,ai_labeled,Hỏi cách xưng hô.,low,comment_only_no_parent_or_post_text
572628334946348,572589154950266,Lê Tiến Dương sr bro gõ nhầm chết thật t quý cô dung thế mà :)),ptit_2k5,https://www.facebook.com/groups/2k5ptit,2026-10-06T08:59:42.246711+00:00,572628334946348,source,1422,,positive,ai,ai_labeled,Sửa lỗi gõ và nói quý giảng viên.,medium,comment_only_no_parent_or_post_text
572633094945872,572589154950266,cô Dung thì 20 điểm không nhưng,ptit_2k5,https://www.facebook.com/groups/2k5ptit,2026-10-06T08:59:42.245818+00:00,572633094945872,source,1423,,positive,ai,ai_labeled,Khen hai mươi điểm không có điều kiện.,low,comment_only_no_parent_or_post_text
572639101611938,572589154950266,Nguyễn Hồng Giáp học cô Dung là sướng nhất rồi,ptit_2k5,https://www.facebook.com/groups/2k5ptit,2026-10-06T08:59:42.246711+00:00,572639101611938,source,1424,,positive,ai,ai_labeled,Nói học với giảng viên sướng nhất.,low,comment_only_no_parent_or_post_text
572877824921399,572873544921827,Em ra vp1c hỏi luôn nha,ptit_2k5,https://www.facebook.com/groups/2k5ptit,2026-10-06T08:59:42.325515+00:00,572877824921399,source,1425,,neutral,ai,ai_labeled,Chỉ văn phòng để hỏi.,low,comment_only_no_parent_or_post_text
572890134920168,572873544921827,"Giống tớ ,cậu ib tớ hỏi một chút đc k",ptit_2k5,https://www.facebook.com/groups/2k5ptit,2026-10-06T08:59:42.325515+00:00,572890134920168,source,1426,,neutral,ai,ai_labeled,Đề nghị trao đổi vì cùng tình huống.,low,comment_only_no_parent_or_post_text
572892998253215,572873544921827,Mình muốn thi đầu vào thì phải học những môn gì ạ,ptit_2k5,https://www.facebook.com/groups/2k5ptit,2026-10-06T08:59:42.325515+00:00,572892998253215,source,1427,,neutral,ai,ai_labeled,Hỏi các môn học đầu vào.,low,comment_only_no_parent_or_post_text
572897891586059,572873544921827,Xem lịch thi trên Slink ở mục nào đấy bn,ptit_2k5,https://www.facebook.com/groups/2k5ptit,2026-10-06T08:59:42.325515+00:00,572897891586059,source,1428,,neutral,ai,ai_labeled,Hỏi cách xem lịch trên ứng dụng.,low,comment_only_no_parent_or_post_text
572921574917024,572658241610024,Các thầy cô đều tốt,ptit_2k5,https://www.facebook.com/groups/2k5ptit,2026-10-06T08:59:42.159807+00:00,572921574917024,source,1430,,positive,ai,ai_labeled,Đánh giá thầy cô đều tốt.,low,comment_only_no_parent_or_post_text
572924724916709,572873544921827,Bùi Ánh e ra vp1 hỏi nhé,ptit_2k5,https://www.facebook.com/groups/2k5ptit,2026-10-06T08:59:42.325515+00:00,572924724916709,source,1431,,neutral,ai,ai_labeled,Chỉ văn phòng để hỏi.,low,comment_only_no_parent_or_post_text
572960474913134,572873544921827,Nguyễn Thị Hà đúng r bn oie mình cụng bị như thế mà xem trên lịch chia ca thi thì lại đúng bn ạ,ptit_2k5,https://www.facebook.com/groups/2k5ptit,2026-10-06T08:59:42.325515+00:00,572960474913134,source,1432,,neutral,ai,ai_labeled,Mô tả lịch hiển thị sai và lịch ca đúng.,low,comment_only_no_parent_or_post_text
572960598246455,572873544921827,Thanh Tâm ra mà k mở cửa chị ạ,ptit_2k5,https://www.facebook.com/groups/2k5ptit,2026-10-06T08:59:42.325515+00:00,572960598246455,source,1433,,negative,ai,ai_labeled,Than tới văn phòng nhưng cửa không mở.,medium,comment_only_no_parent_or_post_text
572968481579000,572873544921827,cậu liên hệ được chưa,ptit_2k5,https://www.facebook.com/groups/2k5ptit,2026-10-06T08:59:42.325515+00:00,572968481579000,source,1434,possible_advertisement_not_automatic_exclusion,neutral,ai,ai_labeled,Hỏi đã liên hệ được chưa.,low,comment_only_no_parent_or_post_text
573132034895978,572873544921827,"Tớ cũng thế, cậu sửa đc chưa",ptit_2k5,https://www.facebook.com/groups/2k5ptit,2026-10-06T08:59:42.325515+00:00,573132034895978,source,1435,,neutral,ai,ai_labeled,Hỏi đã sửa vấn đề lịch chưa.,low,comment_only_no_parent_or_post_text
573479754861206,573458014863380,Photo Huyền Trang 20 ngõ 2 có đủ NHCH của các chuyên ngành e nhé,ptit_2k5,https://www.facebook.com/groups/2k5ptit,2026-10-06T08:59:43.660207+00:00,573479754861206,source,1436,,neutral,ai,ai_labeled,Chỉ nơi có ngân hàng câu hỏi.,low,comment_only_no_parent_or_post_text
573929284816253,573927484816433,Đen thôi :)),ptit_2k5,https://www.facebook.com/groups/2k5ptit,2026-10-06T08:59:42.331809+00:00,573929284816253,source,1437,,negative,ai,ai_labeled,Than đen đủi dù dùng ký hiệu cười.,high,comment_only_no_parent_or_post_text
573934144815767,573927484816433,Cố gắng làm nhanh nhanh rồi ra e :)),ptit_2k5,https://www.facebook.com/groups/2k5ptit,2026-10-06T08:59:42.331809+00:00,573934144815767,source,1438,,positive,ai,ai_labeled,Động viên làm nhanh để kịp ra xem.,medium,comment_only_no_parent_or_post_text
573936401482208,573927484816433,Về nhà ngủ cho khỏe thôi bạn à,ptit_2k5,https://www.facebook.com/groups/2k5ptit,2026-10-06T08:59:42.331809+00:00,573936401482208,source,1439,,neutral,ai,ai_labeled,Đề xuất về nhà ngủ.,low,comment_only_no_parent_or_post_text
573936811482167,573927484816433,Ivor Đặng let's gooooo,ptit_2k5,https://www.facebook.com/groups/2k5ptit,2026-10-06T08:59:42.331809+00:00,573936811482167,source,1440,,positive,ai,ai_labeled,Hô hào hào hứng tham gia.,medium,comment_only_no_parent_or_post_text
573948501480998,573927484816433,Bạn đen quá,ptit_2k5,https://www.facebook.com/groups/2k5ptit,2026-10-06T08:59:42.331809+00:00,573948501480998,source,1441,,negative,ai,ai_labeled,Nhận xét bạn gặp xui.,medium,comment_only_no_parent_or_post_text
573949024814279,573927484816433,8h40 erik mới biểu diễn cơ c ơi,ptit_2k5,https://www.facebook.com/groups/2k5ptit,2026-10-06T08:59:42.331809+00:00,573949024814279,source,1442,,neutral,ai,ai_labeled,Thông báo giờ biểu diễn.,low,comment_only_no_parent_or_post_text
573952488147266,573927484816433,Vào lụi 10p xong ra mà coi,ptit_2k5,https://www.facebook.com/groups/2k5ptit,2026-10-06T08:59:42.331809+00:00,573952488147266,source,1443,,neutral,ai,ai_labeled,"Nói làm nhanh rồi ra xem, có tính đùa.",medium,comment_only_no_parent_or_post_text
573953398147175,573927484816433,Thư Đoàn kh chen đc ý chứ đông mà =)),ptit_2k5,https://www.facebook.com/groups/2k5ptit,2026-10-06T08:59:42.331809+00:00,573953398147175,source,1444,,negative,ai,ai_labeled,Than quá đông không chen được.,medium,comment_only_no_parent_or_post_text
573965171479331,573927484816433,Nguyễn Kiều TrangLê Hạnh t cx thế,ptit_2k5,https://www.facebook.com/groups/2k5ptit,2026-10-06T08:59:42.331809+00:00,573965171479331,source,1445,,neutral,ai,ai_labeled,"Nói cùng tình huống, không có đánh giá độc lập.",high,comment_only_no_parent_or_post_text
573969521478896,573927484816433,"Cố lên cậu, tôi t4 học từ 7h đến 12h nhưng 12r thi đây =)))))",ptit_2k5,https://www.facebook.com/groups/2k5ptit,2026-10-06T08:59:42.331809+00:00,573969521478896,source,1446,,positive,ai,ai_labeled,Động viên cố lên dù lịch sát nhau.,medium,comment_only_no_parent_or_post_text
573969588145556,573927484816433,Ai thi ca chiều thứ 6 thì còn tâm trí nào mà thi tadv nx,ptit_2k5,https://www.facebook.com/groups/2k5ptit,2026-10-06T08:59:42.331809+00:00,573969588145556,source,1447,,negative,ai,ai_labeled,Than khó tập trung thi vì lịch biểu diễn.,medium,comment_only_no_parent_or_post_text
575088218033693,575028204706361,B có đạt 900+ cũng k được đổi điểm course 1:),ptit_2k5,https://www.facebook.com/groups/2k5ptit,2026-10-06T08:59:42.279980+00:00,575088218033693,source,1464,,neutral,ai,ai_labeled,Thông tin về điểm TOEIC và xếp lớp.,medium,comment_only_no_parent_or_post_text
575089834700198,575028204706361,Trần Đáng vâng ạ,ptit_2k5,https://www.facebook.com/groups/2k5ptit,2026-10-06T08:59:42.279980+00:00,575089834700198,source,1465,,neutral,ai,ai_labeled,Lời đáp vâng.,low,comment_only_no_parent_or_post_text
575162518026263,575028204706361,thi đầu vào chỉ để xác định ai học course 0 hay không thôi,ptit_2k5,https://www.facebook.com/groups/2k5ptit,2026-10-06T08:59:42.280983+00:00,575162518026263,source,1466,,neutral,ai,ai_labeled,Giải thích xác định mức đầu vào.,low,comment_only_no_parent_or_post_text
575354791340369,575028204706361,Xin vía :))))),ptit_2k5,https://www.facebook.com/groups/2k5ptit,2026-10-06T08:59:42.280983+00:00,575354791340369,source,1467,,positive,ai,ai_labeled,Xin vía đạt kết quả tốt.,medium,comment_only_no_parent_or_post_text
575968457945669,575679001307948,A nhớ là một thời gian sau sẽ có kết quả trên web thì phải,ptit_2k5,https://www.facebook.com/groups/2k5ptit,2026-10-06T08:59:42.136573+00:00,575968457945669,source,1468,,neutral,ai,ai_labeled,Hướng dẫn chờ kết quả trên web.,low,comment_only_no_parent_or_post_text
576025967939918,575679001307948,"Lê Tiến Dương web nào ạ , em cảm ơn a ạ",ptit_2k5,https://www.facebook.com/groups/2k5ptit,2026-10-06T08:59:42.136573+00:00,576025967939918,source,1469,,neutral,ai,ai_labeled,"Hỏi địa chỉ web, cảm ơn theo phép lịch sự.",low,comment_only_no_parent_or_post_text
576090057933509,575679001307948,"Người tham gia ẩn danh web tra cứu thì phải, em cứ chờ một thời gian nữa chắc sẽ có thông báo ấy",ptit_2k5,https://www.facebook.com/groups/2k5ptit,2026-10-06T08:59:42.136573+00:00,576090057933509,source,1470,,neutral,ai,ai_labeled,Thông tin nơi chờ tra cứu.,low,comment_only_no_parent_or_post_text
576633141212534,576630637879451,K cần e,ptit_2k5,https://www.facebook.com/groups/2k5ptit,2026-10-06T08:59:44.096244+00:00,576633141212534,source,1471,,neutral,ai,ai_labeled,"Trả lời không cần, thiếu chi tiết ngữ cảnh.",high,comment_only_no_parent_or_post_text
576636464545535,576630637879451,"1, không",ptit_2k5,https://www.facebook.com/groups/2k5ptit,2026-10-06T08:59:44.096244+00:00,576636464545535,source,1472,,neutral,ai,ai_labeled,Trả lời số lượng và phủ định.,high,comment_only_no_parent_or_post_text
576652561210592,576630637879451,Lương Lê dạ em cảm ơn ạ,ptit_2k5,https://www.facebook.com/groups/2k5ptit,2026-10-06T08:59:44.096244+00:00,576652561210592,source,1473,,positive,ai,ai_labeled,Bày tỏ cảm ơn.,low,comment_only_no_parent_or_post_text
576652651210583,576630637879451,Nguyệt Anh Mun em cảm ơn chị ạ,ptit_2k5,https://www.facebook.com/groups/2k5ptit,2026-10-06T08:59:44.096244+00:00,576652651210583,source,1474,,positive,ai,ai_labeled,Bày tỏ cảm ơn.,low,comment_only_no_parent_or_post_text
579121274297054,579104307632084,Xếp hạng điểm đấy bro,ptit_2k5,https://www.facebook.com/groups/2k5ptit,2026-10-06T08:59:43.771936+00:00,579121274297054,source,1475,,neutral,ai,ai_labeled,Giải thích cách xếp hạng.,low,comment_only_no_parent_or_post_text
579126097629905,579104307632084,Trung Tiến vậy cơ,ptit_2k5,https://www.facebook.com/groups/2k5ptit,2026-10-06T08:59:43.771936+00:00,579126097629905,source,1476,,neutral,ai,ai_labeled,Lời đáp ngạc nhiên chưa có đánh giá.,high,comment_only_no_parent_or_post_text
579137644295417,579104307632084,Trung Tiến nghe đồn anh này 8.0,ptit_2k5,https://www.facebook.com/groups/2k5ptit,2026-10-06T08:59:43.771936+00:00,579137644295417,source,1477,,neutral,ai,ai_labeled,Thuật lại mức điểm nghe được.,low,comment_only_no_parent_or_post_text
579138357628679,579104307632084,Hoài Nam tin juan chứ ai đồn,ptit_2k5,https://www.facebook.com/groups/2k5ptit,2026-10-06T08:59:43.771936+00:00,579138357628679,source,1478,,neutral,ai,ai_labeled,Xác nhận thông tin chuẩn.,medium,comment_only_no_parent_or_post_text
579149087627606,579104307632084,Trung Tiến vậy là vẫn có 50ng hơn mình liền :((,ptit_2k5,https://www.facebook.com/groups/2k5ptit,2026-10-06T08:59:43.771936+00:00,579149087627606,source,1479,,negative,ai,ai_labeled,Buồn vì còn nhiều người xếp trên mình.,low,comment_only_no_parent_or_post_text
579151177627397,579104307632084,Người tham gia ẩn danh Vc ghi bàn đẹp đấy,ptit_2k5,https://www.facebook.com/groups/2k5ptit,2026-10-06T08:59:43.771936+00:00,579151177627397,source,1480,,positive,ai,ai_labeled,Khen pha ghi bàn đẹp.,low,comment_only_no_parent_or_post_text
579179094291272,579168010959047,Không ngờ gặp phải thằng liều may tau dự bị 1 cái ở trọ không mai tau đi bộ đi học yên tâm tau vít vào rồi lần này zời nhíp yên xe tau gắn định vị rồi nhé =)))),ptit_2k5,https://www.facebook.com/groups/2k5ptit,2026-10-06T08:59:42.319514+00:00,579179094291272,source,1481,,negative,ai,ai_labeled,Phàn nàn bị trộm dù may có đồ dự bị.,low,comment_only_no_parent_or_post_text
579199827622532,579104307632084,ô em chưa tìm hiểu à,ptit_2k5,https://www.facebook.com/groups/2k5ptit,2026-10-06T08:59:43.771936+00:00,579199827622532,source,1482,,neutral,ai,ai_labeled,Hỏi đã tìm hiểu chưa.,low,comment_only_no_parent_or_post_text
579395054269676,579168010959047,Đề nghị em viết có dấu câu cho mn dễ đọc,ptit_2k5,https://www.facebook.com/groups/2k5ptit,2026-10-06T08:59:42.319514+00:00,579395054269676,source,1483,,neutral,ai,ai_labeled,Đề nghị viết dấu câu để dễ đọc.,medium,comment_only_no_parent_or_post_text
579495404259641,579168010959047,Nguyễn Thắng m lại ăn cắp của ng ta à?,ptit_2k5,https://www.facebook.com/groups/2k5ptit,2026-10-06T08:59:42.319514+00:00,579495404259641,source,1484,,negative,ai,ai_labeled,Chất vấn việc ăn cắp; cần kiểm tra khả năng trêu.,high,comment_only_no_parent_or_post_text
579503417592173,579168010959047,Tội vl ảo thật đấy,ptit_2k5,https://www.facebook.com/groups/2k5ptit,2026-10-06T08:59:42.319514+00:00,579503417592173,source,1485,,negative,ai,ai_labeled,Bày tỏ thương và khó tin trước tình huống.,medium,comment_only_no_parent_or_post_text
579734474235734,579168010959047,Nguyễn Dương t còn bị tk nào tháo hậu nè,ptit_2k5,https://www.facebook.com/groups/2k5ptit,2026-10-06T08:59:42.319514+00:00,579734474235734,source,1487,,negative,ai,ai_labeled,Kể bị tháo mất phụ kiện xe.,medium,comment_only_no_parent_or_post_text
579735224235659,579168010959047,Nguyen Tuan Anh chắc cầm nhầm về lắp xe :)),ptit_2k5,https://www.facebook.com/groups/2k5ptit,2026-10-06T08:59:42.319514+00:00,579735224235659,source,1488,,neutral,ai,ai_labeled,"Đưa giả thuyết cầm nhầm, có thể mỉa mai.",high,comment_only_no_parent_or_post_text
579756630900185,579168010959047,Nguyen Tuan Anh ảnh này là m kêu m hỏng xe mà =)),ptit_2k5,https://www.facebook.com/groups/2k5ptit,2026-10-06T08:59:42.319514+00:00,579756630900185,source,1489,,neutral,ai,ai_labeled,Hỏi xe có hỏng không.,high,comment_only_no_parent_or_post_text
579760567566458,579168010959047,Nguyễn Lệ Quyên tk nào nó vặt đấy :)),ptit_2k5,https://www.facebook.com/groups/2k5ptit,2026-10-06T08:59:42.319514+00:00,579760567566458,source,1490,,negative,ai,ai_labeled,Trách người tháo phụ kiện.,medium,comment_only_no_parent_or_post_text
580128427529672,579168010959047,Vcl Lâm Long Nhật có mỗi cái yên cx giựt em nó,ptit_2k5,https://www.facebook.com/groups/2k5ptit,2026-10-06T08:59:42.319514+00:00,580128427529672,source,1491,,negative,ai,ai_labeled,Bực vì cả yên xe cũng bị lấy.,low,comment_only_no_parent_or_post_text
584103420465506,584097307132784,"ngành mới quá, chưa có gì để review lắm",ptit_2k5,https://www.facebook.com/groups/2k5ptit,2026-10-06T08:59:42.252719+00:00,584103420465506,source,1500,,neutral,ai,ai_labeled,Nói ngành mới chưa có nhận xét.,low,comment_only_no_parent_or_post_text
584124767130038,584097307132784,ib,ptit_2k5,https://www.facebook.com/groups/2k5ptit,2026-10-06T08:59:42.252719+00:00,584124767130038,source,1501,,neutral,ai,ai_labeled,Đề nghị nhắn tin.,low,comment_only_no_parent_or_post_text
584128030463045,584097307132784,Định Trần ông nhiệt tình thật,ptit_2k5,https://www.facebook.com/groups/2k5ptit,2026-10-06T08:59:42.252719+00:00,584128030463045,source,1502,,positive,ai,ai_labeled,"Khen nhiệt tình, có thể trêu.",high,comment_only_no_parent_or_post_text
584128330463015,584097307132784,Nguyễn Luận lùa gà đi ông,ptit_2k5,https://www.facebook.com/groups/2k5ptit,2026-10-06T08:59:42.252719+00:00,584128330463015,source,1503,,negative,ai,ai_labeled,Chê lùa gà bằng giọng đùa.,high,comment_only_no_parent_or_post_text
584149637127551,584097307132784,"Định Trần lùa ít thôi, để các e còn học :))",ptit_2k5,https://www.facebook.com/groups/2k5ptit,2026-10-06T08:59:42.252719+00:00,584149637127551,source,1504,,negative,ai,ai_labeled,Tiếp lời chê lùa người học.,high,comment_only_no_parent_or_post_text
584360600439788,584097307132784,"ib mk nhé, mk tư vấn cho nè:))",ptit_2k5,https://www.facebook.com/groups/2k5ptit,2026-10-06T08:59:42.252719+00:00,584360600439788,source,1505,,neutral,ai,ai_labeled,Mời nhắn tin để tư vấn.,low,comment_only_no_parent_or_post_text
586189100256938,586186323590549,Xin ktra lại đi c:v,ptit_2k5,https://www.facebook.com/groups/2k5ptit,2026-10-06T08:59:43.784940+00:00,586189100256938,source,1507,,neutral,ai,ai_labeled,Đề nghị kiểm tra lại.,low,comment_only_no_parent_or_post_text
586189983590183,586186323590549,Nguyễn Yến buồn cả tháng mất,ptit_2k5,https://www.facebook.com/groups/2k5ptit,2026-10-06T08:59:43.784940+00:00,586189983590183,source,1509,,negative,ai,ai_labeled,Nói buồn cả tháng.,low,comment_only_no_parent_or_post_text
586190450256803,586186323590549,buồn wa phải i ngủ thui,ptit_2k5,https://www.facebook.com/groups/2k5ptit,2026-10-06T08:59:43.784940+00:00,586190450256803,source,1510,,negative,ai,ai_labeled,Bày tỏ buồn ngủ.,low,comment_only_no_parent_or_post_text
586190940256754,586186323590549,Anh Duong e hỏi à,ptit_2k5,https://www.facebook.com/groups/2k5ptit,2026-10-06T08:59:43.784940+00:00,586190940256754,source,1511,,neutral,ai,ai_labeled,Hỏi người đối thoại có hỏi không.,high,comment_only_no_parent_or_post_text
586195590256289,586186323590549,Quỳnh Như em à,ptit_2k5,https://www.facebook.com/groups/2k5ptit,2026-10-06T08:59:43.784940+00:00,586195590256289,source,1512,,neutral,ai,ai_labeled,Lời gọi người đối thoại.,high,comment_only_no_parent_or_post_text
586196493589532,586186323590549,Phùng Hà Châu chia sẻ kinh nghiệm đi,ptit_2k5,https://www.facebook.com/groups/2k5ptit,2026-10-06T08:59:43.784940+00:00,586196493589532,source,1513,,neutral,ai,ai_labeled,Xin kinh nghiệm.,low,comment_only_no_parent_or_post_text
586204086922106,586186323590549,đi hỏi thăm cô,ptit_2k5,https://www.facebook.com/groups/2k5ptit,2026-10-06T08:59:43.784940+00:00,586204086922106,source,1514,,neutral,ai,ai_labeled,Khuyên hỏi thăm giảng viên.,low,comment_only_no_parent_or_post_text
586205876921927,586186323590549,Nguyễn Yến co dc thi lai kh,ptit_2k5,https://www.facebook.com/groups/2k5ptit,2026-10-06T08:59:43.784940+00:00,586205876921927,source,1515,,neutral,ai,ai_labeled,Hỏi có được thi lại không.,low,comment_only_no_parent_or_post_text
586214253587756,586186323590549,Thu Huongg huhu,ptit_2k5,https://www.facebook.com/groups/2k5ptit,2026-10-06T08:59:43.784940+00:00,586214253587756,source,1516,,negative,ai,ai_labeled,Biểu lộ khóc buồn nhưng thiếu đối tượng.,high,comment_only_no_parent_or_post_text
586225126920002,586186323590549,Trang m à,ptit_2k5,https://www.facebook.com/groups/2k5ptit,2026-10-06T08:59:43.784940+00:00,586225126920002,source,1517,,neutral,ai,ai_labeled,"Nhắc tên người, không đánh giá rõ.",high,comment_only_no_parent_or_post_text
586225600253288,586186323590549,Nguyễn Phi Hùng quá buồn cho nửa kì của tsv,ptit_2k5,https://www.facebook.com/groups/2k5ptit,2026-10-06T08:59:43.784940+00:00,586225600253288,source,1518,,negative,ai,ai_labeled,Bày tỏ buồn cho tân sinh viên.,low,comment_only_no_parent_or_post_text
586232983585883,586186323590549,Trang chưa kịp học gì đã đc unlock chức năng nạp tiền,ptit_2k5,https://www.facebook.com/groups/2k5ptit,2026-10-06T08:59:43.784940+00:00,586232983585883,source,1519,,negative,ai,ai_labeled,Mỉa mai chưa học đã phải nạp tiền.,high,comment_only_no_parent_or_post_text
586233840252464,586186323590549,"Nguyễn Phi Hùng còn lâu đi , còn cuối kì vớt vát",ptit_2k5,https://www.facebook.com/groups/2k5ptit,2026-10-06T08:59:43.784940+00:00,586233840252464,source,1520,,neutral,ai,ai_labeled,Nêu khả năng gỡ điểm cuối kỳ.,medium,comment_only_no_parent_or_post_text
586234090252439,586186323590549,Trang sai cta rồi vớt xác ms đúng,ptit_2k5,https://www.facebook.com/groups/2k5ptit,2026-10-06T08:59:43.784940+00:00,586234090252439,source,1521,,negative,ai,ai_labeled,Mỉa mai chỉ còn vớt xác.,high,comment_only_no_parent_or_post_text
586234266919088,586186323590549,Nguyễn Phi Hùng hi vọng trường sẽ cho t một lối thoát,ptit_2k5,https://www.facebook.com/groups/2k5ptit,2026-10-06T08:59:43.784940+00:00,586234266919088,source,1522,,negative,ai,ai_labeled,Mong lối thoát cho thấy lo lắng về tình huống.,medium,comment_only_no_parent_or_post_text
586234693585712,586186323590549,Trang có mà nma.cái lối thoát có 1 vde,ptit_2k5,https://www.facebook.com/groups/2k5ptit,2026-10-06T08:59:43.784940+00:00,586234693585712,source,1523,,neutral,ai,ai_labeled,"Nói lối thoát có vấn đề, thiếu đối tượng.",high,comment_only_no_parent_or_post_text
586345060241342,586338540241994,xem có lớp nào chưa thực hành th Ngọc thì xin đi bù đi e,ptit_2k5,https://www.facebook.com/groups/2k5ptit,2026-10-06T08:59:43.723468+00:00,586345060241342,source,1524,,neutral,ai,ai_labeled,Hỏi xin đi bù thực hành.,low,comment_only_no_parent_or_post_text
586346616907853,586338540241994,"có mấy nhóm thực hành cơ mà, xin thầy đi nhóm sau đi em",ptit_2k5,https://www.facebook.com/groups/2k5ptit,2026-10-06T08:59:43.723468+00:00,586346616907853,source,1525,,neutral,ai,ai_labeled,Hướng dẫn xin buổi sau vì có nhiều nhóm.,low,comment_only_no_parent_or_post_text
586352083573973,586338540241994,Thanh Tâm xin thầy vẫn cho à chị vì em nhắn thầy mà thầy ko rep nên em hơi lo,ptit_2k5,https://www.facebook.com/groups/2k5ptit,2026-10-06T08:59:43.723468+00:00,586352083573973,source,1526,,negative,ai,ai_labeled,Lo vì giảng viên không trả lời.,medium,comment_only_no_parent_or_post_text
586352270240621,586338540241994,Kieu Yen Nhi m đăng đúng không,ptit_2k5,https://www.facebook.com/groups/2k5ptit,2026-10-06T08:59:43.723468+00:00,586352270240621,source,1527,,neutral,ai,ai_labeled,Hỏi ai đăng bài.,low,comment_only_no_parent_or_post_text
586353103573871,586338540241994,"Người tham gia ẩn danh cứ chủ động đi với nhóm khác, vì thầy không điểm danh mỗi buổi thực hành đâu nên không sao",ptit_2k5,https://www.facebook.com/groups/2k5ptit,2026-10-06T08:59:43.723468+00:00,586353103573871,source,1528,,neutral,ai,ai_labeled,Gợi ý đi nhóm khác và thông tin điểm danh.,low,comment_only_no_parent_or_post_text
586387820237066,586338540241994,Thanh Tâm thế sao thầy bt e thực hành vậy chị,ptit_2k5,https://www.facebook.com/groups/2k5ptit,2026-10-06T08:59:43.723468+00:00,586387820237066,source,1529,,neutral,ai,ai_labeled,Hỏi cách giảng viên biết có đi thực hành.,low,comment_only_no_parent_or_post_text
586391386903376,586338540241994,Người tham gia ẩn danh báo thầy lúc khi em thực hành,ptit_2k5,https://www.facebook.com/groups/2k5ptit,2026-10-06T08:59:43.723468+00:00,586391386903376,source,1530,,neutral,ai,ai_labeled,Hướng dẫn báo giảng viên lúc tham gia.,low,comment_only_no_parent_or_post_text
586411133568068,586338540241994,Chức Phạm thế vẫn xin đi buổi khác được mà :))),ptit_2k5,https://www.facebook.com/groups/2k5ptit,2026-10-06T08:59:43.723468+00:00,586411133568068,source,1531,,neutral,ai,ai_labeled,Thông tin có thể xin buổi khác.,low,comment_only_no_parent_or_post_text
586411290234719,586338540241994,Thanh Tâm em không biết nữa chị ạ :))) hôm trước em đi thầy điểm danh căng lắm,ptit_2k5,https://www.facebook.com/groups/2k5ptit,2026-10-06T08:59:43.723468+00:00,586411290234719,source,1532,,neutral,ai,ai_labeled,Kể cách điểm danh và việc chưa biết lịch.,medium,comment_only_no_parent_or_post_text
590709706471544,590329389842909,Phùng Hà Châu chị chia sẻ đi,ptit_2k5,https://www.facebook.com/groups/2k5ptit,2026-10-06T08:59:42.189145+00:00,590709706471544,source,1540,,neutral,ai,ai_labeled,Đề nghị chia sẻ.,low,comment_only_no_parent_or_post_text
590709863138195,590329389842909,Quỳnh Anh Nguyễn khó vậy,ptit_2k5,https://www.facebook.com/groups/2k5ptit,2026-10-06T08:59:42.189145+00:00,590709863138195,source,1541,,negative,ai,ai_labeled,Than khó.,medium,comment_only_no_parent_or_post_text
590736713135510,590329389842909,Khánh Huyềnn Kiều Lan Hương cho các e xin ít tip,ptit_2k5,https://www.facebook.com/groups/2k5ptit,2026-10-06T08:59:42.189145+00:00,590736713135510,source,1542,,neutral,ai,ai_labeled,Xin mẹo xử lý.,low,comment_only_no_parent_or_post_text
590745523134629,590329389842909,Nguyễn Diệu Linh tuy k giống lắm nhưng đều là luật tư vẫn các em kìa,ptit_2k5,https://www.facebook.com/groups/2k5ptit,2026-10-06T08:59:42.189145+00:00,590745523134629,source,1543,,neutral,ai,ai_labeled,Nhờ tư vấn ngành luật.,low,comment_only_no_parent_or_post_text
590805159795332,590329389842909,Nguyễn Kiều vấn đề kỹ năng thôi hiểu k,ptit_2k5,https://www.facebook.com/groups/2k5ptit,2026-10-06T08:59:42.189145+00:00,590805159795332,source,1544,,neutral,ai,ai_labeled,Giải thích kỹ năng cần thiết.,low,comment_only_no_parent_or_post_text
590838369792011,590831059792742,Thôi để tgian giành hobo khè các bạn đi e :)),ptit_2k5,https://www.facebook.com/groups/2k5ptit,2026-10-06T08:59:43.740463+00:00,590838369792011,source,1545,,neutral,ai,ai_labeled,Khuyên giành học bổng.,medium,comment_only_no_parent_or_post_text
590838429792005,590831059792742,Năm sau vào lại thôi b,ptit_2k5,https://www.facebook.com/groups/2k5ptit,2026-10-06T08:59:43.740463+00:00,590838429792005,source,1546,,neutral,ai,ai_labeled,Gợi ý năm sau vào lại.,medium,comment_only_no_parent_or_post_text
590849843124197,590831059792742,chill đi e,ptit_2k5,https://www.facebook.com/groups/2k5ptit,2026-10-06T08:59:43.740463+00:00,590849843124197,source,1547,,positive,ai,ai_labeled,Động viên thư giãn.,medium,comment_only_no_parent_or_post_text
590868946455620,590831059792742,Vào clb nghiện game đi em,ptit_2k5,https://www.facebook.com/groups/2k5ptit,2026-10-06T08:59:43.740463+00:00,590868946455620,source,1548,,neutral,ai,ai_labeled,Gợi ý câu lạc bộ game theo giọng đùa.,high,comment_only_no_parent_or_post_text
590943699781478,590831059792742,Thanh Thuý chiu mà cậu nhỉ,ptit_2k5,https://www.facebook.com/groups/2k5ptit,2026-10-06T08:59:43.740463+00:00,590943699781478,source,1549,,negative,ai,ai_labeled,"Nói chịu thể hiện bất lực, thiếu đối tượng.",high,comment_only_no_parent_or_post_text
590944569781391,590831059792742,"Ko cần vào cx được,dành tg cải thiện coding đi b",ptit_2k5,https://www.facebook.com/groups/2k5ptit,2026-10-06T08:59:43.740463+00:00,590944569781391,source,1550,,neutral,ai,ai_labeled,Khuyên cải thiện kỹ năng lập trình.,low,comment_only_no_parent_or_post_text
590946556447859,590831059792742,Vào trộm,ptit_2k5,https://www.facebook.com/groups/2k5ptit,2026-10-06T08:59:43.740463+00:00,590946556447859,source,1551,,neutral,ai,ai_labeled,"Nói vào trộm theo giọng đùa, thiếu đối tượng.",high,comment_only_no_parent_or_post_text
590958439780004,590831059792742,"k sao đâu 
 anh k vào clb nào vẫn fine",ptit_2k5,https://www.facebook.com/groups/2k5ptit,2026-10-06T08:59:43.740463+00:00,590958439780004,source,1552,,positive,ai,ai_labeled,Động viên không tham gia câu lạc bộ vẫn ổn.,medium,comment_only_no_parent_or_post_text
591062096436305,591058079770040,Năm nhất có đc đki toán rr đâu:)),ptit_2k5,https://www.facebook.com/groups/2k5ptit,2026-10-06T08:59:42.141574+00:00,591062096436305,source,1560,,neutral,ai,ai_labeled,Thông tin năm nhất chưa đăng ký được môn.,low,comment_only_no_parent_or_post_text
591063249769523,591058079770040,Nguyễn Hữu Việt ktdl học trr kì 1 năm nhất,ptit_2k5,https://www.facebook.com/groups/2k5ptit,2026-10-06T08:59:42.141574+00:00,591063249769523,source,1561,,neutral,ai,ai_labeled,Nêu lịch học ngành kỹ thuật dữ liệu.,low,comment_only_no_parent_or_post_text
591063253102856,591058079770040,Nguyễn Hữu Việt trường xếp ạ,ptit_2k5,https://www.facebook.com/groups/2k5ptit,2026-10-06T08:59:42.141574+00:00,591063253102856,source,1562,,neutral,ai,ai_labeled,Giải thích trường xếp lịch.,low,comment_only_no_parent_or_post_text
591067893102392,591058079770040,Lam Anh Quãi căng z anh:))),ptit_2k5,https://www.facebook.com/groups/2k5ptit,2026-10-06T08:59:42.141574+00:00,591067893102392,source,1563,,negative,ai,ai_labeled,"Nói căng, thiếu đối tượng cụ thể.",high,comment_only_no_parent_or_post_text
591067953102386,591058079770040,Người tham gia ẩn danh Ngành mới căng luôn:))),ptit_2k5,https://www.facebook.com/groups/2k5ptit,2026-10-06T08:59:42.141574+00:00,591067953102386,source,1564,,negative,ai,ai_labeled,Nhận xét ngành mới căng.,medium,comment_only_no_parent_or_post_text
591068069769041,591058079770040,Nguyễn Hữu Việt anh có hay học on trr ở đâu ạ,ptit_2k5,https://www.facebook.com/groups/2k5ptit,2026-10-06T08:59:42.141574+00:00,591068069769041,source,1565,,neutral,ai,ai_labeled,Hỏi nơi học trực tuyến.,low,comment_only_no_parent_or_post_text
591068243102357,591058079770040,Người tham gia ẩn danh cái này em hỏi anh Lê Thịnh là đúng r,ptit_2k5,https://www.facebook.com/groups/2k5ptit,2026-10-06T08:59:42.141574+00:00,591068243102357,source,1566,,neutral,ai,ai_labeled,Chỉ người có thể giải đáp.,low,comment_only_no_parent_or_post_text
591068329769015,591058079770040,Lam Anh tôi cũng udu mà có học đâu =)),ptit_2k5,https://www.facebook.com/groups/2k5ptit,2026-10-06T08:59:42.141574+00:00,591068329769015,source,1567,,neutral,ai,ai_labeled,Nói cùng ngành nhưng không học môn này.,low,comment_only_no_parent_or_post_text
591070326435482,591058079770040,Nguyễn Hữu Việt vailon a sắp trượt e ơi,ptit_2k5,https://www.facebook.com/groups/2k5ptit,2026-10-06T08:59:42.141574+00:00,591070326435482,source,1568,,negative,ai,ai_labeled,Lo sắp trượt môn.,low,comment_only_no_parent_or_post_text
591081779767670,591058079770040,môn này qtrong nó nền tảng trượt môn này sau học mấy môn thuật toán cũng trượt thôi nó lq đến nhau đấy. mà trr để ý tí là qua thôi k khó lm đâu,ptit_2k5,https://www.facebook.com/groups/2k5ptit,2026-10-06T08:59:42.141574+00:00,591081779767670,source,1570,,positive,ai,ai_labeled,Đánh giá môn quan trọng và không quá khó.,medium,comment_only_no_parent_or_post_text
591083239767524,591058079770040,"Nguyễn Đức nhầm, kỹ thuật dữ liệu",ptit_2k5,https://www.facebook.com/groups/2k5ptit,2026-10-06T08:59:42.141574+00:00,591083239767524,source,1571,,neutral,ai,ai_labeled,Sửa tên ngành.,low,comment_only_no_parent_or_post_text
591085836433931,591058079770040,"Nguyễn Thị Ngọc Hà đi học với b 1 hôm toàn thấy bạn ngồi cười, có hiểu bài k b",ptit_2k5,https://www.facebook.com/groups/2k5ptit,2026-10-06T08:59:42.141574+00:00,591085836433931,source,1572,,neutral,ai,ai_labeled,"Hỏi bạn có hiểu bài không, có thể trêu.",medium,comment_only_no_parent_or_post_text
591086296433885,591058079770040,Nam Nguyễn anh có đề năm vừa r k ạ,ptit_2k5,https://www.facebook.com/groups/2k5ptit,2026-10-06T08:59:42.141574+00:00,591086296433885,source,1573,,neutral,ai,ai_labeled,Xin đề năm trước.,low,comment_only_no_parent_or_post_text
591089969766851,591058079770040,cũng k khó lắm ôn tủ mấy dạg ít cug phải dc 6,ptit_2k5,https://www.facebook.com/groups/2k5ptit,2026-10-06T08:59:42.141574+00:00,591089969766851,source,1574,,positive,ai,ai_labeled,"Đánh giá không khó, ôn được thì đạt điểm.",medium,comment_only_no_parent_or_post_text
591127023096479,591058079770040,Nam Nguyễn em xem đề bên khoa viễn thông toàn ma trận :))),ptit_2k5,https://www.facebook.com/groups/2k5ptit,2026-10-06T08:59:42.141574+00:00,591127023096479,source,1579,,neutral,ai,ai_labeled,Mô tả đề có ma trận.,low,comment_only_no_parent_or_post_text
591133989762449,591058079770040,đấy là trr 2. toán rr 1 ntn thôi,ptit_2k5,https://www.facebook.com/groups/2k5ptit,2026-10-06T08:59:42.141574+00:00,591133989762449,source,1582,,neutral,ai,ai_labeled,Phân biệt nội dung hai môn.,low,comment_only_no_parent_or_post_text
591135676428947,591058079770040,Nam Nguyễn bọn em 1 môn là mỗi bên lấy 1 tí nên kbt nnao :)),ptit_2k5,https://www.facebook.com/groups/2k5ptit,2026-10-06T08:59:42.141574+00:00,591135676428947,source,1583,,neutral,ai,ai_labeled,Mô tả môn tổng hợp và chưa biết đề.,low,comment_only_no_parent_or_post_text
591139266428588,591058079770040,thế thì đề giốg viễn thôg kết hợp cả trr1 trr2. học thêm về đồ thị cơ bản nx là đc,ptit_2k5,https://www.facebook.com/groups/2k5ptit,2026-10-06T08:59:42.141574+00:00,591139266428588,source,1584,,neutral,ai,ai_labeled,Giải thích dạng đề và nội dung cần học.,low,comment_only_no_parent_or_post_text
599781522231029,599660045576510,Cầu nguyện,ptit_2k5,https://www.facebook.com/groups/2k5ptit,2026-10-06T08:59:42.308147+00:00,599781522231029,source,1609,,neutral,ai,ai_labeled,"Nói cầu nguyện, chưa rõ mong đợi hay lo sợ.",high,comment_only_no_parent_or_post_text
600128108863037,599660045576510,Tú ké:),ptit_2k5,https://www.facebook.com/groups/2k5ptit,2026-10-06T08:59:42.308147+00:00,600128108863037,source,1610,,neutral,ai,ai_labeled,Xin tham gia cùng.,medium,comment_only_no_parent_or_post_text
603741101835071,603739958501852,"Có xin hoãn thi thôi, không có bảo lưu để được thi lại thì phải",ptit_2k5,https://www.facebook.com/groups/2k5ptit,2026-10-06T08:59:42.413750+00:00,603741101835071,source,1623,,neutral,ai,ai_labeled,Thông tin về hoãn thi và bảo lưu.,low,comment_only_no_parent_or_post_text
603742258501622,603739958501852,Phương Thu Vũ hoãn thi để thi tốt nghiệp ạ chị vậy sau khi thi xong đỗ trường khác thì mình có thể rút hồ sơ hay bảo lưu không ạ,ptit_2k5,https://www.facebook.com/groups/2k5ptit,2026-10-06T08:59:42.413750+00:00,603742258501622,source,1624,,neutral,ai,ai_labeled,Hỏi rút hồ sơ hoặc bảo lưu để thi trường khác.,low,comment_only_no_parent_or_post_text
603742695168245,603739958501852,Người tham gia ẩn danh à mình bảo lưu xong học tiếp ở trường nên k rõ trường hợp này rui. Hnhu nếu muốn bảo lưu để thi lại thì kpi phải bao nhiêu đó mới đc hay sao á,ptit_2k5,https://www.facebook.com/groups/2k5ptit,2026-10-06T08:59:42.413750+00:00,603742695168245,source,1625,,neutral,ai,ai_labeled,Kể kinh nghiệm bảo lưu và điều kiện chưa chắc chắn.,low,comment_only_no_parent_or_post_text
603744151834766,603739958501852,Phương Thu Vũ này hỏi thầy cô cố vấn có được không vậy chị và thầy cô có hỗ trợ không hay phải hỏi bên phòng giáo vụ vậy chị,ptit_2k5,https://www.facebook.com/groups/2k5ptit,2026-10-06T08:59:42.413750+00:00,603744151834766,source,1626,,neutral,ai,ai_labeled,Hỏi đơn vị giải đáp thủ tục.,low,comment_only_no_parent_or_post_text
603744425168072,603739958501852,Người tham gia ẩn danh b cứ hỏi thử thầy cô cố vấn nha. Thầy k rõ thầy sẽ hướng dẫn b đến chỗ giải đáp đc cho b,ptit_2k5,https://www.facebook.com/groups/2k5ptit,2026-10-06T08:59:42.413750+00:00,603744425168072,source,1627,,neutral,ai,ai_labeled,Gợi ý hỏi cố vấn để được hướng dẫn.,low,comment_only_no_parent_or_post_text
603974315145083,603739958501852,Thuy Trong Tran thôi học đi e ơi :)),ptit_2k5,https://www.facebook.com/groups/2k5ptit,2026-10-06T08:59:42.413750+00:00,603974315145083,source,1629,,negative,ai,ai_labeled,Khuyên thôi học bằng giọng có thể mỉa mai.,high,comment_only_no_parent_or_post_text
606360154906499,606358364906678,Nghỉ thêm vài tiết nữa mới bị cấm,ptit_2k5,https://www.facebook.com/groups/2k5ptit,2026-10-06T08:59:42.337951+00:00,606360154906499,source,1631,,neutral,ai,ai_labeled,Thông tin số tiết nghỉ dẫn tới cấm thi.,low,comment_only_no_parent_or_post_text
606360181573163,606358364906678,Đc nhé,ptit_2k5,https://www.facebook.com/groups/2k5ptit,2026-10-06T08:59:42.337951+00:00,606360181573163,source,1632,,neutral,ai,ai_labeled,Trả lời được.,low,comment_only_no_parent_or_post_text
606367951572386,606358364906678,nghỉ lấy 3 hôm r cấm thi thôi em,ptit_2k5,https://www.facebook.com/groups/2k5ptit,2026-10-06T08:59:42.337951+00:00,606367951572386,source,1633,,neutral,ai,ai_labeled,Thông tin điều kiện cấm thi.,low,comment_only_no_parent_or_post_text
606379571571224,606358364906678,Mình nghỉ 3 tiết r,ptit_2k5,https://www.facebook.com/groups/2k5ptit,2026-10-06T08:59:42.337951+00:00,606379571571224,source,1634,,neutral,ai,ai_labeled,Nêu số tiết đã nghỉ.,low,comment_only_no_parent_or_post_text
606409181568263,606358364906678,"Được thi thì vẫn được, quan trọng có lần đầu là đến 2, 3 lần sau nghiện ngay",ptit_2k5,https://www.facebook.com/groups/2k5ptit,2026-10-06T08:59:42.337951+00:00,606409181568263,source,1635,,neutral,ai,ai_labeled,Giải thích vẫn thi được nhưng cảnh báo thói quen nghỉ.,medium,comment_only_no_parent_or_post_text
608742178001630,608741178001730,"Đàm phán với gv thực hành xem xin đi bù đc ko, nếu k là hết cứu đấy",ptit_2k5,https://www.facebook.com/groups/2k5ptit,2026-10-06T08:59:42.344118+00:00,608742178001630,source,1636,,neutral,ai,ai_labeled,Khuyên xin thực hành bù và cảnh báo hậu quả.,medium,comment_only_no_parent_or_post_text
608742918001556,608741178001730,Hết cứu r bạn ạ,ptit_2k5,https://www.facebook.com/groups/2k5ptit,2026-10-06T08:59:42.344118+00:00,608742918001556,source,1637,,negative,ai,ai_labeled,Đánh giá tình huống hết cứu.,medium,comment_only_no_parent_or_post_text
608743184668196,608741178001730,Năm ngoái quên thi thì Xin đi buổi khác được hay sao ý còn năm nay chịu vì chưa thử :)) mà năm nay d23 thi sớm qué,ptit_2k5,https://www.facebook.com/groups/2k5ptit,2026-10-06T08:59:42.344118+00:00,608743184668196,source,1638,,neutral,ai,ai_labeled,"Kể cách xin thi khác năm trước, năm nay chưa biết.",medium,comment_only_no_parent_or_post_text
608745188001329,608741178001730,"Học lại 1 tín 900, năm sau còn chưa biết ntn nữa",ptit_2k5,https://www.facebook.com/groups/2k5ptit,2026-10-06T08:59:42.344118+00:00,608745188001329,source,1639,,neutral,ai,ai_labeled,Nêu phí học lại và chưa biết năm sau.,low,comment_only_no_parent_or_post_text
608746514667863,608741178001730,2 tín phải củ 8 chứ,ptit_2k5,https://www.facebook.com/groups/2k5ptit,2026-10-06T08:59:42.344118+00:00,608746514667863,source,1640,,neutral,ai,ai_labeled,Đính chính tổng phí hai tín.,low,comment_only_no_parent_or_post_text
608818107994037,608741178001730,"học lại 2 tín x1,5 là 2tr1 nhé và anh t bảo học lại cùng D24 chứ bthg sẽ không đủ một lớp để dạy vào hè đâu mà sang kì 2 thì không có môn này",ptit_2k5,https://www.facebook.com/groups/2k5ptit,2026-10-06T08:59:42.344118+00:00,608818107994037,source,1641,,neutral,ai,ai_labeled,Giải thích phí học lại và thời điểm mở lớp.,low,comment_only_no_parent_or_post_text
608820987993749,608741178001730,E ib anh này Mai Trung Bắc năm ngoái anh í cũng ngủ quên lịch thi =)),ptit_2k5,https://www.facebook.com/groups/2k5ptit,2026-10-06T08:59:42.344118+00:00,608820987993749,source,1642,,neutral,ai,ai_labeled,Chỉ người từng quên thi để hỏi kinh nghiệm.,medium,comment_only_no_parent_or_post_text
608821791327002,608741178001730,Nguyễn Thùy Linh =)))) giấu diếm tí đi,ptit_2k5,https://www.facebook.com/groups/2k5ptit,2026-10-06T08:59:42.344118+00:00,608821791327002,source,1643,,neutral,ai,ai_labeled,Đề nghị giấu chuyện theo giọng đùa.,high,comment_only_no_parent_or_post_text
608824664660048,608741178001730,thôi em nó hết cứu r =)),ptit_2k5,https://www.facebook.com/groups/2k5ptit,2026-10-06T08:59:42.344118+00:00,608824664660048,source,1644,,negative,ai,ai_labeled,Nói hết cứu dù kèm cười.,high,comment_only_no_parent_or_post_text
611451901063991,611444374398077,may mắn thì các cô lao công nhặt đc và cho xin lại (phòng hành lang tầng 2 lên tầng 3 tòa A3),ptit_2k5,https://www.facebook.com/groups/2k5ptit,2026-10-06T08:59:43.991300+00:00,611451901063991,source,1645,,neutral,ai,ai_labeled,Chỉ nơi có thể tìm lại đồ.,low,comment_only_no_parent_or_post_text
611459017729946,611444374398077,Quên ở nvs thì hỏi Trần Thiên nhé :)),ptit_2k5,https://www.facebook.com/groups/2k5ptit,2026-10-06T08:59:43.991300+00:00,611459017729946,source,1646,,neutral,ai,ai_labeled,Gợi ý hỏi người về đồ bỏ quên.,medium,comment_only_no_parent_or_post_text
611462091062972,611444374398077,Trần Hoàng báo con 6r sáng,ptit_2k5,https://www.facebook.com/groups/2k5ptit,2026-10-06T08:59:43.991300+00:00,611462091062972,source,1647,,negative,ai,ai_labeled,"Chê gây rắc rối buổi sáng, có thể trêu.",high,comment_only_no_parent_or_post_text
611480764394438,611444374398077,Nguyễn Văn Tuấn an toàn,ptit_2k5,https://www.facebook.com/groups/2k5ptit,2026-10-06T08:59:43.991300+00:00,611480764394438,source,1648,,positive,ai,ai_labeled,Đánh giá an toàn nhưng thiếu đối tượng.,high,comment_only_no_parent_or_post_text
611480831061098,611444374398077,Lấy đc tốt nhé b =)) toi mới lấy lại đc,ptit_2k5,https://www.facebook.com/groups/2k5ptit,2026-10-06T08:59:43.991300+00:00,611480831061098,source,1649,,positive,ai,ai_labeled,Mừng lấy lại được đồ và kể kinh nghiệm.,medium,comment_only_no_parent_or_post_text
611484904394024,611444374398077,Nguyễn Văn Tuấn nó quên cj đấy mày :))),ptit_2k5,https://www.facebook.com/groups/2k5ptit,2026-10-06T08:59:43.991300+00:00,611484904394024,source,1650,,neutral,ai,ai_labeled,Hỏi bỏ quên gì.,low,comment_only_no_parent_or_post_text
611493074393207,611444374398077,Gọi mấy cô lao công. T có số cô ở a3,ptit_2k5,https://www.facebook.com/groups/2k5ptit,2026-10-06T08:59:43.991300+00:00,611493074393207,source,1651,,neutral,ai,ai_labeled,Gợi ý gọi lao công và có số liên hệ.,low,comment_only_no_parent_or_post_text
611540804388434,611444374398077,"Trần Phương 
 k bt j hết",ptit_2k5,https://www.facebook.com/groups/2k5ptit,2026-10-06T08:59:43.991300+00:00,611540804388434,source,1652,,neutral,ai,ai_labeled,Nói không biết thông tin.,low,comment_only_no_parent_or_post_text
611543981054783,611536761055505,Được học lại =)),ptit_2k5,https://www.facebook.com/groups/2k5ptit,2026-10-06T08:59:43.842472+00:00,611543981054783,source,1653,,negative,ai,ai_labeled,Nói được học lại mang ý châm biếm.,high,comment_only_no_parent_or_post_text
611547577721090,611536761055505,Vấn đề này hơi khó nhỉ =))),ptit_2k5,https://www.facebook.com/groups/2k5ptit,2026-10-06T08:59:43.842472+00:00,611547577721090,source,1654,,negative,ai,ai_labeled,Nhận xét vấn đề khó.,medium,comment_only_no_parent_or_post_text
611567564385758,611536761055505,Nguyễn Lê Kanh tính sao,ptit_2k5,https://www.facebook.com/groups/2k5ptit,2026-10-06T08:59:43.842472+00:00,611567564385758,source,1657,,neutral,ai,ai_labeled,Hỏi tính sao.,low,comment_only_no_parent_or_post_text
611595631049618,611536761055505,Chưa được học lại là may r :)),ptit_2k5,https://www.facebook.com/groups/2k5ptit,2026-10-06T08:59:43.842472+00:00,611595631049618,source,1658,,negative,ai,ai_labeled,Mỉa mai may chưa phải học lại.,high,comment_only_no_parent_or_post_text
611620527713795,611536761055505,thua:)),ptit_2k5,https://www.facebook.com/groups/2k5ptit,2026-10-06T08:59:43.842472+00:00,611620527713795,source,1659,,negative,ai,ai_labeled,Nói thua dù kèm cười.,medium,comment_only_no_parent_or_post_text
611629597712888,611536761055505,Ngọc Thạch học đi,ptit_2k5,https://www.facebook.com/groups/2k5ptit,2026-10-06T08:59:43.842472+00:00,611629597712888,source,1660,,neutral,ai,ai_labeled,Nhắc học.,low,comment_only_no_parent_or_post_text
611635211045660,611536761055505,Nguyễn Nhật Quang chiều có mấy bạn rủ tớ in phao mà tớ từ chối cậu ạ,ptit_2k5,https://www.facebook.com/groups/2k5ptit,2026-10-06T08:59:43.842472+00:00,611635211045660,source,1661,,neutral,ai,ai_labeled,Kể từ chối in tài liệu gian lận.,medium,comment_only_no_parent_or_post_text
611635584378956,611536761055505,Ngọc Thạch hỏng,ptit_2k5,https://www.facebook.com/groups/2k5ptit,2026-10-06T08:59:43.842472+00:00,611635584378956,source,1662,,negative,ai,ai_labeled,Đánh giá hỏng nhưng thiếu đối tượng.,high,comment_only_no_parent_or_post_text
611636107712237,611536761055505,Nguyễn Nhật Quang chúng mình học bằng thực lực cậu nhỉe,ptit_2k5,https://www.facebook.com/groups/2k5ptit,2026-10-06T08:59:43.842472+00:00,611636107712237,source,1663,,positive,ai,ai_labeled,"Ủng hộ học bằng thực lực, có thể trêu.",high,comment_only_no_parent_or_post_text
611636337712214,611536761055505,Ngọc Thạch ko tớ ko có thực lực,ptit_2k5,https://www.facebook.com/groups/2k5ptit,2026-10-06T08:59:43.842472+00:00,611636337712214,source,1664,,negative,ai,ai_labeled,Tự nhận không có thực lực.,high,comment_only_no_parent_or_post_text
611637124378802,611536761055505,Nguyễn Nhật Quang t-tớ cũng thế,ptit_2k5,https://www.facebook.com/groups/2k5ptit,2026-10-06T08:59:43.842472+00:00,611637124378802,source,1665,,neutral,ai,ai_labeled,"Nói cũng thế, không biết nội dung được đồng tình.",high,comment_only_no_parent_or_post_text
611637487712099,611536761055505,Trịnh Vương anh đã phải ng tử tế chưa ?,ptit_2k5,https://www.facebook.com/groups/2k5ptit,2026-10-06T08:59:43.842472+00:00,611637487712099,source,1666,,negative,ai,ai_labeled,"Chất vấn có tử tế không, có thể đùa.",high,comment_only_no_parent_or_post_text
611642051044976,611625711046610,Hình như là học những phần mà giảng viên đã dạy á cậu,ptit_2k5,https://www.facebook.com/groups/2k5ptit,2026-10-06T08:59:42.371555+00:00,611642051044976,source,1667,,neutral,ai,ai_labeled,Giải thích học các phần giảng viên dạy.,low,comment_only_no_parent_or_post_text
611646451044536,611625711046610,F5 đi,ptit_2k5,https://www.facebook.com/groups/2k5ptit,2026-10-06T08:59:42.371555+00:00,611646451044536,source,1668,,neutral,ai,ai_labeled,Hướng dẫn làm mới trang.,low,comment_only_no_parent_or_post_text
611646554377859,611625711046610,Nếu trong qtrinh học mà tua thì cũng ko đc tính á,ptit_2k5,https://www.facebook.com/groups/2k5ptit,2026-10-06T08:59:42.371555+00:00,611646554377859,source,1669,,neutral,ai,ai_labeled,Thông tin tua video không được tính.,low,comment_only_no_parent_or_post_text
611657031043478,611625711046610,Mk p xem lại đến 3 lần cái bài rr này c ạ :)),ptit_2k5,https://www.facebook.com/groups/2k5ptit,2026-10-06T08:59:42.371555+00:00,611657031043478,source,1670,,negative,ai,ai_labeled,Than phải xem lại nhiều lần.,medium,comment_only_no_parent_or_post_text
611676667708181,611625711046610,reload,ptit_2k5,https://www.facebook.com/groups/2k5ptit,2026-10-06T08:59:42.371555+00:00,611676667708181,source,1671,,neutral,ai,ai_labeled,Hướng dẫn tải lại trang.,low,comment_only_no_parent_or_post_text
611872904355224,611625711046610,"Xem lại thôi, thi thoảng bị ngu;)",ptit_2k5,https://www.facebook.com/groups/2k5ptit,2026-10-06T08:59:42.371555+00:00,611872904355224,source,1672,,negative,ai,ai_labeled,Chê hệ thống có lúc lỗi bằng tiếng lóng.,high,comment_only_no_parent_or_post_text
611918207684027,611625711046610,"Trần Duy Mạnh tớ học phần cô đã dạy cũng không được cậu ạ 
 chương 1 còn không xem được hết",ptit_2k5,https://www.facebook.com/groups/2k5ptit,2026-10-06T08:59:42.371555+00:00,611918207684027,source,1673,,negative,ai,ai_labeled,Phàn nàn học phần đã dạy vẫn không xem hết được.,low,comment_only_no_parent_or_post_text
611918651017316,611625711046610,"Nguyễn Minh Mình xem lại rất nhiều lần thử trên cả rất nhiều máy cũng không được cậu ạ 
 suyyy",ptit_2k5,https://www.facebook.com/groups/2k5ptit,2026-10-06T08:59:42.371555+00:00,611918651017316,source,1674,,negative,ai,ai_labeled,Thất vọng vì thử nhiều lần nhiều máy vẫn không được.,low,comment_only_no_parent_or_post_text
611974151011766,611625711046610,Nguyễn Minh may quá t chx xem=),ptit_2k5,https://www.facebook.com/groups/2k5ptit,2026-10-06T08:59:42.371555+00:00,611974151011766,source,1675,,positive,ai,ai_labeled,"Nói may chưa xem, có thể mỉa mai.",high,comment_only_no_parent_or_post_text
611994584343056,606358364906678,Nguyễn Hoàngg c hư quá z,ptit_2k5,https://www.facebook.com/groups/2k5ptit,2026-10-06T08:59:42.337951+00:00,611994584343056,source,1676,,negative,ai,ai_labeled,Chê hư theo giọng có thể trêu.,high,comment_only_no_parent_or_post_text
613659604176554,613649124177602,Võ Quỳnh Trang ké,ptit_2k5,https://www.facebook.com/groups/2k5ptit,2026-10-06T08:59:42.358553+00:00,613659604176554,source,1677,,neutral,ai,ai_labeled,Xin tham gia cùng.,low,comment_only_no_parent_or_post_text
613659794176535,613649124177602,"Liên hệ Hoàng Xuân Mai bao hiểu, cuối kì A+ dễ như trở bàn tay=))",ptit_2k5,https://www.facebook.com/groups/2k5ptit,2026-10-06T08:59:42.358553+00:00,613659794176535,source,1678,possible_advertisement_not_automatic_exclusion,positive,ai,ai_labeled,"Khen hướng dẫn dễ hiểu và dễ đạt điểm, cần kiểm tra quảng cáo.",high,comment_only_no_parent_or_post_text
613662697509578,613649124177602,ib Hoàng Xuân Mai nhe,ptit_2k5,https://www.facebook.com/groups/2k5ptit,2026-10-06T08:59:42.358553+00:00,613662697509578,source,1679,,neutral,ai,ai_labeled,Gợi ý nhắn tin người hỗ trợ.,low,comment_only_no_parent_or_post_text
613664367509411,613649124177602,Ngọc Ánh bín ngay,ptit_2k5,https://www.facebook.com/groups/2k5ptit,2026-10-06T08:59:42.358553+00:00,613664367509411,source,1680,,negative,ai,ai_labeled,Lời xua đuổi mang sắc thái khó chịu.,high,comment_only_no_parent_or_post_text
613666324175882,613649124177602,Võ Quỳnh Trang cho em học với,ptit_2k5,https://www.facebook.com/groups/2k5ptit,2026-10-06T08:59:42.358553+00:00,613666324175882,source,1681,,neutral,ai,ai_labeled,Xin học cùng.,low,comment_only_no_parent_or_post_text
613667684175746,613649124177602,Sợ tạch VL3 với cả Xử Lý lắm,ptit_2k5,https://www.facebook.com/groups/2k5ptit,2026-10-06T08:59:42.358553+00:00,613667684175746,source,1682,,negative,ai,ai_labeled,Lo trượt hai môn.,low,comment_only_no_parent_or_post_text
613670360842145,613649124177602,Hoàng Xuân Mai anh ơi chỉ giáo em với ạ,ptit_2k5,https://www.facebook.com/groups/2k5ptit,2026-10-06T08:59:42.358553+00:00,613670360842145,source,1683,,neutral,ai,ai_labeled,Xin chỉ dẫn.,low,comment_only_no_parent_or_post_text
613670630842118,613649124177602,AN LE tớ sợ tạch môn mà b ơi sao lại chỉ giáo rì,ptit_2k5,https://www.facebook.com/groups/2k5ptit,2026-10-06T08:59:42.358553+00:00,613670630842118,source,1684,,negative,ai,ai_labeled,Nói sợ trượt môn.,medium,comment_only_no_parent_or_post_text
613670867508761,613649124177602,Hoàng Xuân Mai idol toán rời rạc mà cứ bảo rớt môn,ptit_2k5,https://www.facebook.com/groups/2k5ptit,2026-10-06T08:59:42.358553+00:00,613670867508761,source,1685,,positive,ai,ai_labeled,"Khen giỏi toán rời rạc, có thể trêu.",high,comment_only_no_parent_or_post_text
613673770841804,613649124177602,Võ Quỳnh Trang hỏi thầy trinh ấy,ptit_2k5,https://www.facebook.com/groups/2k5ptit,2026-10-06T08:59:42.358553+00:00,613673770841804,source,1686,,neutral,ai,ai_labeled,Gợi ý hỏi giảng viên.,low,comment_only_no_parent_or_post_text
613681900840991,613649124177602,AN LE Tự tin đc mỗi môn này.,ptit_2k5,https://www.facebook.com/groups/2k5ptit,2026-10-06T08:59:42.358553+00:00,613681900840991,source,1687,,positive,ai,ai_labeled,Nói tự tin ở môn này.,medium,comment_only_no_parent_or_post_text
613736577502190,613649124177602,Hoàng Xuân Mai để thi lại,ptit_2k5,https://www.facebook.com/groups/2k5ptit,2026-10-06T08:59:42.358553+00:00,613736577502190,source,1688,,neutral,ai,ai_labeled,"Nói mục đích thi lại, chưa rõ đánh giá.",high,comment_only_no_parent_or_post_text
615251327350715,615250897350758,Phẩy,ptit_2k5,https://www.facebook.com/groups/2k5ptit,2026-10-06T08:59:42.168807+00:00,615251327350715,source,1689,,neutral,ai,ai_labeled,"Nêu dấu phẩy, có thể dùng để theo dõi bài.",high,comment_only_no_parent_or_post_text
615258210683360,615250897350758,Chấm phẩy,ptit_2k5,https://www.facebook.com/groups/2k5ptit,2026-10-06T08:59:42.168807+00:00,615258210683360,source,1690,,neutral,ai,ai_labeled,"Nêu dấu chấm phẩy, không có cảm xúc rõ.",high,comment_only_no_parent_or_post_text
615258300683351,615250897350758,Phẩy chấm,ptit_2k5,https://www.facebook.com/groups/2k5ptit,2026-10-06T08:59:42.168807+00:00,615258300683351,source,1692,,neutral,ai,ai_labeled,Nêu dấu câu bằng chữ.,high,comment_only_no_parent_or_post_text
615275884014926,615250897350758,Giáo viên nào đây ạ,ptit_2k5,https://www.facebook.com/groups/2k5ptit,2026-10-06T08:59:42.168807+00:00,615275884014926,source,1694,,neutral,ai,ai_labeled,Hỏi tên giảng viên.,low,comment_only_no_parent_or_post_text
615331427342705,615250897350758,Viet Anh có chưa cậu?,ptit_2k5,https://www.facebook.com/groups/2k5ptit,2026-10-06T08:59:42.168807+00:00,615331427342705,source,1695,,neutral,ai,ai_labeled,Hỏi đã có chưa.,low,comment_only_no_parent_or_post_text
615355090673672,615250897350758,Duy Thanh b ơi cho mình xin kn 10 đ giải tích của b với,ptit_2k5,https://www.facebook.com/groups/2k5ptit,2026-10-06T08:59:42.168807+00:00,615355090673672,source,1697,,neutral,ai,ai_labeled,Xin kinh nghiệm đạt điểm cao.,low,comment_only_no_parent_or_post_text
615719447303903,615717850637396,"Cô Hoà nhé. Lên bảng hay trả lời câu hỏi + 0,5",ptit_2k5,https://www.facebook.com/groups/2k5ptit,2026-10-06T08:59:43.561063+00:00,615719447303903,source,1698,,neutral,ai,ai_labeled,Giải thích điểm cộng khi trả lời hoặc lên bảng.,low,comment_only_no_parent_or_post_text
615723650636816,615717850637396,cô Hòa nhé. Cô hay cười lắm,ptit_2k5,https://www.facebook.com/groups/2k5ptit,2026-10-06T08:59:43.561063+00:00,615723650636816,source,1699,,positive,ai,ai_labeled,Nhận xét giảng viên hay cười.,medium,comment_only_no_parent_or_post_text
616170113925503,616166823925832,Hoàng Hà đi chx :)),ptit_2k5,https://www.facebook.com/groups/2k5ptit,2026-10-06T08:59:43.584119+00:00,616170113925503,source,1700,,neutral,ai,ai_labeled,Hỏi đã đi chưa.,low,comment_only_no_parent_or_post_text
616185843923930,616166823925832,"Tiệt Trùng Sữa Chua =)) lớp trg,lớp phó thể dục cũng sợ méo kém",ptit_2k5,https://www.facebook.com/groups/2k5ptit,2026-10-06T08:59:43.584119+00:00,616185843923930,source,1702,,negative,ai,ai_labeled,"Nói sợ dù giữ chức lớp, có thể trêu.",high,comment_only_no_parent_or_post_text
616203643922150,616166823925832,đi đúng cửa,ptit_2k5,https://www.facebook.com/groups/2k5ptit,2026-10-06T08:59:43.584119+00:00,616203643922150,source,1704,,neutral,ai,ai_labeled,Nhắc đi đúng cửa.,medium,comment_only_no_parent_or_post_text
616207923921722,616166823925832,":))) cũng không sợ lắm, năm ngoái cuối kì 1₫ t vẫn qua môn 1 cách chính đáng",ptit_2k5,https://www.facebook.com/groups/2k5ptit,2026-10-06T08:59:43.584119+00:00,616207923921722,source,1705,,positive,ai,ai_labeled,Trấn an không quá sợ và có thể qua môn.,medium,comment_only_no_parent_or_post_text
616286367247211,616283873914127,"cuối kỳ 70%, tổng kết trên 4 là qua rồi.",ptit_2k5,https://www.facebook.com/groups/2k5ptit,2026-10-06T08:59:42.285982+00:00,616286367247211,source,1707,,neutral,ai,ai_labeled,Thông tin trọng số và ngưỡng qua môn.,low,comment_only_no_parent_or_post_text
616286600580521,616283873914127,"2đ cứu tốt. Mk giữa kì 2,5 đây đi thi vẫn 9,5 đây",ptit_2k5,https://www.facebook.com/groups/2k5ptit,2026-10-06T08:59:42.285982+00:00,616286600580521,source,1708,,positive,ai,ai_labeled,Trấn an điểm giữa kỳ thấp vẫn cứu được.,medium,comment_only_no_parent_or_post_text
616288283913686,616283873914127,Vy Đặng em hỏi à hay là Thu Hương,ptit_2k5,https://www.facebook.com/groups/2k5ptit,2026-10-06T08:59:42.285982+00:00,616288283913686,source,1709,,neutral,ai,ai_labeled,Hỏi ai đã đặt câu hỏi.,low,comment_only_no_parent_or_post_text
616303687245479,616283873914127,=))) câu chuyện k chỉ riêng c=),ptit_2k5,https://www.facebook.com/groups/2k5ptit,2026-10-06T08:59:42.285982+00:00,616303687245479,source,1711,,neutral,ai,ai_labeled,Nói nhiều người cùng tình huống.,medium,comment_only_no_parent_or_post_text
616321847243663,616283873914127,ko em Nam Thành,ptit_2k5,https://www.facebook.com/groups/2k5ptit,2026-10-06T08:59:42.285982+00:00,616321847243663,source,1712,,neutral,ai,ai_labeled,Trả lời phủ định kèm tên người.,high,comment_only_no_parent_or_post_text
616329937242854,616283873914127,Gt2 dễ hơn gt1 nhé =)) Anh Duc nhỉ,ptit_2k5,https://www.facebook.com/groups/2k5ptit,2026-10-06T08:59:42.285982+00:00,616329937242854,source,1713,,positive,ai,ai_labeled,Đánh giá giải tích hai dễ hơn.,medium,comment_only_no_parent_or_post_text
616344467241401,616283873914127,Nguyễn Quang Huy cả 2 đều khó=)),ptit_2k5,https://www.facebook.com/groups/2k5ptit,2026-10-06T08:59:42.285982+00:00,616344467241401,source,1714,,negative,ai,ai_labeled,Đánh giá cả hai môn đều khó.,medium,comment_only_no_parent_or_post_text
616347283907786,616283873914127,Câu hỏi đầu tiên là 1 câu hỏi hay đấy e,ptit_2k5,https://www.facebook.com/groups/2k5ptit,2026-10-06T08:59:42.285982+00:00,616347283907786,source,1716,,positive,ai,ai_labeled,Khen câu hỏi hay.,low,comment_only_no_parent_or_post_text
616351397240708,616166823925832,Phùng Mihh Nhug sợ à,ptit_2k5,https://www.facebook.com/groups/2k5ptit,2026-10-06T08:59:43.584119+00:00,616351397240708,source,1718,,neutral,ai,ai_labeled,"Hỏi có sợ không, chưa tự thể hiện phàn nàn.",medium,comment_only_no_parent_or_post_text
616353620573819,615951473947367,Chung ý tưởng=))),ptit_2k5,https://www.facebook.com/groups/2k5ptit,2026-10-06T08:59:43.629068+00:00,616353620573819,source,1719,,neutral,ai,ai_labeled,Nói chung ý tưởng.,medium,comment_only_no_parent_or_post_text
616358553906659,615951473947367,Nguyễn Huy cô tâm nhé,ptit_2k5,https://www.facebook.com/groups/2k5ptit,2026-10-06T08:59:43.630070+00:00,616358553906659,source,1720,,neutral,ai,ai_labeled,Nêu tên giảng viên.,low,comment_only_no_parent_or_post_text
616358787239969,615951473947367,Nguyễn Quang Minh cô dạy dễ hiểu nma cô k dễ,ptit_2k5,https://www.facebook.com/groups/2k5ptit,2026-10-06T08:59:43.630070+00:00,616358787239969,source,1721,,positive,ai,ai_labeled,Khen dạy dễ hiểu dù giảng viên nghiêm.,high,comment_only_no_parent_or_post_text
616370910572090,616283873914127,"gt2 dễ hơn gt1 nhé, gt 1 cuối kì anh được 3 còn gt2 thì được 4:)))",ptit_2k5,https://www.facebook.com/groups/2k5ptit,2026-10-06T08:59:42.285982+00:00,616370910572090,source,1722,,positive,ai,ai_labeled,"Đánh giá dễ hơn dựa vào điểm, có thể đùa.",high,comment_only_no_parent_or_post_text
616374423905072,616283873914127,Thắng Lê em fan a,ptit_2k5,https://www.facebook.com/groups/2k5ptit,2026-10-06T08:59:42.285982+00:00,616374423905072,source,1723,,positive,ai,ai_labeled,Bày tỏ hâm mộ.,low,comment_only_no_parent_or_post_text
616386620570519,616283873914127,Thắng Lê vậy anh qua gt không á anh =))),ptit_2k5,https://www.facebook.com/groups/2k5ptit,2026-10-06T08:59:42.285982+00:00,616386620570519,source,1724,,neutral,ai,ai_labeled,Hỏi đã qua môn chưa.,low,comment_only_no_parent_or_post_text
616394030569778,616283873914127,Nguyễn Quang Huy A+ gt2 A gt1 nói có khác,ptit_2k5,https://www.facebook.com/groups/2k5ptit,2026-10-06T08:59:42.285982+00:00,616394030569778,source,1725,,positive,ai,ai_labeled,"Khen thành tích điểm cao, có thể trêu.",high,comment_only_no_parent_or_post_text
616394673903047,616283873914127,Đình Văn chắc học lại 2 lần nữa thì được v,ptit_2k5,https://www.facebook.com/groups/2k5ptit,2026-10-06T08:59:42.285982+00:00,616394673903047,source,1726,,negative,ai,ai_labeled,Tự giễu phải học lại mới đạt điểm.,high,comment_only_no_parent_or_post_text
616405167235331,616283873914127,Nguyễn Quang Huy thôi em đừng có mõm,ptit_2k5,https://www.facebook.com/groups/2k5ptit,2026-10-06T08:59:42.285982+00:00,616405167235331,source,1727,,negative,ai,ai_labeled,Chê nói khoác bằng tiếng lóng.,high,comment_only_no_parent_or_post_text
616417743900740,616283873914127,Thái Dương Đàm m hỏi à,ptit_2k5,https://www.facebook.com/groups/2k5ptit,2026-10-06T08:59:42.285982+00:00,616417743900740,source,1728,,neutral,ai,ai_labeled,Hỏi ai hỏi.,low,comment_only_no_parent_or_post_text
616756913866823,616713393871175,Tuỳ giảng viên :)) trước bọn chị cũng 60p nma 20p trắc nghiệm và 40p thực hành :))))),ptit_2k5,https://www.facebook.com/groups/2k5ptit,2026-10-06T08:59:42.127402+00:00,616756913866823,source,1729,,neutral,ai,ai_labeled,Giải thích thời gian thi tùy giảng viên.,low,comment_only_no_parent_or_post_text
616791517196696,616713393871175,Phạm Huyền Trang tuỳ giảng viên em ạ :)))),ptit_2k5,https://www.facebook.com/groups/2k5ptit,2026-10-06T08:59:42.127402+00:00,616791517196696,source,1730,,neutral,ai,ai_labeled,Thông tin tùy giảng viên.,low,comment_only_no_parent_or_post_text
616955763846938,615951473947367,"Nguyễn Huy Cô Tâm, cô dễ nma là dễ cook",ptit_2k5,https://www.facebook.com/groups/2k5ptit,2026-10-06T08:59:43.630070+00:00,616955763846938,source,1731,,negative,ai,ai_labeled,Chơi chữ dễ bị trượt thay vì giảng viên dễ.,high,comment_only_no_parent_or_post_text
617370850472096,617369100472271,Như năm nay là 750k/tín,ptit_2k5,https://www.facebook.com/groups/2k5ptit,2026-10-06T08:59:42.274982+00:00,617370850472096,source,1732,,neutral,ai,ai_labeled,Nêu học phí năm nay.,low,comment_only_no_parent_or_post_text
617372963805218,617369100472271,750,ptit_2k5,https://www.facebook.com/groups/2k5ptit,2026-10-06T08:59:42.274982+00:00,617372963805218,source,1733,,neutral,ai,ai_labeled,"Nêu con số, thiếu đơn vị.",high,comment_only_no_parent_or_post_text
617390940470087,617369100472271,750 học thường,ptit_2k5,https://www.facebook.com/groups/2k5ptit,2026-10-06T08:59:42.274982+00:00,617390940470087,source,1734,,neutral,ai,ai_labeled,Nêu học phí hệ thường.,low,comment_only_no_parent_or_post_text
617398150469366,617369100472271,Nhật Quang học phí của trường có tăng qua từng năm ko ạ (nếu có thì tầm bao nhiêu % ạ),ptit_2k5,https://www.facebook.com/groups/2k5ptit,2026-10-06T08:59:42.274982+00:00,617398150469366,source,1735,,neutral,ai,ai_labeled,Hỏi mức tăng học phí qua năm.,low,comment_only_no_parent_or_post_text
617654450443736,617369100472271,"Người tham gia ẩn danh có tăng, khoảng 5-10% 1 năm hoặc hơn tùy nhà trường",ptit_2k5,https://www.facebook.com/groups/2k5ptit,2026-10-06T08:59:42.274982+00:00,617654450443736,source,1736,,neutral,ai,ai_labeled,Thông tin tỷ lệ tăng học phí.,low,comment_only_no_parent_or_post_text
617906717085176,616283873914127,Có thg b 5 đ gt mà nó vui lắm Vũ Đạt,ptit_2k5,https://www.facebook.com/groups/2k5ptit,2026-10-06T08:59:42.285982+00:00,617906717085176,source,1737,,positive,ai,ai_labeled,Kể bạn vui vì đạt điểm.,medium,comment_only_no_parent_or_post_text
617909887084859,616283873914127,Ph Thành ôi bạn giải tích đc 5 à,ptit_2k5,https://www.facebook.com/groups/2k5ptit,2026-10-06T08:59:42.285982+00:00,617909887084859,source,1738,,neutral,ai,ai_labeled,Hỏi bạn được năm điểm không.,low,comment_only_no_parent_or_post_text
617990287076819,616283873914127,Ph Thành coi như tí điểm cộng,ptit_2k5,https://www.facebook.com/groups/2k5ptit,2026-10-06T08:59:42.285982+00:00,617990287076819,source,1739,,neutral,ai,ai_labeled,Gợi ý coi như điểm cộng.,medium,comment_only_no_parent_or_post_text
619892540219927,619871540222027,Thể chất học thầy Trung siêu vui tính cứ ngoan là qua thoi,ptit_2k5,https://www.facebook.com/groups/2k5ptit,2026-10-06T08:59:43.207359+00:00,619892540219927,source,1740,,positive,ai,ai_labeled,Khen giảng viên vui tính.,low,comment_only_no_parent_or_post_text
619900316885816,619871540222027,Thầy Dũng vui tính đẹp trai dạy hay truyền cảm hứng nhân từ,ptit_2k5,https://www.facebook.com/groups/2k5ptit,2026-10-06T08:59:43.207359+00:00,619900316885816,source,1741,,positive,ai,ai_labeled,Khen giảng viên dạy hay và truyền cảm hứng.,low,comment_only_no_parent_or_post_text
619901000219081,619871540222027,Việt Dũng ừ,ptit_2k5,https://www.facebook.com/groups/2k5ptit,2026-10-06T08:59:43.207359+00:00,619901000219081,source,1742,,neutral,ai,ai_labeled,Lời đáp ừ.,low,comment_only_no_parent_or_post_text
619901313552383,619871540222027,Duy Anh Lê chăm học cả năm không ai biết,ptit_2k5,https://www.facebook.com/groups/2k5ptit,2026-10-06T08:59:43.207359+00:00,619901313552383,source,1743,,negative,ai,ai_labeled,Than chăm học mà không ai biết.,medium,comment_only_no_parent_or_post_text
619901523552362,619871540222027,Việt Dũng muốn về lại 2023,ptit_2k5,https://www.facebook.com/groups/2k5ptit,2026-10-06T08:59:43.207359+00:00,619901523552362,source,1744,,negative,ai,ai_labeled,"Muốn quay lại năm trước, biểu lộ tiếc nuối.",medium,comment_only_no_parent_or_post_text
619916406884207,619871540222027,Toán cc2 cô Tâm nhe,ptit_2k5,https://www.facebook.com/groups/2k5ptit,2026-10-06T08:59:43.207359+00:00,619916406884207,source,1745,,neutral,ai,ai_labeled,Nêu giảng viên môn toán.,low,comment_only_no_parent_or_post_text
619920836883764,619871540222027,"Nguyễn Anh Tuấn ok anh ơi, anh có tâm quá",ptit_2k5,https://www.facebook.com/groups/2k5ptit,2026-10-06T08:59:43.207359+00:00,619920836883764,source,1746,,positive,ai,ai_labeled,Khen người hỗ trợ có tâm.,low,comment_only_no_parent_or_post_text
619921080217073,619871540222027,AN LE a hc cô này đc a+ em ạ,ptit_2k5,https://www.facebook.com/groups/2k5ptit,2026-10-06T08:59:43.207359+00:00,619921080217073,source,1747,,neutral,ai,ai_labeled,Kể đạt điểm A+ với giảng viên.,low,comment_only_no_parent_or_post_text
619921093550405,619871540222027,Nguyễn Anh Tuấn a review chi tiết đc ko ạ,ptit_2k5,https://www.facebook.com/groups/2k5ptit,2026-10-06T08:59:43.207359+00:00,619921093550405,source,1748,,neutral,ai,ai_labeled,Xin nhận xét chi tiết.,low,comment_only_no_parent_or_post_text
619921326883715,619871540222027,Nguyễn Anh Tuấn để em đăng ký học,ptit_2k5,https://www.facebook.com/groups/2k5ptit,2026-10-06T08:59:43.207359+00:00,619921326883715,source,1749,,neutral,ai,ai_labeled,Nói ý định đăng ký học.,low,comment_only_no_parent_or_post_text
619935770215604,619871540222027,thể chất thầy trung tin 2 cô trang,ptit_2k5,https://www.facebook.com/groups/2k5ptit,2026-10-06T08:59:43.207359+00:00,619935770215604,source,1751,,neutral,ai,ai_labeled,Liệt kê giảng viên các môn.,low,comment_only_no_parent_or_post_text
619946500214531,619871540222027,thầy hiến có dễ tính ko ạ ???,ptit_2k5,https://www.facebook.com/groups/2k5ptit,2026-10-06T08:59:43.207359+00:00,619946500214531,source,1752,,neutral,ai,ai_labeled,Hỏi giảng viên có dễ tính không.,low,comment_only_no_parent_or_post_text
619981493544365,619871540222027,"Giáo dục thể chất thầy Trung hoặc cô Thu, tin 2 cô Trang hoặc cô Tâm, toán cc cô Quy, c1 cô Mai =))",ptit_2k5,https://www.facebook.com/groups/2k5ptit,2026-10-06T08:59:43.208373+00:00,619981493544365,source,1753,,neutral,ai,ai_labeled,Gợi ý giảng viên theo môn.,low,comment_only_no_parent_or_post_text
619988133543701,619871540222027,"Tc thầy Trung, tcc cô Quy, tin 2 cô Trang =))",ptit_2k5,https://www.facebook.com/groups/2k5ptit,2026-10-06T08:59:43.208373+00:00,619988133543701,source,1754,,neutral,ai,ai_labeled,Liệt kê giảng viên để chọn.,low,comment_only_no_parent_or_post_text
621470726728775,621320563410458,1 năm á,ptit_2k5,https://www.facebook.com/groups/2k5ptit,2026-10-06T08:59:42.118456+00:00,621470726728775,source,1755,,neutral,ai,ai_labeled,Hỏi thời lượng một năm.,low,comment_only_no_parent_or_post_text
627712626104585,627693776106470,"tài liệu đầy đủ phết ae ạ , chúc ae dc điểm cao",ptit_2k5,https://www.facebook.com/groups/2k5ptit,2026-10-06T08:59:41.931334+00:00,627712626104585,source,1760,,positive,ai,ai_labeled,Khen tài liệu đầy đủ và chúc điểm cao.,low,comment_only_no_parent_or_post_text
627715479437633,627693776106470,Nhả vía chúc các em điểm caoo,ptit_2k5,https://www.facebook.com/groups/2k5ptit,2026-10-06T08:59:41.931334+00:00,627715479437633,source,1761,,positive,ai,ai_labeled,Chúc đạt điểm cao.,low,comment_only_no_parent_or_post_text
627748169434364,627693776106470,Đăng Thực cứu vội nhanh,ptit_2k5,https://www.facebook.com/groups/2k5ptit,2026-10-06T08:59:41.931334+00:00,627748169434364,source,1762,,neutral,ai,ai_labeled,Nhờ hỗ trợ nhanh.,medium,comment_only_no_parent_or_post_text
627775816098266,627693776106470,k thấy tài liệu,ptit_2k5,https://www.facebook.com/groups/2k5ptit,2026-10-06T08:59:41.931334+00:00,627775816098266,source,1763,,neutral,ai,ai_labeled,Thông báo không thấy tài liệu.,medium,comment_only_no_parent_or_post_text
627782212764293,627693776106470,nhả vía chúc các em điểm tốt,ptit_2k5,https://www.facebook.com/groups/2k5ptit,2026-10-06T08:59:41.931334+00:00,627782212764293,source,1764,,positive,ai,ai_labeled,Chúc đạt điểm tốt.,low,comment_only_no_parent_or_post_text
627789569430224,627693776106470,Trích Tiên kém,ptit_2k5,https://www.facebook.com/groups/2k5ptit,2026-10-06T08:59:41.931334+00:00,627789569430224,source,1765,,negative,ai,ai_labeled,Chê kém nhưng thiếu đối tượng.,high,comment_only_no_parent_or_post_text
628060612736453,627693776106470,Nhả vía cho các em điểm cao,ptit_2k5,https://www.facebook.com/groups/2k5ptit,2026-10-06T08:59:41.931334+00:00,628060612736453,source,1766,,positive,ai,ai_labeled,Chúc đạt điểm cao.,low,comment_only_no_parent_or_post_text
629119495963898,627693776106470,Chúc các e may mắn,ptit_2k5,https://www.facebook.com/groups/2k5ptit,2026-10-06T08:59:41.931334+00:00,629119495963898,source,1767,,positive,ai,ai_labeled,Chúc may mắn.,low,comment_only_no_parent_or_post_text
629298075946040,627693776106470,Giang Giang hôm mộ chị quá,ptit_2k5,https://www.facebook.com/groups/2k5ptit,2026-10-06T08:59:41.931334+00:00,629298075946040,source,1768,,positive,ai,ai_labeled,Bày tỏ hâm mộ.,low,comment_only_no_parent_or_post_text
631416759067505,631084865767361,Quốc Dũng em đăng à,ptit_2k5,https://www.facebook.com/groups/2k5ptit,2026-10-06T08:59:41.982016+00:00,631416759067505,source,1769,,neutral,ai,ai_labeled,Hỏi ai đăng bài.,low,comment_only_no_parent_or_post_text
631417072400807,631084865767361,"Phạm Văn Phúc má buổi đêm đi kh dám nhìn lên tầng 2,nhiều cái khó nói",ptit_2k5,https://www.facebook.com/groups/2k5ptit,2026-10-06T08:59:41.982016+00:00,631417072400807,source,1770,,negative,ai,ai_labeled,Nói sợ khi đi ban đêm.,medium,comment_only_no_parent_or_post_text
631418279067353,631084865767361,Quốc Dũng xây chọc trời luôn à,ptit_2k5,https://www.facebook.com/groups/2k5ptit,2026-10-06T08:59:41.982016+00:00,631418279067353,source,1771,,neutral,ai,ai_labeled,Hỏi chiều cao công trình bằng giọng đùa.,medium,comment_only_no_parent_or_post_text
631434052399109,631084865767361,Phạm Văn Phúc 2 tầng mà tầng trên rào,ptit_2k5,https://www.facebook.com/groups/2k5ptit,2026-10-06T08:59:41.982016+00:00,631434052399109,source,1773,,neutral,ai,ai_labeled,Mô tả hai tầng và hàng rào.,low,comment_only_no_parent_or_post_text
631439039065277,631084865767361,Quốc Dũng oke em,ptit_2k5,https://www.facebook.com/groups/2k5ptit,2026-10-06T08:59:41.982016+00:00,631439039065277,source,1774,,neutral,ai,ai_labeled,Lời đồng ý.,low,comment_only_no_parent_or_post_text
631525629056618,631084865767361,Bảo An có vẻ hấp dẫn =))),ptit_2k5,https://www.facebook.com/groups/2k5ptit,2026-10-06T08:59:41.982016+00:00,631525629056618,source,1776,,positive,ai,ai_labeled,"Đánh giá có vẻ hấp dẫn, có thể trêu.",high,comment_only_no_parent_or_post_text
632127605663087,631705519038629,Xem thời khoá biểu học kỳ,ptit_2k5,https://www.facebook.com/groups/2k5ptit,2026-10-06T08:59:42.014356+00:00,632127605663087,source,1777,,neutral,ai,ai_labeled,Chỉ thời khóa biểu học kỳ.,low,comment_only_no_parent_or_post_text
632138265662021,631705519038629,Trần Thị Thanh Tâm lam sao de co cai do vay a,ptit_2k5,https://www.facebook.com/groups/2k5ptit,2026-10-06T08:59:42.014356+00:00,632138265662021,source,1778,,neutral,ai,ai_labeled,Hỏi cách lấy thời khóa biểu.,low,comment_only_no_parent_or_post_text
632138412328673,631705519038629,Hoàng Tùng hình như tài khoản bcs mới xem đc ý b,ptit_2k5,https://www.facebook.com/groups/2k5ptit,2026-10-06T08:59:42.014356+00:00,632138412328673,source,1779,,neutral,ai,ai_labeled,Thông tin quyền tài khoản ban cán sự.,low,comment_only_no_parent_or_post_text
633755932166921,633742365501611,Trần Thị Thùy Trang tl đi:),ptit_2k5,https://www.facebook.com/groups/2k5ptit,2026-10-06T08:59:43.328355+00:00,633755932166921,source,1780,,neutral,ai,ai_labeled,Nhắc trả lời.,low,comment_only_no_parent_or_post_text
633992865476561,633899765485871,Phan Dương trả lời,ptit_2k5,https://www.facebook.com/groups/2k5ptit,2026-10-06T08:59:41.970567+00:00,633992865476561,source,1781,,neutral,ai,ai_labeled,Nhắc trả lời.,low,comment_only_no_parent_or_post_text
634053505470497,633899765485871,2 h đêm về thoải mái em nhé,ptit_2k5,https://www.facebook.com/groups/2k5ptit,2026-10-06T08:59:41.970567+00:00,634053505470497,source,1782,,neutral,ai,ai_labeled,Thông tin giờ được về.,low,comment_only_no_parent_or_post_text
634074058801775,633899765485871,"Quynh Anh trong trường thì hỏi các vị tiền bối khác, t chịu",ptit_2k5,https://www.facebook.com/groups/2k5ptit,2026-10-06T08:59:41.970567+00:00,634074058801775,source,1783,,neutral,ai,ai_labeled,"Nói không biết, đề nghị hỏi người khác.",low,comment_only_no_parent_or_post_text
634105092132005,633899765485871,Thật à anh :((,ptit_2k5,https://www.facebook.com/groups/2k5ptit,2026-10-06T08:59:41.970567+00:00,634105092132005,source,1784,,negative,ai,ai_labeled,Hỏi xác nhận kèm biểu tượng buồn.,medium,comment_only_no_parent_or_post_text
634226418786539,633899765485871,Phan Dương kém,ptit_2k5,https://www.facebook.com/groups/2k5ptit,2026-10-06T08:59:41.970567+00:00,634226418786539,source,1785,,negative,ai,ai_labeled,"Chê kém, thiếu đối tượng.",high,comment_only_no_parent_or_post_text
636867991855715,636826005193247,Tự mình theo dõi trên qldt thôi,ptit_2k5,https://www.facebook.com/groups/2k5ptit,2026-10-06T08:59:42.063874+00:00,636867991855715,source,1786,,neutral,ai,ai_labeled,Hướng dẫn tự theo dõi quản lý đào tạo.,low,comment_only_no_parent_or_post_text
641339698075211,641264711416043,Chắc trường cũng không rảnh tổ chức riêng nhẻ:)))),ptit_2k5,https://www.facebook.com/groups/2k5ptit,2026-10-06T08:59:42.067738+00:00,641339698075211,source,1787,,neutral,ai,ai_labeled,"Suy đoán trường không tổ chức riêng, có thể mỉa mai.",high,comment_only_no_parent_or_post_text
641350924740755,641264711416043,Nguyễn Hữu Việt droi đấy thi cùng vs thi lại á nếu trượt thì lại đc thi lại luôn,ptit_2k5,https://www.facebook.com/groups/2k5ptit,2026-10-06T08:59:42.067738+00:00,641350924740755,source,1788,,neutral,ai,ai_labeled,Giải thích thi cùng đợt và khả năng thi lại.,low,comment_only_no_parent_or_post_text
641365794739268,641264711416043,Đỗ Đức Hà chắc không tạch nhiều thế đâu nhẻ:)),ptit_2k5,https://www.facebook.com/groups/2k5ptit,2026-10-06T08:59:42.067738+00:00,641365794739268,source,1789,,neutral,ai,ai_labeled,Suy đoán không trượt nhiều.,medium,comment_only_no_parent_or_post_text
641368978072283,641264711416043,Nguyễn Hữu Việt sắp nhiều đến nỗi a ra được trường rồi mà :)),ptit_2k5,https://www.facebook.com/groups/2k5ptit,2026-10-06T08:59:42.067738+00:00,641368978072283,source,1790,,neutral,ai,ai_labeled,"Nói về số lượng và ra trường, thiếu ngữ cảnh.",high,comment_only_no_parent_or_post_text
641374844738363,641264711416043,Đỗ Đức Hà bai bai anh,ptit_2k5,https://www.facebook.com/groups/2k5ptit,2026-10-06T08:59:42.067738+00:00,641374844738363,source,1791,,neutral,ai,ai_labeled,Lời chào tạm biệt.,low,comment_only_no_parent_or_post_text
645384841004030,645378187671362,k phải ng hùng nào cũng mặc áo choàng,ptit_2k5,https://www.facebook.com/groups/2k5ptit,2026-10-06T08:59:43.412211+00:00,645384841004030,source,1821,,positive,ai,ai_labeled,Ví người hỗ trợ như anh hùng.,medium,comment_only_no_parent_or_post_text
645390351003479,645378187671362,Xịn nha em,ptit_2k5,https://www.facebook.com/groups/2k5ptit,2026-10-06T08:59:43.412211+00:00,645390351003479,source,1823,,positive,ai,ai_labeled,Khen xịn.,low,comment_only_no_parent_or_post_text
645417277667453,645378187671362,Mai Đức Long như này còn trượt đc nữa thì chịu,ptit_2k5,https://www.facebook.com/groups/2k5ptit,2026-10-06T08:59:43.412211+00:00,645417277667453,source,1824,,negative,ai,ai_labeled,"Chê nếu vẫn trượt thì chịu, có thể trêu.",high,comment_only_no_parent_or_post_text
645612297647951,645378187671362,ngài,ptit_2k5,https://www.facebook.com/groups/2k5ptit,2026-10-06T08:59:43.412211+00:00,645612297647951,source,1825,,positive,ai,ai_labeled,"Tôn xưng ngài, có thể mỉa mai.",high,comment_only_no_parent_or_post_text
646095890932925,645378187671362,Đt Diệu Đặng Quốc Khánh tí nữa thì 3 bài 11 r,ptit_2k5,https://www.facebook.com/groups/2k5ptit,2026-10-06T08:59:43.412211+00:00,646095890932925,source,1835,,neutral,ai,ai_labeled,Nói điểm suýt đạt ở ba bài.,medium,comment_only_no_parent_or_post_text
646102704265577,645378187671362,Lê Tiến Dương vẫn phải full thôi :))),ptit_2k5,https://www.facebook.com/groups/2k5ptit,2026-10-06T08:59:43.413212+00:00,646102704265577,source,1836,,neutral,ai,ai_labeled,Nói vẫn cần đạt điểm đầy đủ.,medium,comment_only_no_parent_or_post_text
646105334265314,645378187671362,Lê Tiến Dương k bt có iem nào hỏi lý 2 k,ptit_2k5,https://www.facebook.com/groups/2k5ptit,2026-10-06T08:59:43.413212+00:00,646105334265314,source,1837,,neutral,ai,ai_labeled,Hỏi có ai hỏi môn vật lý hai không.,low,comment_only_no_parent_or_post_text
646133657595815,645378187671362,Đt Diệu làm gì đã lý 2 vội,ptit_2k5,https://www.facebook.com/groups/2k5ptit,2026-10-06T08:59:43.413212+00:00,646133657595815,source,1838,,neutral,ai,ai_labeled,Nói chưa tới môn vật lý hai.,low,comment_only_no_parent_or_post_text
646139587595222,645378187671362,Đặng Quốc Khánh hihi tớ sợ mất ảnh,ptit_2k5,https://www.facebook.com/groups/2k5ptit,2026-10-06T08:59:43.413212+00:00,646139587595222,source,1839,,negative,ai,ai_labeled,Lo bị mất ảnh dù kèm tiếng cười.,medium,comment_only_no_parent_or_post_text
646141244261723,645378187671362,t còn mà,ptit_2k5,https://www.facebook.com/groups/2k5ptit,2026-10-06T08:59:43.413212+00:00,646141244261723,source,1840,,neutral,ai,ai_labeled,Thông báo còn giữ ảnh.,low,comment_only_no_parent_or_post_text
646141294261718,645378187671362,m ko nhớ drive của t à,ptit_2k5,https://www.facebook.com/groups/2k5ptit,2026-10-06T08:59:43.413212+00:00,646141294261718,source,1841,,neutral,ai,ai_labeled,Hỏi có nhớ kho lưu trữ không.,low,comment_only_no_parent_or_post_text
651819693693878,651774677031713,Thành Vũ mày à,ptit_2k5,https://www.facebook.com/groups/2k5ptit,2026-10-06T08:59:42.113405+00:00,651819693693878,source,1850,,neutral,ai,ai_labeled,Hỏi nhận diện người đối thoại.,high,comment_only_no_parent_or_post_text
651889983686849,651774677031713,Phương Thùy chắc là trường ko cho nghỉ rồi,ptit_2k5,https://www.facebook.com/groups/2k5ptit,2026-10-06T08:59:42.113405+00:00,651889983686849,source,1851,,neutral,ai,ai_labeled,Suy đoán trường không cho nghỉ.,medium,comment_only_no_parent_or_post_text
651953793680468,651774677031713,Trung Nguyễn còn ch được cả nghỉ chính thức,ptit_2k5,https://www.facebook.com/groups/2k5ptit,2026-10-06T08:59:42.113405+00:00,651953793680468,source,1852,,negative,ai,ai_labeled,Than chưa có nghỉ chính thức.,medium,comment_only_no_parent_or_post_text
651954023680445,651774677031713,Thành Vũ mày có đi học đâu :)),ptit_2k5,https://www.facebook.com/groups/2k5ptit,2026-10-06T08:59:42.113405+00:00,651954023680445,source,1853,,neutral,ai,ai_labeled,"Nói bạn không đi học, có thể trêu.",high,comment_only_no_parent_or_post_text
651954217013759,651774677031713,Trung Nguyễn cũm muốn đi học cho vui,ptit_2k5,https://www.facebook.com/groups/2k5ptit,2026-10-06T08:59:42.113405+00:00,651954217013759,source,1854,,positive,ai,ai_labeled,Nói muốn đi học cho vui.,medium,comment_only_no_parent_or_post_text
651970560345458,651774677031713,Thành Vũ đi đi ai cản :)),ptit_2k5,https://www.facebook.com/groups/2k5ptit,2026-10-06T08:59:42.113405+00:00,651970560345458,source,1855,,neutral,ai,ai_labeled,Gợi ý đi học không ai cản.,medium,comment_only_no_parent_or_post_text
651977210344793,651774677031713,Sợ Trung Nguyễn dị nghị,ptit_2k5,https://www.facebook.com/groups/2k5ptit,2026-10-06T08:59:42.113405+00:00,651977210344793,source,1856,,negative,ai,ai_labeled,"Nói dị nghị, thiếu đối tượng cụ thể.",high,comment_only_no_parent_or_post_text
651985020344012,651774677031713,Thành Vũ m đăng đko,ptit_2k5,https://www.facebook.com/groups/2k5ptit,2026-10-06T08:59:42.113405+00:00,651985020344012,source,1857,,neutral,ai,ai_labeled,Hỏi ai đăng bài.,low,comment_only_no_parent_or_post_text
664779655731215,664775615731619,-.- cô khá dễ thương mà,ptit_2k5,https://www.facebook.com/groups/2k5ptit,2026-10-06T08:59:41.957569+00:00,664779655731215,source,1859,,positive,ai,ai_labeled,Khen giảng viên dễ thương.,low,comment_only_no_parent_or_post_text
664780479064466,664775615731619,Mạnh dạn góp ý luôn b ơi,ptit_2k5,https://www.facebook.com/groups/2k5ptit,2026-10-06T08:59:41.957569+00:00,664780479064466,source,1860,,neutral,ai,ai_labeled,Khuyên góp ý trực tiếp.,low,comment_only_no_parent_or_post_text
664783232397524,664775615731619,Văn Hườngg sợ :)))))),ptit_2k5,https://www.facebook.com/groups/2k5ptit,2026-10-06T08:59:41.957569+00:00,664783232397524,source,1862,,negative,ai,ai_labeled,Nói sợ dù kèm cười.,high,comment_only_no_parent_or_post_text
664794949063019,664775615731619,sợ thật =)),ptit_2k5,https://www.facebook.com/groups/2k5ptit,2026-10-06T08:59:41.957569+00:00,664794949063019,source,1863,,negative,ai,ai_labeled,Bày tỏ sợ thật.,medium,comment_only_no_parent_or_post_text
664795679062946,664775615731619,Mạnh Đức Trịnh i know your pain,ptit_2k5,https://www.facebook.com/groups/2k5ptit,2026-10-06T08:59:41.957569+00:00,664795679062946,source,1864,,negative,ai,ai_labeled,Đồng cảm với nỗi đau người khác.,medium,comment_only_no_parent_or_post_text
664810735728107,664775615731619,Mình thấy các cô bình thường mà,ptit_2k5,https://www.facebook.com/groups/2k5ptit,2026-10-06T08:59:41.957569+00:00,664810735728107,source,1865,,neutral,ai,ai_labeled,"Nhận xét các cô bình thường, không khen chê rõ.",medium,comment_only_no_parent_or_post_text
664831739059340,664775615731619,sao nhỉ ? chứ mình thấy các cô bth mà mình vào khá nhiều rồi,ptit_2k5,https://www.facebook.com/groups/2k5ptit,2026-10-06T08:59:41.957569+00:00,664831739059340,source,1866,,neutral,ai,ai_labeled,Hỏi và kể trải nghiệm các cô bình thường.,medium,comment_only_no_parent_or_post_text
664991329043381,664775615731619,Nguyễn Thu Nga …khong dam vao lan 2,ptit_2k5,https://www.facebook.com/groups/2k5ptit,2026-10-06T08:59:41.957569+00:00,664991329043381,source,1867,,negative,ai,ai_labeled,Nói không dám vào lần nữa.,low,comment_only_no_parent_or_post_text
665080379034476,664775615731619,sợ luôn ko dám vào lần 2,ptit_2k5,https://www.facebook.com/groups/2k5ptit,2026-10-06T08:59:41.957569+00:00,665080379034476,source,1868,,negative,ai,ai_labeled,Sợ không dám vào lần hai.,low,comment_only_no_parent_or_post_text
665206695688511,664775615731619,"Tạ Quang Vũ tin đc ko ấy, nay 1/4 mà có lẽ nào",ptit_2k5,https://www.facebook.com/groups/2k5ptit,2026-10-06T08:59:41.957569+00:00,665206695688511,source,1869,,neutral,ai,ai_labeled,Nghi ngờ độ thật của tin vào ngày nói đùa.,medium,comment_only_no_parent_or_post_text
665897858952728,665888212287026,"1: Tuỳ từng tổ thí nghiệm mà có tổ sẽ là 1234 nhưng có tổ lại là 4123, để ý lịch thí nghiệm cô gửi",ptit_2k5,https://www.facebook.com/groups/2k5ptit,2026-10-06T08:59:42.051648+00:00,665897858952728,source,1870,,neutral,ai,ai_labeled,Giải thích thứ tự bài theo tổ thí nghiệm.,low,comment_only_no_parent_or_post_text
665909955618185,665888212287026,"Có trong tài liệu hết rồi đọc kĩ thôi ngay cả câu hỏi cuôi bài cô cũng cài đáp án ở trong tài liệu, k tìm đc thì vấn đề kĩ năng thôi. Với đi TH thì biết thì hãy nói vs đừng nghịch mt nhiều dễ bị cô MUDA cho lắm",ptit_2k5,https://www.facebook.com/groups/2k5ptit,2026-10-06T08:59:42.051648+00:00,665909955618185,source,1871,,neutral,ai,ai_labeled,Hướng dẫn đọc tài liệu và cách ứng xử khi thực hành.,medium,comment_only_no_parent_or_post_text
666285628913951,665888212287026,Nam Nguyễn cái đồ thị vẽ có cần in giấy ô li ko a ?,ptit_2k5,https://www.facebook.com/groups/2k5ptit,2026-10-06T08:59:42.051648+00:00,666285628913951,source,1872,,neutral,ai,ai_labeled,Hỏi yêu cầu giấy vẽ đồ thị.,low,comment_only_no_parent_or_post_text
666288528913661,665888212287026,k cần đâu e cứ vẽ đúg là đc,ptit_2k5,https://www.facebook.com/groups/2k5ptit,2026-10-06T08:59:42.051648+00:00,666288528913661,source,1873,,neutral,ai,ai_labeled,Trả lời không cần giấy đặc biệt.,low,comment_only_no_parent_or_post_text
667865132089334,667770275432153,Bn là 2k5 à,ptit_2k5,https://www.facebook.com/groups/2k5ptit,2026-10-06T08:59:43.434322+00:00,667865132089334,source,1874,,neutral,ai,ai_labeled,Hỏi năm sinh hoặc khóa.,low,comment_only_no_parent_or_post_text
667868628755651,667770275432153,Trần Xuân Phú mình làm btl thầy yêu cầu in quyển định dạng như đồ án tốt nghiệp ạ,ptit_2k5,https://www.facebook.com/groups/2k5ptit,2026-10-06T08:59:43.434322+00:00,667868628755651,source,1875,,neutral,ai,ai_labeled,Nêu yêu cầu in bài tập lớn.,low,comment_only_no_parent_or_post_text
669396195269561,669395108603003,"Cuối kỳ thầy nâng nhiều nha, nhưng mà nâng cho ai đi học đầy đủ thôi",ptit_2k5,https://www.facebook.com/groups/2k5ptit,2026-10-06T08:59:43.183772+00:00,669396195269561,source,1876,,positive,ai,ai_labeled,Đánh giá giảng viên hỗ trợ nâng điểm người đi học đủ.,medium,comment_only_no_parent_or_post_text
669396595269521,669395108603003,Chắc bị trừ 2đ á còn th k trừ điểm tt thì thôi chứ chẳng có cộng miếng nào luôn trừ khi e là lớp trưởng ó,ptit_2k5,https://www.facebook.com/groups/2k5ptit,2026-10-06T08:59:43.183772+00:00,669396595269521,source,1877,,neutral,ai,ai_labeled,Giải thích cách trừ và cộng điểm.,medium,comment_only_no_parent_or_post_text
669396645269516,669395108603003,huhuhuhuhu em cảm ơn anh ạ,ptit_2k5,https://www.facebook.com/groups/2k5ptit,2026-10-06T08:59:43.183772+00:00,669396645269516,source,1878,,positive,ai,ai_labeled,Cảm ơn là tín hiệu chính dù có tiếng khóc.,medium,comment_only_no_parent_or_post_text
669396921936155,669395108603003,Nguyễn Kiều Em là lớp trưởng thì ko biết đc cộng bao nhiêu điểm ạ,ptit_2k5,https://www.facebook.com/groups/2k5ptit,2026-10-06T08:59:43.183772+00:00,669396921936155,source,1879,,neutral,ai,ai_labeled,Hỏi điểm cộng cho lớp trưởng.,low,comment_only_no_parent_or_post_text
669398068602707,669395108603003,Nguyễn Kiều dạ vâng e cảm ơn c ạ,ptit_2k5,https://www.facebook.com/groups/2k5ptit,2026-10-06T08:59:43.183772+00:00,669398068602707,source,1881,,positive,ai,ai_labeled,Bày tỏ cảm ơn.,low,comment_only_no_parent_or_post_text
669400451935802,669395108603003,Tuan Thanh để m ở đây để t trốn,ptit_2k5,https://www.facebook.com/groups/2k5ptit,2026-10-06T08:59:43.183772+00:00,669400451935802,source,1882,,neutral,ai,ai_labeled,"Nói để bạn ở lại để mình trốn, có tính đùa.",high,comment_only_no_parent_or_post_text
672637654945415,672634354945745,Chắc vẫn đc thôi nhma có bị sao không thì không biết nuawc:))),ptit_2k5,https://www.facebook.com/groups/2k5ptit,2026-10-06T08:59:41.995434+00:00,672637654945415,source,1883,,neutral,ai,ai_labeled,Trả lời khả năng được nhưng chưa biết hậu quả.,medium,comment_only_no_parent_or_post_text
672667884942392,672666248275889,anh ơi có lí 2 lí 3 ko ạ tại ngành CNTT ko có lí 1,ptit_2k5,https://www.facebook.com/groups/2k5ptit,2026-10-06T08:59:41.960590+00:00,672667884942392,source,1884,,neutral,ai,ai_labeled,Xin tài liệu vật lý hai và ba.,low,comment_only_no_parent_or_post_text
672688954940285,645378187671362,"anh ơi, a có lưu vật lí thí nghiệm 2 bài Khảo sát nhiễu xạ của chùm Laser qua cách tử phẳng ko ạ ? Tại e học vật lí ứng dụng là học phần mới gộp cả 1,2 , 3 vào ạ",ptit_2k5,https://www.facebook.com/groups/2k5ptit,2026-10-06T08:59:43.413212+00:00,672688954940285,source,1885,,neutral,ai,ai_labeled,Xin bài thí nghiệm và mô tả học phần.,low,comment_only_no_parent_or_post_text
672691348273379,672666248275889,mình mới update là chương trình vật lí của D23 có một chút thay đổi so với khoá mình nên mai mình sẽ up thêm bài về điện trường và vật dẫn nha,ptit_2k5,https://www.facebook.com/groups/2k5ptit,2026-10-06T08:59:41.960590+00:00,672691348273379,source,1886,,neutral,ai,ai_labeled,Thông báo sẽ cập nhật tài liệu theo chương trình.,low,comment_only_no_parent_or_post_text
672706531605194,672666248275889,"Mình có lập một chiếc nhóm nho nhỏ để chia sẻ chi tiết hơn, các bạn vào góp vui với mình nha",ptit_2k5,https://www.facebook.com/groups/2k5ptit,2026-10-06T08:59:41.960590+00:00,672706531605194,source,1887,,neutral,ai,ai_labeled,Mời vào nhóm chia sẻ học tập.,low,comment_only_no_parent_or_post_text
672721444937036,672666248275889,e fan aaa,ptit_2k5,https://www.facebook.com/groups/2k5ptit,2026-10-06T08:59:41.960590+00:00,672721444937036,source,1888,,positive,ai,ai_labeled,Bày tỏ hâm mộ.,low,comment_only_no_parent_or_post_text
672872121588635,672666248275889,Hóng hóng,ptit_2k5,https://www.facebook.com/groups/2k5ptit,2026-10-06T08:59:41.960590+00:00,672872121588635,source,1889,,neutral,ai,ai_labeled,Nói đang chờ thông tin.,medium,comment_only_no_parent_or_post_text
672881318254382,645378187671362,Adam Human chị k có sorry e,ptit_2k5,https://www.facebook.com/groups/2k5ptit,2026-10-06T08:59:43.413212+00:00,672881318254382,source,1890,,neutral,ai,ai_labeled,Thông báo không có và xin lỗi.,low,comment_only_no_parent_or_post_text
673020294907151,672634354945745,B ra vp1c xin + nộp giấy hoãn nộp hphi nhé,ptit_2k5,https://www.facebook.com/groups/2k5ptit,2026-10-06T08:59:41.995434+00:00,673020294907151,source,1891,,neutral,ai,ai_labeled,Hướng dẫn nộp giấy hoãn học phí.,low,comment_only_no_parent_or_post_text
673084071567440,672666248275889,Tuyệt vời bạn,ptit_2k5,https://www.facebook.com/groups/2k5ptit,2026-10-06T08:59:41.960590+00:00,673084071567440,source,1892,,positive,ai,ai_labeled,Khen tuyệt vời.,low,comment_only_no_parent_or_post_text
673225428219971,672666248275889,"Lê Thị Phương Thảo dăm ba con lô 
 thảo cân hết",ptit_2k5,https://www.facebook.com/groups/2k5ptit,2026-10-06T08:59:41.960590+00:00,673225428219971,source,1893,,positive,ai,ai_labeled,"Khen khả năng xử lý các bài, có thể trêu.",high,comment_only_no_parent_or_post_text
673713704837810,672666248275889,Trần Thắng lưu về lụm A,ptit_2k5,https://www.facebook.com/groups/2k5ptit,2026-10-06T08:59:41.960590+00:00,673713704837810,source,1894,,neutral,ai,ai_labeled,Khuyên lưu tài liệu để lấy điểm cao.,medium,comment_only_no_parent_or_post_text
674293454779835,672666248275889,Việt Thái tuyệt vời bạn,ptit_2k5,https://www.facebook.com/groups/2k5ptit,2026-10-06T08:59:41.960590+00:00,674293454779835,source,1895,,positive,ai,ai_labeled,Khen tuyệt vời.,low,comment_only_no_parent_or_post_text
674412601434587,674317081444139,Thấy bảo là lớp tín chỉ hay sao ý,ptit_2k5,https://www.facebook.com/groups/2k5ptit,2026-10-06T08:59:42.023358+00:00,674412601434587,source,1896,,neutral,ai,ai_labeled,Thông tin có thể là lớp tín chỉ.,low,comment_only_no_parent_or_post_text
674422661433581,674317081444139,Lớp tín chỉ nhé bạn,ptit_2k5,https://www.facebook.com/groups/2k5ptit,2026-10-06T08:59:42.023358+00:00,674422661433581,source,1897,,neutral,ai,ai_labeled,Xác nhận lớp tín chỉ.,low,comment_only_no_parent_or_post_text
677610491403370,677569818074104,"chúng mình có 1 group chuyên cập nhật đề ôn thi mới và chuẩn nhất dành riêng cho sinh viên PTIT ạ, các PTIT-er ghé chơi ik chuẩn bị dần cho các đợt thi là cần lắm nhaa https://s.eduquiz.vn/eduquizluyenthicungptit",ptit_group_584397217391365,https://www.facebook.com/groups/584397217391365,2026-10-06T08:59:48.192647+00:00,677610491403370,source,1898,,neutral,ai,ai_labeled,"Mời tham gia nhóm đề ôn thi, chưa có bằng chứng quảng cáo thương mại.",medium,comment_only_no_parent_or_post_text
681930894016091,681929864016194,Gpa tích lũy,ptit_2k5,https://www.facebook.com/groups/2k5ptit,2026-10-06T08:59:43.501103+00:00,681930894016091,source,1899,,neutral,ai,ai_labeled,Nêu GPA tích lũy.,low,comment_only_no_parent_or_post_text
681931097349404,681929864016194,NT Ngọc Hà em cảm ơn ạ,ptit_2k5,https://www.facebook.com/groups/2k5ptit,2026-10-06T08:59:43.501103+00:00,681931097349404,source,1900,,positive,ai,ai_labeled,Bày tỏ cảm ơn.,low,comment_only_no_parent_or_post_text
681931410682706,681929864016194,Người tham gia ẩn danh mình cũng 2k5 thôi,ptit_2k5,https://www.facebook.com/groups/2k5ptit,2026-10-06T08:59:43.501103+00:00,681931410682706,source,1901,,neutral,ai,ai_labeled,Nêu cùng khóa tuổi.,low,comment_only_no_parent_or_post_text
681936187348895,681929864016194,Thực ra là cả 2 vì gpa tích luỹ là trung bình cộng của gpa kì cộng với gpa mhmt (nếu đổi điểm) mà :)),ptit_2k5,https://www.facebook.com/groups/2k5ptit,2026-10-06T08:59:43.501103+00:00,681936187348895,source,1902,,neutral,ai,ai_labeled,Giải thích cách tính GPA.,low,comment_only_no_parent_or_post_text
685150747027439,645378187671362,Đặng Quốc Khánh cho e xin lý 2 vs 3 đc ko ạ . thành tâm !!!,ptit_2k5,https://www.facebook.com/groups/2k5ptit,2026-10-06T08:59:43.413212+00:00,685150747027439,source,1903,,neutral,ai,ai_labeled,Xin tài liệu vật lý.,low,comment_only_no_parent_or_post_text
685166110359236,645378187671362,https://drive.google.com/.../1u2BnjhqTL... lý 2 với 3 như nhau nhé.,ptit_2k5,https://www.facebook.com/groups/2k5ptit,2026-10-06T08:59:43.413212+00:00,685166110359236,source,1904,,neutral,ai,ai_labeled,Chia sẻ đường dẫn và thông tin hai môn giống nhau.,low,comment_only_no_parent_or_post_text
685166683692512,645378187671362,Dương Vũ Hải Anh Đặng Quốc Khánh uy tín lắm e. Full 10 lý 1 A+ lý 3 đấy,ptit_2k5,https://www.facebook.com/groups/2k5ptit,2026-10-06T08:59:43.413212+00:00,685166683692512,source,1905,,positive,ai,ai_labeled,Khen uy tín kèm thành tích điểm cao.,low,comment_only_no_parent_or_post_text
685174457025068,645378187671362,Lê Tiến Dương jz má t qua môn thôi mà,ptit_2k5,https://www.facebook.com/groups/2k5ptit,2026-10-06T08:59:43.413212+00:00,685174457025068,source,1906,,neutral,ai,ai_labeled,Đính chính chỉ qua môn.,medium,comment_only_no_parent_or_post_text
685393727003141,685375317004982,"Học xong rồi thi luôn, có thời gian ôn nhé",ptit_2k5,https://www.facebook.com/groups/2k5ptit,2026-10-06T08:59:43.239153+00:00,685393727003141,source,1907,,neutral,ai,ai_labeled,Nêu lịch thi và thời gian ôn.,low,comment_only_no_parent_or_post_text
685571080318739,685375317004982,Nguyễn Trung Anh em cảm ơn ạ,ptit_2k5,https://www.facebook.com/groups/2k5ptit,2026-10-06T08:59:43.239153+00:00,685571080318739,source,1908,,positive,ai,ai_labeled,Bày tỏ cảm ơn.,low,comment_only_no_parent_or_post_text
691169826425531,691160493093131,bù năm sau em ạ ))),ptit_2k5,https://www.facebook.com/groups/2k5ptit,2026-10-06T08:59:42.059647+00:00,691169826425531,source,1909,,neutral,ai,ai_labeled,"Nói học bù năm sau, có thể trêu.",high,comment_only_no_parent_or_post_text
691310759744771,691160493093131,Bỏ thi còn bù :))),ptit_2k5,https://www.facebook.com/groups/2k5ptit,2026-10-06T08:59:42.059647+00:00,691310759744771,source,1910,,negative,ai,ai_labeled,Chất vấn bỏ thi còn muốn bù.,high,comment_only_no_parent_or_post_text
691458873063293,691160493093131,Trần Hiếu m à,ptit_2k5,https://www.facebook.com/groups/2k5ptit,2026-10-06T08:59:42.059647+00:00,691458873063293,source,1911,,neutral,ai,ai_labeled,Hỏi có phải bạn không.,high,comment_only_no_parent_or_post_text
691899893019191,691160493093131,hết cứu,ptit_2k5,https://www.facebook.com/groups/2k5ptit,2026-10-06T08:59:42.059647+00:00,691899893019191,source,1914,,negative,ai,ai_labeled,Đánh giá hết cứu.,medium,comment_only_no_parent_or_post_text
691906753018505,691160493093131,mình tự cứu dc r =))),ptit_2k5,https://www.facebook.com/groups/2k5ptit,2026-10-06T08:59:42.059647+00:00,691906753018505,source,1915,,positive,ai,ai_labeled,Mừng tự giải quyết được tình huống.,medium,comment_only_no_parent_or_post_text
692392642969916,691160493093131,"Người tham gia ẩn danh bạn cứu kiểu gì thế ạ
mình cũng quên đi thi",ptit_2k5,https://www.facebook.com/groups/2k5ptit,2026-10-06T08:59:42.059647+00:00,692392642969916,source,1916,,neutral,ai,ai_labeled,Hỏi cách xử lý vì cũng quên thi.,low,comment_only_no_parent_or_post_text
692411056301408,691160493093131,"Người tham gia ẩn danh nhưng bạn đến xin là được hay là sao ấy,có phải nói lí do gì không",ptit_2k5,https://www.facebook.com/groups/2k5ptit,2026-10-06T08:59:42.059647+00:00,692411056301408,source,1917,,neutral,ai,ai_labeled,Hỏi thủ tục xin thi bù.,low,comment_only_no_parent_or_post_text
692411256301388,691160493093131,"Hoàng Lê Đôn mình xin cô thi bù, nhắn + gọi cô bảo b oi",ptit_2k5,https://www.facebook.com/groups/2k5ptit,2026-10-06T08:59:42.059647+00:00,692411256301388,source,1918,,neutral,ai,ai_labeled,Chia sẻ cách liên hệ xin thi bù.,low,comment_only_no_parent_or_post_text
692411392968041,691160493093131,Người tham gia ẩn danh b cho mình xin sđt với,ptit_2k5,https://www.facebook.com/groups/2k5ptit,2026-10-06T08:59:42.059647+00:00,692411392968041,source,1919,,neutral,ai,ai_labeled,Xin số liên hệ.,low,comment_only_no_parent_or_post_text
696820405860473,696800805862433,Đúng ra là full vật lý 1 + bỏ chương 1 lý 2 thôi,ptit_2k5,https://www.facebook.com/groups/2k5ptit,2026-10-06T08:59:42.011006+00:00,696820405860473,source,1920,,neutral,ai,ai_labeled,Giải thích phạm vi nội dung môn.,low,comment_only_no_parent_or_post_text
696823532526827,696800805862433,Lý Trọng Nghĩa còn muốn học đến đâu nữa @@,ptit_2k5,https://www.facebook.com/groups/2k5ptit,2026-10-06T08:59:42.011006+00:00,696823532526827,source,1921,,neutral,ai,ai_labeled,"Hỏi còn muốn học tới đâu, có thể trêu.",high,comment_only_no_parent_or_post_text
696824029193444,696800805862433,Dương Sơn Quang lý ứng dụng = lý 1 + lý 2 - chương 1 lý 2 mà,ptit_2k5,https://www.facebook.com/groups/2k5ptit,2026-10-06T08:59:42.011006+00:00,696824029193444,source,1922,,neutral,ai,ai_labeled,Giải thích cấu thành môn vật lý ứng dụng.,low,comment_only_no_parent_or_post_text
696826492526531,696800805862433,6 tín điểm thấp có mà khóc thét,ptit_2k5,https://www.facebook.com/groups/2k5ptit,2026-10-06T08:59:42.011006+00:00,696826492526531,source,1923,,negative,ai,ai_labeled,Lo điểm thấp ở môn sáu tín chỉ.,medium,comment_only_no_parent_or_post_text
696827405859773,696800805862433,Dm bảo sao học nhiều thế tưởng lý 1 cx z :)),ptit_2k5,https://www.facebook.com/groups/2k5ptit,2026-10-06T08:59:42.011006+00:00,696827405859773,source,1924,,negative,ai,ai_labeled,Than khối lượng học nhiều; từ tục nhấn mạnh phàn nàn.,medium,comment_only_no_parent_or_post_text
696832909192556,696800805862433,Lý Trọng Nghĩa lý ứng dụng là học từ chương 7 vật lý 1 đổ đi thôi mà anh,ptit_2k5,https://www.facebook.com/groups/2k5ptit,2026-10-06T08:59:42.011006+00:00,696832909192556,source,1925,,neutral,ai,ai_labeled,Đính chính chương bắt đầu học.,low,comment_only_no_parent_or_post_text
696833159192531,696800805862433,Trịnh Đức Cường ko biết nhưng tôi xem trên kênh YTB Huy AI là full video,ptit_2k5,https://www.facebook.com/groups/2k5ptit,2026-10-06T08:59:42.011006+00:00,696833159192531,source,1926,,neutral,ai,ai_labeled,Nêu nguồn video đã xem.,low,comment_only_no_parent_or_post_text
696833379192509,696800805862433,Trịnh Đức Cường tại a thấy giáo trình nó thế chứ nếu bỏ cơ còn đỡ,ptit_2k5,https://www.facebook.com/groups/2k5ptit,2026-10-06T08:59:42.011006+00:00,696833379192509,source,1927,,positive,ai,ai_labeled,Nói bỏ phần cơ thì đỡ hơn.,medium,comment_only_no_parent_or_post_text
696833845859129,696800805862433,Anonymous participant ủa sao lý ứng dụng học cả phần cơ học hả :)),ptit_2k5,https://www.facebook.com/groups/2k5ptit,2026-10-06T08:59:42.011006+00:00,696833845859129,source,1928,,neutral,ai,ai_labeled,Hỏi môn có phần cơ học không.,low,comment_only_no_parent_or_post_text
696837362525444,696800805862433,6 tín điểm thấp thì có quy đổi thêm course tiếng a A+ nữa cũng khó ...,ptit_2k5,https://www.facebook.com/groups/2k5ptit,2026-10-06T08:59:42.011006+00:00,696837362525444,source,1929,possible_truncation_or_deliberate_ellipsis,negative,ai,ai_labeled,Than khó cứu GPA nếu môn nhiều tín điểm thấp.,medium,comment_only_no_parent_or_post_text
696838569191990,696800805862433,Nguyễn Đức Tuyên 6 tín mà học lại là bao nhiêu =)))),ptit_2k5,https://www.facebook.com/groups/2k5ptit,2026-10-06T08:59:42.011006+00:00,696838569191990,source,1930,,neutral,ai,ai_labeled,Hỏi phí học lại môn sáu tín chỉ.,medium,comment_only_no_parent_or_post_text
696839679191879,696800805862433,"Cm thắc mắc khôn v, bay 5,6 tín ms khôn ra đc à ???!",ptit_2k5,https://www.facebook.com/groups/2k5ptit,2026-10-06T08:59:42.011006+00:00,696839679191879,source,1931,,negative,ai,ai_labeled,Chê hỏi thiếu khôn ngoan và trách mất tín mới biết.,high,comment_only_no_parent_or_post_text
696846812524499,696800805862433,Trần Nguyễn Nhật Quang ý là ngta giàu...,ptit_2k5,https://www.facebook.com/groups/2k5ptit,2026-10-06T08:59:42.011006+00:00,696846812524499,source,1932,possible_truncation_or_deliberate_ellipsis,neutral,ai,ai_labeled,"Nói người khác giàu, có thể trêu.",high,comment_only_no_parent_or_post_text
696855885856925,696800805862433,Hảo hán,ptit_2k5,https://www.facebook.com/groups/2k5ptit,2026-10-06T08:59:42.011006+00:00,696855885856925,source,1933,,positive,ai,ai_labeled,"Khen hảo hán, có thể mỉa mai.",high,comment_only_no_parent_or_post_text
696863912522789,696800805862433,"Lý Trọng Nghĩa cái anh đang nói hình như là của môn “vật lí 1 và thí nghiệm”, chứ VLUD là học lí 2 + 3, ko có lí 1 (cơ) anh ạ",ptit_2k5,https://www.facebook.com/groups/2k5ptit,2026-10-06T08:59:42.011006+00:00,696863912522789,source,1934,,neutral,ai,ai_labeled,Đính chính nội dung các học phần vật lý.,low,comment_only_no_parent_or_post_text
696871909188656,696800805862433,Xuân Vinh cả 2 lý vào 1 chỗ mà:((,ptit_2k5,https://www.facebook.com/groups/2k5ptit,2026-10-06T08:59:42.011006+00:00,696871909188656,source,1935,,negative,ai,ai_labeled,Buồn vì hai phần gộp một môn.,medium,comment_only_no_parent_or_post_text
696885152520665,696800805862433,"Trịnh Đức Cường chuyển động biến đổi đều, tròn đều, newton cũng là cơ mà",ptit_2k5,https://www.facebook.com/groups/2k5ptit,2026-10-06T08:59:42.011006+00:00,696885152520665,source,1936,,neutral,ai,ai_labeled,Giải thích các nội dung thuộc cơ học.,low,comment_only_no_parent_or_post_text
696894085853105,696800805862433,"Nma trượt có 1 lần, đây học ít nhất 2 vl trượt 2 lần nè",ptit_2k5,https://www.facebook.com/groups/2k5ptit,2026-10-06T08:59:42.011006+00:00,696894085853105,source,1937,,negative,ai,ai_labeled,Than đã trượt môn nhiều lần.,medium,comment_only_no_parent_or_post_text
696894652519715,696800805862433,Bùi Yến m thấy ngta học như thế m chỉ có nghỉ là giỏi,ptit_2k5,https://www.facebook.com/groups/2k5ptit,2026-10-06T08:59:42.011006+00:00,696894652519715,source,1938,,negative,ai,ai_labeled,Trách chỉ giỏi nghỉ học.,high,comment_only_no_parent_or_post_text
696907375851776,696800805862433,"Nguyễn Đức Tuyên quy đổi trước thì tính vào điểm gpa tích luỹ, quy đổi sau thì cũng phải đợi tổng kết gpa kì",ptit_2k5,https://www.facebook.com/groups/2k5ptit,2026-10-06T08:59:42.011006+00:00,696907375851776,source,1940,,neutral,ai,ai_labeled,Giải thích thời điểm quy đổi ảnh hưởng GPA.,low,comment_only_no_parent_or_post_text
696965275845986,696800805862433,Xuân Vinh anh này học hết r nên nói v đk,ptit_2k5,https://www.facebook.com/groups/2k5ptit,2026-10-06T08:59:42.011006+00:00,696965275845986,source,1941,,neutral,ai,ai_labeled,Hỏi người nói đã học hết chưa.,medium,comment_only_no_parent_or_post_text
705763631632817,705312438344603,Cho mình xin lịch đk tín của D23 với,ptit_2k5,https://www.facebook.com/groups/2k5ptit,2026-10-06T08:59:41.967570+00:00,705763631632817,source,1944,,neutral,ai,ai_labeled,Xin lịch đăng ký tín chỉ.,low,comment_only_no_parent_or_post_text
706312378244609,705312438344603,Nguyễn Thu Phương có chưa,ptit_2k5,https://www.facebook.com/groups/2k5ptit,2026-10-06T08:59:41.967570+00:00,706312378244609,source,1945,,neutral,ai,ai_labeled,Hỏi đã có chưa.,low,comment_only_no_parent_or_post_text
707111818164665,707101458165701,Aptis trường mình quy định hạn 2 năm thôi nhé,ptit_2k5,https://www.facebook.com/groups/2k5ptit,2026-10-06T08:59:43.445920+00:00,707111818164665,source,1946,,neutral,ai,ai_labeled,Thông tin hạn chứng chỉ.,low,comment_only_no_parent_or_post_text
707319234810590,705312438344603,Dang T. Ngoc Anh có rồi ku,ptit_2k5,https://www.facebook.com/groups/2k5ptit,2026-10-06T08:59:41.967570+00:00,707319234810590,source,1947,,neutral,ai,ai_labeled,Trả lời đã có.,low,comment_only_no_parent_or_post_text
708091954733318,708088524733661,"Xâu, lý thuyết số, struct",ptit_2k5,https://www.facebook.com/groups/2k5ptit,2026-10-06T08:59:42.102651+00:00,708091954733318,source,1948,,neutral,ai,ai_labeled,Liệt kê chủ đề lập trình.,low,comment_only_no_parent_or_post_text
708094958066351,708088524733661,học tài thi phận nhé,ptit_2k5,https://www.facebook.com/groups/2k5ptit,2026-10-06T08:59:42.102651+00:00,708094958066351,source,1949,,neutral,ai,ai_labeled,Nói kết quả thi còn tùy vận may.,medium,comment_only_no_parent_or_post_text
708097814732732,708088524733661,code 150+ bài code ptit,ptit_2k5,https://www.facebook.com/groups/2k5ptit,2026-10-06T08:59:42.102651+00:00,708097814732732,source,1950,,neutral,ai,ai_labeled,Khuyên luyện số lượng bài lập trình.,low,comment_only_no_parent_or_post_text
708100774732436,708088524733661,chấm,ptit_2k5,https://www.facebook.com/groups/2k5ptit,2026-10-06T08:59:42.102651+00:00,708100774732436,source,1951,,neutral,ai,ai_labeled,"Nói chấm để theo dõi, không cảm xúc rõ.",high,comment_only_no_parent_or_post_text
708103478065499,708088524733661,Mai Quan mình cx hơn 150 r nma kiểu code bài mới xong được chục hôm lại quên mấy bài cũ :(((,ptit_2k5,https://www.facebook.com/groups/2k5ptit,2026-10-06T08:59:42.102651+00:00,708103478065499,source,1952,,negative,ai,ai_labeled,Buồn vì học bài mới lại quên bài cũ.,low,comment_only_no_parent_or_post_text
708104204732093,708088524733661,"Mai Quan tin chuẩn không ạ, không được 3 câu về e bắt đền",ptit_2k5,https://www.facebook.com/groups/2k5ptit,2026-10-06T08:59:42.102651+00:00,708104204732093,source,1953,,neutral,ai,ai_labeled,Hỏi độ tin cậy thông tin kèm câu đùa bắt đền.,medium,comment_only_no_parent_or_post_text
708105498065297,708088524733661,Đỗ N.A.M uy tín :)))) nhưng làm các chủ đề phải đều nhau k tủ cái nào hết,ptit_2k5,https://www.facebook.com/groups/2k5ptit,2026-10-06T08:59:42.102651+00:00,708105498065297,source,1954,,positive,ai,ai_labeled,Khen uy tín rồi khuyên luyện đều chủ đề.,medium,comment_only_no_parent_or_post_text
708115348064312,708088524733661,thắp hg khấn các cụ :)),ptit_2k5,https://www.facebook.com/groups/2k5ptit,2026-10-06T08:59:42.102651+00:00,708115348064312,source,1955,,neutral,ai,ai_labeled,"Gợi ý khấn theo giọng đùa, không cảm xúc rõ.",high,comment_only_no_parent_or_post_text
709135031295677,641264711416043,c ơii c ib tớ hỏi xíu vớii,ptit_2k5,https://www.facebook.com/groups/2k5ptit,2026-10-06T08:59:42.067738+00:00,709135031295677,source,1957,,neutral,ai,ai_labeled,Xin trao đổi qua tin nhắn.,low,comment_only_no_parent_or_post_text
709722654570248,709714754571038,"Tuyệt vời 
! Chúa sẽ phù hộ bạn !",ptit_2k5,https://www.facebook.com/groups/2k5ptit,2026-10-06T08:59:41.942823+00:00,709722654570248,source,1958,,positive,ai,ai_labeled,Khen và chúc được phù hộ.,low,comment_only_no_parent_or_post_text
709729454569568,709714754571038,Công đức vô lượng. Chúc bạn sống bình an trong ánh sáng hào quang của mười phương chư Phật,ptit_2k5,https://www.facebook.com/groups/2k5ptit,2026-10-06T08:59:41.944192+00:00,709729454569568,source,1960,,positive,ai,ai_labeled,Biết ơn và chúc bình an.,low,comment_only_no_parent_or_post_text
709739304568583,709714754571038,Idol có khát,ptit_2k5,https://www.facebook.com/groups/2k5ptit,2026-10-06T08:59:41.944192+00:00,709739304568583,source,1961,,positive,ai,ai_labeled,"Gọi idol, phần sau chơi chữ chưa rõ.",high,comment_only_no_parent_or_post_text
709741421235038,709714754571038,nhờ lớp trưởng em thi eazy. mong lớp trưởng giúp đỡ em trong lúc thi thcs thì tuyệt vời luôn:))),ptit_2k5,https://www.facebook.com/groups/2k5ptit,2026-10-06T08:59:41.944192+00:00,709741421235038,source,1962,,positive,ai,ai_labeled,Biết ơn lớp trưởng hỗ trợ và mong tiếp tục giúp.,medium,comment_only_no_parent_or_post_text
709747641234416,709714754571038,"NT Ngọc Hà đang khát kiến thức vật lí đây 
, m kèm t đi",ptit_2k5,https://www.facebook.com/groups/2k5ptit,2026-10-06T08:59:41.944192+00:00,709747641234416,source,1963,,neutral,ai,ai_labeled,Nhờ kèm học vật lý.,low,comment_only_no_parent_or_post_text
709753044567209,709714754571038,"@nêu bật mn có thấy sai sót gì thì liên hệ mình để mình fix lại ạ 
, tại vì doc trên studocu cũng có nhiều sai sót ạ 
.",ptit_2k5,https://www.facebook.com/groups/2k5ptit,2026-10-06T08:59:41.944192+00:00,709753044567209,source,1964,possible_advertisement_not_automatic_exclusion,neutral,ai,ai_labeled,Đề nghị báo sai sót để sửa tài liệu.,low,comment_only_no_parent_or_post_text
709753354567178,709714754571038,Huy Lê idol của lòng em,ptit_2k5,https://www.facebook.com/groups/2k5ptit,2026-10-06T08:59:41.944192+00:00,709753354567178,source,1965,,positive,ai,ai_labeled,Bày tỏ hâm mộ.,low,comment_only_no_parent_or_post_text
709753404567173,709714754571038,Huy Lê dù em chưa học,ptit_2k5,https://www.facebook.com/groups/2k5ptit,2026-10-06T08:59:41.944192+00:00,709753404567173,source,1966,,neutral,ai,ai_labeled,Nói chưa học.,low,comment_only_no_parent_or_post_text
709753774567136,709714754571038,"@nêu bật có lỗi gì thì cứ report mình ạ, trong khoảng từ 3-4 tiếng thì lỗi sẽ đc fix ạ (vì mình cũng bận ấy 
)",ptit_2k5,https://www.facebook.com/groups/2k5ptit,2026-10-06T08:59:41.944192+00:00,709753774567136,source,1967,,neutral,ai,ai_labeled,Thông báo cách báo lỗi và thời gian sửa.,low,comment_only_no_parent_or_post_text
709753877900459,709714754571038,Trần Hoàn đang mất gốc b ạ,ptit_2k5,https://www.facebook.com/groups/2k5ptit,2026-10-06T08:59:41.944192+00:00,709753877900459,source,1968,,negative,ai,ai_labeled,Nói bị mất gốc kiến thức.,medium,comment_only_no_parent_or_post_text
709753981233782,709714754571038,Cảm ơn idol,ptit_2k5,https://www.facebook.com/groups/2k5ptit,2026-10-06T08:59:41.944192+00:00,709753981233782,source,1969,,positive,ai,ai_labeled,Cảm ơn và gọi idol.,low,comment_only_no_parent_or_post_text
709788814563632,709714754571038,Mê quá ạ,ptit_2k5,https://www.facebook.com/groups/2k5ptit,2026-10-06T08:59:41.944192+00:00,709788814563632,source,1970,,positive,ai,ai_labeled,Bày tỏ thích thú.,low,comment_only_no_parent_or_post_text
710801614462352,710798944462619,Đổi tên file thành .cpp,ptit_2k5,https://www.facebook.com/groups/2k5ptit,2026-10-06T08:59:42.098599+00:00,710801614462352,source,1987,,neutral,ai,ai_labeled,Hướng dẫn đổi đuôi file.,low,comment_only_no_parent_or_post_text
710806477795199,710798944462619,Tool - Compiler Opt - Setting - Code Gen - Language Std = GNU C99/C++11,ptit_2k5,https://www.facebook.com/groups/2k5ptit,2026-10-06T08:59:42.098599+00:00,710806477795199,source,1988,,neutral,ai,ai_labeled,Chỉ các bước cấu hình trình biên dịch.,low,comment_only_no_parent_or_post_text
710851457790701,710798944462619,"cảm ơn tất cả mọi người shop đã sửa được rồi, cho shop hỏi là thi ở trường là bản có đóng mở ngoặc sẵn hay cứ phải gõ từng cái đóng mở ngoặc và khi gửi phải bắt buộc gửi đuôi .c hay . cpp đều được ạ",ptit_2k5,https://www.facebook.com/groups/2k5ptit,2026-10-06T08:59:42.098599+00:00,710851457790701,source,1989,,neutral,ai,ai_labeled,"Thông báo sửa xong và hỏi định dạng thi, lời cảm ơn xã giao.",low,comment_only_no_parent_or_post_text
717025847173262,716953227180524,"1,1 1,2 or 1,5 tùy số lượng sv :))",ptit_2k5,https://www.facebook.com/groups/2k5ptit,2026-10-06T08:59:41.999880+00:00,717025847173262,source,1990,,neutral,ai,ai_labeled,Thông tin hệ số tùy số sinh viên.,low,comment_only_no_parent_or_post_text
717487940460386,717485437127303,Hoangg Viet Anhh nghe rén ngang,ptit_2k5,https://www.facebook.com/groups/2k5ptit,2026-10-06T08:59:41.975016+00:00,717487940460386,source,1992,,negative,ai,ai_labeled,Nói nghe thấy sợ.,medium,comment_only_no_parent_or_post_text
717490190460161,717485437127303,T không tin,ptit_2k5,https://www.facebook.com/groups/2k5ptit,2026-10-06T08:59:41.975016+00:00,717490190460161,source,1995,,negative,ai,ai_labeled,Nói không tin nhưng thiếu đối tượng.,high,comment_only_no_parent_or_post_text
717492600459920,717485437127303,Nguyễn Minh mùa hè của tôi cùng ktx thân yêu,ptit_2k5,https://www.facebook.com/groups/2k5ptit,2026-10-06T08:59:41.975016+00:00,717492600459920,source,1996,,positive,ai,ai_labeled,Gọi ký túc xá thân yêu.,low,comment_only_no_parent_or_post_text
717492670459913,717485437127303,cách lâu lắm rồi nc dùng không mặn đâu,ptit_2k5,https://www.facebook.com/groups/2k5ptit,2026-10-06T08:59:41.975016+00:00,717492670459913,source,1997,,positive,ai,ai_labeled,Đánh giá nước không mặn.,medium,comment_only_no_parent_or_post_text
717494110459769,717485437127303,Người tham gia ẩn danh hay làm lại lịch sử lần nữa đi không sao các bạn và thầy cô vẫn iu thương broo,ptit_2k5,https://www.facebook.com/groups/2k5ptit,2026-10-06T08:59:41.975016+00:00,717494110459769,source,1998,,positive,ai,ai_labeled,"Động viên mọi người vẫn yêu thương, có thể trêu.",high,comment_only_no_parent_or_post_text
717494223793091,717485437127303,Vũ Ngọc Lan đọc đii...,ptit_2k5,https://www.facebook.com/groups/2k5ptit,2026-10-06T08:59:41.975016+00:00,717494223793091,source,1999,possible_truncation_or_deliberate_ellipsis,neutral,ai,ai_labeled,Nhắc đọc.,low,comment_only_no_parent_or_post_text
717496223792891,717485437127303,Đức Hưng nghe cũng hay đấy cơ mà t đang cư trú ở đây bh t sắp cut thì ta bàn tiếp,ptit_2k5,https://www.facebook.com/groups/2k5ptit,2026-10-06T08:59:41.975016+00:00,717496223792891,source,2000,,positive,ai,ai_labeled,Nói nghe hay dù muốn bàn sau.,high,comment_only_no_parent_or_post_text
717499147125932,717485437127303,Người tham gia ẩn danh ai ở review xem nước chất lượng ko,ptit_2k5,https://www.facebook.com/groups/2k5ptit,2026-10-06T08:59:41.975016+00:00,717499147125932,source,2001,,neutral,ai,ai_labeled,Xin nhận xét chất lượng nước.,low,comment_only_no_parent_or_post_text
717504387125408,717485437127303,Thế mà Hoàng Anh Nguyen Nguyễn Danh Tây dùng cả nước đấy để uống,ptit_2k5,https://www.facebook.com/groups/2k5ptit,2026-10-06T08:59:41.975016+00:00,717504387125408,source,2002,,neutral,ai,ai_labeled,Kể người dùng nước đó để uống.,medium,comment_only_no_parent_or_post_text
717511447124702,717485437127303,Nguyễn Vũ Quang Minh kể đi,ptit_2k5,https://www.facebook.com/groups/2k5ptit,2026-10-06T08:59:41.975016+00:00,717511447124702,source,2003,,neutral,ai,ai_labeled,Nhờ kể chuyện.,low,comment_only_no_parent_or_post_text
717527500456430,717485437127303,Riêu,ptit_2k5,https://www.facebook.com/groups/2k5ptit,2026-10-06T08:59:41.975016+00:00,717527500456430,source,2004,,neutral,ai,ai_labeled,"Tiếng lóng xác nhận thật, không rõ cảm xúc.",high,comment_only_no_parent_or_post_text
718081243734389,718027843739729,ib nha,ptit_2k5,https://www.facebook.com/groups/2k5ptit,2026-10-06T08:59:42.084557+00:00,718081243734389,source,2005,,neutral,ai,ai_labeled,Đề nghị nhắn tin.,low,comment_only_no_parent_or_post_text
718100073732506,718027843739729,Hậu Đoàn cho tớ xin với ạ,ptit_2k5,https://www.facebook.com/groups/2k5ptit,2026-10-06T08:59:42.084557+00:00,718100073732506,source,2006,,neutral,ai,ai_labeled,Xin tài liệu.,low,comment_only_no_parent_or_post_text
718102600398920,718027843739729,Yen Linh check ib nha,ptit_2k5,https://www.facebook.com/groups/2k5ptit,2026-10-06T08:59:42.084557+00:00,718102600398920,source,2007,,neutral,ai,ai_labeled,Nhắc kiểm tra tin nhắn.,low,comment_only_no_parent_or_post_text
719065350302645,719002530308927,Dũng Nguyễn Cho e theo vs,ptit_2k5,https://www.facebook.com/groups/2k5ptit,2026-10-06T08:59:43.283973+00:00,719065350302645,source,2022,,neutral,ai,ai_labeled,Xin tham gia cùng.,low,comment_only_no_parent_or_post_text
719068113635702,719002530308927,Dũng Nguyễn tôi vừa lướt qua str bạn này tưởng A,ptit_2k5,https://www.facebook.com/groups/2k5ptit,2026-10-06T08:59:43.283973+00:00,719068113635702,source,2023,,neutral,ai,ai_labeled,Kể xem ảnh tưởng đạt A.,low,comment_only_no_parent_or_post_text
719069310302249,719002530308927,Dũng Nguyễn cải thiện lên A+ hả,ptit_2k5,https://www.facebook.com/groups/2k5ptit,2026-10-06T08:59:43.283973+00:00,719069310302249,source,2025,,neutral,ai,ai_labeled,Hỏi cải thiện lên A+ không.,low,comment_only_no_parent_or_post_text
719082203634293,719002530308927,Trần Hiếu thích điêu k?????,ptit_2k5,https://www.facebook.com/groups/2k5ptit,2026-10-06T08:59:43.283973+00:00,719082203634293,source,2026,,negative,ai,ai_labeled,"Chất vấn nói điêu, có thể trêu.",high,comment_only_no_parent_or_post_text
719082453634268,719002530308927,Nguyễn Hồng Quang sai ngu r anh b ạ,ptit_2k5,https://www.facebook.com/groups/2k5ptit,2026-10-06T08:59:43.283973+00:00,719082453634268,source,2027,,negative,ai,ai_labeled,Tự trách sai ngớ ngẩn.,high,comment_only_no_parent_or_post_text
719089923633521,719002530308927,Nguyễn Đức Mạnh học lại chứ cải thiện gì nữa=)),ptit_2k5,https://www.facebook.com/groups/2k5ptit,2026-10-06T08:59:43.283973+00:00,719089923633521,source,2031,,negative,ai,ai_labeled,"Đính chính phải học lại thay vì cải thiện, có tính trêu.",high,comment_only_no_parent_or_post_text
719100116965835,719002530308927,Nguyễn Đức Mạnh hetcuu=)),ptit_2k5,https://www.facebook.com/groups/2k5ptit,2026-10-06T08:59:43.283973+00:00,719100116965835,source,2032,,negative,ai,ai_labeled,Nói hết cứu dù kèm cười.,high,comment_only_no_parent_or_post_text
719109013631612,719002530308927,Đăng Vũ xin slot kìa,ptit_2k5,https://www.facebook.com/groups/2k5ptit,2026-10-06T08:59:43.283973+00:00,719109013631612,source,2033,,neutral,ai,ai_labeled,Nhắc xin suất tham gia.,low,comment_only_no_parent_or_post_text
719119890297191,719002530308927,Môn nào cũng cần cải thiện,ptit_2k5,https://www.facebook.com/groups/2k5ptit,2026-10-06T08:59:43.283973+00:00,719119890297191,source,2034,,negative,ai,ai_labeled,Than mọi môn đều cần cải thiện.,medium,comment_only_no_parent_or_post_text
719120816963765,719002530308927,Nguyễn Đức Mạnh hôm qua mới thấy A+ cacu 2 xong cơ mà,ptit_2k5,https://www.facebook.com/groups/2k5ptit,2026-10-06T08:59:43.283973+00:00,719120816963765,source,2035,,neutral,ai,ai_labeled,Hỏi vì thấy vừa đạt điểm cao.,medium,comment_only_no_parent_or_post_text
719150980294082,719002530308927,Trần Hiếu haiz csong mà,ptit_2k5,https://www.facebook.com/groups/2k5ptit,2026-10-06T08:59:43.283973+00:00,719150980294082,source,2036,,negative,ai,ai_labeled,Thở dài về cuộc sống.,medium,comment_only_no_parent_or_post_text
719217023620811,719002530308927,Nguyễn Đức Mạnh lụm A mà giả vờ,ptit_2k5,https://www.facebook.com/groups/2k5ptit,2026-10-06T08:59:43.283973+00:00,719217023620811,source,2037,,negative,ai,ai_labeled,Trách giả vờ dù đạt điểm A.,high,comment_only_no_parent_or_post_text
720751940133986,720691030140077,"Nghỉ hè đi bạn, hè năm sau học không muộn",ptit_2k5,https://www.facebook.com/groups/2k5ptit,2026-10-06T08:59:43.225154+00:00,720751940133986,source,2038,,neutral,ai,ai_labeled,Khuyên nghỉ hè và học vào năm sau.,low,comment_only_no_parent_or_post_text
725302476345599,725283586347488,Ko có học vượt :)),ptit_2k5,https://www.facebook.com/groups/2k5ptit,2026-10-06T08:59:43.520357+00:00,725302476345599,source,2039,,neutral,ai,ai_labeled,Thông tin không có học vượt.,low,comment_only_no_parent_or_post_text
725303816345465,725283586347488,còn lâu ptit mới cho học vượt,ptit_2k5,https://www.facebook.com/groups/2k5ptit,2026-10-06T08:59:43.520357+00:00,725303816345465,source,2040,,negative,ai,ai_labeled,"Nói còn lâu trường mới cho học vượt, mang ý bất mãn.",medium,comment_only_no_parent_or_post_text
725307166345130,725283586347488,Chuyển trg,ptit_2k5,https://www.facebook.com/groups/2k5ptit,2026-10-06T08:59:43.520357+00:00,725307166345130,source,2041,,neutral,ai,ai_labeled,"Gợi ý chuyển trường, thiếu lý do.",high,comment_only_no_parent_or_post_text
725314619677718,725283586347488,Ngọc Tâm m à,ptit_2k5,https://www.facebook.com/groups/2k5ptit,2026-10-06T08:59:43.520357+00:00,725314619677718,source,2042,,neutral,ai,ai_labeled,Hỏi có phải người đối thoại không.,high,comment_only_no_parent_or_post_text
725419379667242,725283586347488,"Học CNTT UDU là 3,5 năm ra trường",ptit_2k5,https://www.facebook.com/groups/2k5ptit,2026-10-06T08:59:43.520357+00:00,725419379667242,source,2043,,neutral,ai,ai_labeled,Thông tin thời gian chương trình học.,low,comment_only_no_parent_or_post_text
725962026279644,725283586347488,Có udu 3.5 năm theo a đc bt,ptit_2k5,https://www.facebook.com/groups/2k5ptit,2026-10-06T08:59:43.520357+00:00,725962026279644,source,2044,,neutral,ai,ai_labeled,Thông tin thời gian học ngành UDU.,low,comment_only_no_parent_or_post_text
730760669133113,730690329140147,Kiếm cái lý do nào thuyết phụ hơn đi bn,ptit_2k5,https://www.facebook.com/groups/2k5ptit,2026-10-06T08:59:42.122428+00:00,730760669133113,source,2046,,neutral,ai,ai_labeled,Khuyên dùng lý do thuyết phục hơn.,medium,comment_only_no_parent_or_post_text
730768849132295,730690329140147,ghi là: Lý do cá nhân,ptit_2k5,https://www.facebook.com/groups/2k5ptit,2026-10-06T08:59:42.122428+00:00,730768849132295,source,2047,,neutral,ai,ai_labeled,Gợi ý cách ghi lý do.,low,comment_only_no_parent_or_post_text
730769485798898,730690329140147,Lê Văn Tiến Dũng Mk cảm ơn bạn nhé,ptit_2k5,https://www.facebook.com/groups/2k5ptit,2026-10-06T08:59:42.122428+00:00,730769485798898,source,2048,,positive,ai,ai_labeled,Bày tỏ cảm ơn.,low,comment_only_no_parent_or_post_text
730771945798652,730690329140147,Người tham gia ẩn danh e hãy ghi ký do e bị ốm hoác bố mẹ ốm phai đi chăm nuôi. Nếu e ốm trường cần giấy khám bệnh ơ viện đó,ptit_2k5,https://www.facebook.com/groups/2k5ptit,2026-10-06T08:59:42.122428+00:00,730771945798652,source,2049,,neutral,ai,ai_labeled,Hướng dẫn lý do và giấy tờ xin nghỉ.,low,comment_only_no_parent_or_post_text
730773605798486,730690329140147,Trần Hằng Em ghi là chăm sóc bố mẹ ốm thì có cần giấy khám bệnh của bố mẹ ko ạ?,ptit_2k5,https://www.facebook.com/groups/2k5ptit,2026-10-06T08:59:42.122428+00:00,730773605798486,source,2050,,neutral,ai,ai_labeled,Hỏi cần giấy khám bệnh không.,low,comment_only_no_parent_or_post_text
730774055798441,730690329140147,Người tham gia ẩn danh ko vi nói bố mẹ e ốm ở nhà . kiểu bệnh ko tự phục vụ đc nên mình pai đi làm thêm + chăm sóc là ok,ptit_2k5,https://www.facebook.com/groups/2k5ptit,2026-10-06T08:59:42.122428+00:00,730774055798441,source,2051,,neutral,ai,ai_labeled,Giải thích tình huống chăm sóc bố mẹ.,low,comment_only_no_parent_or_post_text
730774485798398,730690329140147,Người tham gia ẩn danh ib cô,ptit_2k5,https://www.facebook.com/groups/2k5ptit,2026-10-06T08:59:42.122428+00:00,730774485798398,source,2052,near_duplicate_candidate,neutral,ai,ai_labeled,Gợi ý nhắn giảng viên.,low,comment_only_no_parent_or_post_text
731469849062195,731412872401226,"IELTS, TOEFL iBT",ptit_2k5,https://www.facebook.com/groups/2k5ptit,2026-10-06T08:59:43.457649+00:00,731469849062195,source,2054,,neutral,ai,ai_labeled,Nêu các chứng chỉ ngoại ngữ.,low,comment_only_no_parent_or_post_text
731482179060962,731412872401226,Phạm Dũng toefl itp ko dc à bạn.,ptit_2k5,https://www.facebook.com/groups/2k5ptit,2026-10-06T08:59:43.457649+00:00,731482179060962,source,2055,,neutral,ai,ai_labeled,Hỏi chứng chỉ có dùng được không.,low,comment_only_no_parent_or_post_text
731501812392332,731412872401226,"Anonymous participant để đổi điểm thì đc, chứ đầu ra hnhu là chứng chỉ 4 kỹ năng",ptit_2k5,https://www.facebook.com/groups/2k5ptit,2026-10-06T08:59:43.457649+00:00,731501812392332,source,2056,,neutral,ai,ai_labeled,Giải thích đổi điểm và chuẩn đầu ra.,low,comment_only_no_parent_or_post_text
731503145725532,731412872401226,Phạm Dũng v là chỉ 1 trong 2 cc trên kia th à b (đầu ra ấy).,ptit_2k5,https://www.facebook.com/groups/2k5ptit,2026-10-06T08:59:43.457649+00:00,731503145725532,source,2057,,neutral,ai,ai_labeled,Hỏi xác nhận chứng chỉ đầu ra.,low,comment_only_no_parent_or_post_text
731520289057151,731412872401226,Anonymous participant theo mình nhớ là v,ptit_2k5,https://www.facebook.com/groups/2k5ptit,2026-10-06T08:59:43.457649+00:00,731520289057151,source,2058,,neutral,ai,ai_labeled,Xác nhận theo trí nhớ.,low,comment_only_no_parent_or_post_text
731520492390464,731412872401226,nma học cho cv sau này nx nên ưu tiên 2 cái này hơn,ptit_2k5,https://www.facebook.com/groups/2k5ptit,2026-10-06T08:59:43.457649+00:00,731520492390464,source,2059,,neutral,ai,ai_labeled,Khuyên ưu tiên chứng chỉ phục vụ hồ sơ nghề nghiệp.,low,comment_only_no_parent_or_post_text
731521795723667,731412872401226,Phạm Dũng thks bạn nha,ptit_2k5,https://www.facebook.com/groups/2k5ptit,2026-10-06T08:59:43.457649+00:00,731521795723667,source,2060,,positive,ai,ai_labeled,Cảm ơn người hỗ trợ.,low,comment_only_no_parent_or_post_text
731524659056714,731412872401226,Anonymous participant b cần hỏi thêm về CLC thì cứ nhắn t nhé,ptit_2k5,https://www.facebook.com/groups/2k5ptit,2026-10-06T08:59:43.457649+00:00,731524659056714,source,2061,,neutral,ai,ai_labeled,Đề nghị giải đáp thêm về chương trình.,low,comment_only_no_parent_or_post_text
735130465362800,734867962055717,"Với 2k5 bọn em thì sớm nhất là cuối kỳ này, lúc D24 đki môn xong các em được đki học ghép các môn kỳ 2 của D24, sau đó là kỳ hè năm sau.",ptit_2k5,https://www.facebook.com/groups/2k5ptit,2026-10-06T08:59:43.273971+00:00,735130465362800,source,2062,,neutral,ai,ai_labeled,Giải thích thời điểm đăng ký học ghép.,low,comment_only_no_parent_or_post_text
735130935362753,734867962055717,"Kỳ 1 của D24 không nhận học ghép thì phải, idk, nhưng nếu nhận thì sẽ có thông báo trên web của trường (bạn phải tự check nếu muốn đki)",ptit_2k5,https://www.facebook.com/groups/2k5ptit,2026-10-06T08:59:43.273971+00:00,735130935362753,source,2063,,neutral,ai,ai_labeled,Thông tin chưa chắc chắn và hướng dẫn xem thông báo.,low,comment_only_no_parent_or_post_text
735131725362674,734867962055717,"Nguyễn Hữu Việt Nếu là các môn ở kì 1 năm nhất thì sắp tới nếu có tbao học ghép cùng D24 thì em dki, còn nếu k có như năm ngoái thì em phải đợi hè năm 2 lên năm 3 mới học được",ptit_2k5,https://www.facebook.com/groups/2k5ptit,2026-10-06T08:59:43.274974+00:00,735131725362674,source,2064,,neutral,ai,ai_labeled,Giải thích lịch học lại tùy thông báo.,low,comment_only_no_parent_or_post_text
735178362024677,734867962055717,"Nguyễn Hữu Việt thường là kì 1 D24 ko có học ghép đc, phải học vào kì hè",ptit_2k5,https://www.facebook.com/groups/2k5ptit,2026-10-06T08:59:43.274974+00:00,735178362024677,source,2065,,neutral,ai,ai_labeled,Thông tin học ghép thường vào hè.,low,comment_only_no_parent_or_post_text
735182552024258,734867962055717,Nguyễn Trung Anh bảo vệ các em khỏi anh chị be like:))))),ptit_2k5,https://www.facebook.com/groups/2k5ptit,2026-10-06T08:59:43.274974+00:00,735182552024258,source,2066,,neutral,ai,ai_labeled,"Nói bảo vệ khóa mới bằng giọng đùa, chưa có đánh giá rõ.",high,comment_only_no_parent_or_post_text
735182742024239,734867962055717,Trần Hoàng back to school in 4 day:)),ptit_2k5,https://www.facebook.com/groups/2k5ptit,2026-10-06T08:59:43.274974+00:00,735182742024239,source,2067,,neutral,ai,ai_labeled,Thông báo thời gian quay lại trường.,low,comment_only_no_parent_or_post_text
736728181869695,736702055205641,"Có bạn, vpcc thì cái j cũng công chứng hết á",ptit_2k5,https://www.facebook.com/groups/2k5ptit,2026-10-06T08:59:43.489111+00:00,736728181869695,source,2068,,neutral,ai,ai_labeled,Trả lời về dịch vụ công chứng.,low,comment_only_no_parent_or_post_text
739478414928005,739366574939189,that ha a Nguyễn Bá Thọ,ptit_2k5,https://www.facebook.com/groups/2k5ptit,2026-10-06T08:59:43.473376+00:00,739478414928005,source,2069,,neutral,ai,ai_labeled,Hỏi xác nhận có thật không.,low,comment_only_no_parent_or_post_text
739553151587198,739366574939189,band này ngang đầu ra NNA bên ULIS rồi,ptit_2k5,https://www.facebook.com/groups/2k5ptit,2026-10-06T08:59:43.473376+00:00,739553151587198,source,2070,,neutral,ai,ai_labeled,So sánh mức chứng chỉ với chuẩn ngành khác.,low,comment_only_no_parent_or_post_text
739598074916039,739366574939189,Phạm Dũng vậy bn vậy a ?,ptit_2k5,https://www.facebook.com/groups/2k5ptit,2026-10-06T08:59:43.473376+00:00,739598074916039,source,2071,,neutral,ai,ai_labeled,Hỏi mức điểm cần đạt.,low,comment_only_no_parent_or_post_text
739613704914476,739366574939189,"Anonymous participant 6.0 là đủ rồi, nhưng thg các bạn học lên khoảng 6.5 - 7.0",ptit_2k5,https://www.facebook.com/groups/2k5ptit,2026-10-06T08:59:43.473376+00:00,739613704914476,source,2072,,neutral,ai,ai_labeled,Nêu mức đủ và mức thường học tới.,low,comment_only_no_parent_or_post_text
742636741567411,740183908479361,"aptit với toeic , thì có nào dễ hơn ạ",ptit_group_584397217391365,https://www.facebook.com/groups/584397217391365,2026-10-06T08:59:46.966494+00:00,742636741567411,source,2073,,neutral,ai,ai_labeled,Hỏi chứng chỉ nào dễ hơn.,low,comment_only_no_parent_or_post_text
742642348233517,740183908479361,theo mình aptit nhanh hơn,ptit_group_584397217391365,https://www.facebook.com/groups/584397217391365,2026-10-06T08:59:46.966494+00:00,742642348233517,source,2074,,neutral,ai,ai_labeled,Đánh giá thời gian thi chứng chỉ để tư vấn.,low,comment_only_no_parent_or_post_text
742783608219391,742625394901879,"ông dạy logic này bẩn tính, đớp như gì, lúc trù sinh viên thì anh em tập xác định",ptit_group_584397217391365,https://www.facebook.com/groups/584397217391365,2026-10-06T08:59:47.094015+00:00,742783608219391,source,2075,,negative,ai,ai_labeled,Chê giảng viên tính xấu và gây khó sinh viên.,low,comment_only_no_parent_or_post_text
744387914725627,740183908479361,"Inbox mình có, nhưng phải cam kết học thuộc key và luyện tập 1 số đề mẫu nhé",ptit_group_584397217391365,https://www.facebook.com/groups/584397217391365,2026-10-06T08:59:46.966494+00:00,744387914725627,source,2076,,neutral,ai,ai_labeled,Đề nghị chia sẻ tài liệu kèm yêu cầu luyện tập.,medium,comment_only_no_parent_or_post_text
744447494719669,740183908479361,Bạn có muốn ôn với mình không ạ? Mình cũng dự định thi vào đầu tháng 8 ạ,ptit_group_584397217391365,https://www.facebook.com/groups/584397217391365,2026-10-06T08:59:46.966494+00:00,744447494719669,source,2077,,neutral,ai,ai_labeled,Rủ ôn thi chung.,low,comment_only_no_parent_or_post_text
745070251324060,740183908479361,"cảm ơn nhé,mình đã đăng ký nhóm rồi",ptit_group_584397217391365,https://www.facebook.com/groups/584397217391365,2026-10-06T08:59:46.966494+00:00,745070251324060,source,2078,,positive,ai,ai_labeled,Cảm ơn và báo đã đăng ký nhóm.,low,comment_only_no_parent_or_post_text
745455834618835,745448351286250,"Có em ơi, tầm 3.9 mới ổn ă.",ptit_group_584397217391365,https://www.facebook.com/groups/584397217391365,2026-10-06T08:59:48.279288+00:00,745455834618835,source,2079,,neutral,ai,ai_labeled,Nêu mức điểm cần đạt.,low,comment_only_no_parent_or_post_text
745456317952120,745448351286250,Rất nên học cải thiện em nhé!,ptit_group_584397217391365,https://www.facebook.com/groups/584397217391365,2026-10-06T08:59:48.280289+00:00,745456317952120,source,2080,,neutral,ai,ai_labeled,Khuyên học cải thiện.,low,comment_only_no_parent_or_post_text
745466254617793,745448351286250,Phong Pahm vào cho bạn lời khuyên,ptit_group_584397217391365,https://www.facebook.com/groups/584397217391365,2026-10-06T08:59:48.280289+00:00,745466254617793,source,2081,,neutral,ai,ai_labeled,Nhờ người khác đưa lời khuyên.,low,comment_only_no_parent_or_post_text
745468371284248,745448351286250,pick me boy à b,ptit_group_584397217391365,https://www.facebook.com/groups/584397217391365,2026-10-06T08:59:48.280289+00:00,745468371284248,source,2082,,negative,ai,ai_labeled,"Chê thích thể hiện bằng tiếng lóng, có thể trêu.",high,comment_only_no_parent_or_post_text
745567214607697,745448351286250,Hơi thấp nha,ptit_group_584397217391365,https://www.facebook.com/groups/584397217391365,2026-10-06T08:59:48.280289+00:00,745567214607697,source,2083,,negative,ai,ai_labeled,Đánh giá mức điểm hơi thấp.,medium,comment_only_no_parent_or_post_text
745582621272823,745448351286250,Môn nào ko dc A+ thì học cải thiện hết nhé bn,ptit_group_584397217391365,https://www.facebook.com/groups/584397217391365,2026-10-06T08:59:48.280289+00:00,745582621272823,source,2084,,neutral,ai,ai_labeled,"Khuyên cải thiện mọi môn chưa A+, có thể đùa.",high,comment_only_no_parent_or_post_text
745743561256729,740183908479361,"Em năm 3 rồi mà TA vẫn đang ở mức mất gốc, nghe bảo tháng 9 đổi chuẩn đầu ra đúng không ạ? Mn học TOEIC ở đâu để kịp có chứng chỉ vậy?",ptit_group_584397217391365,https://www.facebook.com/groups/584397217391365,2026-10-06T08:59:46.966494+00:00,745743561256729,source,2086,,negative,ai,ai_labeled,Lo mất gốc và không kịp chứng chỉ khi đổi chuẩn.,medium,comment_only_no_parent_or_post_text
745744167923335,740183908479361,"Trần Thục Linh em có thể tham khảo thử bên The TOEIC Lab - Cơ sở Hà Đông , bên này thầy cô siêu nhiệt tình luôn , dí đề, dì bài tập thấy bà nội luôn . Nhưng được cái học thế nào cũng qua 700+ . Siêu recommend cho mọi người",ptit_group_584397217391365,https://www.facebook.com/groups/584397217391365,2026-10-06T08:59:46.966494+00:00,745744167923335,source,2087,,positive,ai,ai_labeled,Khen thầy cô nhiệt tình và giới thiệu từ trải nghiệm học; cần kiểm tra quảng bá.,medium,comment_only_no_parent_or_post_text
745796281251457,745448351286250,Mấy thg đăng bài kiểu này nghe cứ tưởng chăm học chứ thực ra đang khoe thể hiện gpa mình cao lắm :)) chưa tài đâu e ơi,ptit_group_584397217391365,https://www.facebook.com/groups/584397217391365,2026-10-06T08:59:48.280289+00:00,745796281251457,source,2088,,negative,ai,ai_labeled,Chê người đăng đang khoe GPA và chưa giỏi.,low,comment_only_no_parent_or_post_text
745796777918074,745448351286250,Ngọc Chiến ông b hỏi oi thế,ptit_group_584397217391365,https://www.facebook.com/groups/584397217391365,2026-10-06T08:59:48.280289+00:00,745796777918074,source,2089,,neutral,ai,ai_labeled,Hỏi có phải bạn đặt câu hỏi không.,low,comment_only_no_parent_or_post_text
745797367918015,742625394901879,"Còn dạy ko, bẩn tính như nào thì vẫn là thầy, có ghét thì cx đừng có đăng bài đá đểu thầy, chả bt sinh viên hay sucvatt nữa :))",ptit_group_584397217391365,https://www.facebook.com/groups/584397217391365,2026-10-06T08:59:47.094015+00:00,745797367918015,source,2090,,negative,ai,ai_labeled,Trách và xúc phạm người đăng bài chê giảng viên.,low,comment_only_no_parent_or_post_text
746384264237420,746375217571658,mn giúp mình với ạ,ptit_2k5,https://www.facebook.com/groups/2k5ptit,2026-10-06T08:59:42.018789+00:00,746384264237420,source,2091,near_duplicate_candidate,neutral,ai,ai_labeled,Nhờ giúp đỡ.,low,comment_only_no_parent_or_post_text
746384367570743,746375217571658,up,ptit_2k5,https://www.facebook.com/groups/2k5ptit,2026-10-06T08:59:42.018789+00:00,746384367570743,source,2092,,neutral,ai,ai_labeled,Đẩy bài để tìm phản hồi.,medium,comment_only_no_parent_or_post_text
746386037570576,746375217571658,mn còn ai lưu ảnh ko ạ : (,ptit_2k5,https://www.facebook.com/groups/2k5ptit,2026-10-06T08:59:42.018789+00:00,746386037570576,source,2093,,neutral,ai,ai_labeled,"Hỏi còn ai lưu ảnh, kèm dấu buồn nhẹ.",medium,comment_only_no_parent_or_post_text
748823344282084,745448351286250,Phải 4.0 ms ổn á c như bạn tớ này Gia Linh,ptit_group_584397217391365,https://www.facebook.com/groups/584397217391365,2026-10-06T08:59:48.280289+00:00,748823344282084,source,2095,,neutral,ai,ai_labeled,"Nêu mức điểm cần có, có thể trêu.",high,comment_only_no_parent_or_post_text
750842337413518,750833310747754,chờ lịch học lại thui,ptit_group_584397217391365,https://www.facebook.com/groups/584397217391365,2026-10-06T08:59:48.251460+00:00,750842337413518,source,2096,,neutral,ai,ai_labeled,Khuyên chờ lịch học lại.,low,comment_only_no_parent_or_post_text
753399363535910,753328490209664,em làm đơn vay ra vp1c được nha,ptit_2k5,https://www.facebook.com/groups/2k5ptit,2026-10-06T08:59:41.985015+00:00,753399363535910,source,2097,,neutral,ai,ai_labeled,Hướng dẫn xin vay học phí.,low,comment_only_no_parent_or_post_text
753424373533409,753328490209664,Bùi Nhật Mai em k phải hộ cận nghèo thì vẫn vay dc ạ?,ptit_2k5,https://www.facebook.com/groups/2k5ptit,2026-10-06T08:59:41.986017+00:00,753424373533409,source,2098,,neutral,ai,ai_labeled,Hỏi điều kiện được vay.,low,comment_only_no_parent_or_post_text
753426600199853,753328490209664,Người tham gia ẩn danh được nhé em,ptit_2k5,https://www.facebook.com/groups/2k5ptit,2026-10-06T08:59:41.986017+00:00,753426600199853,source,2099,,neutral,ai,ai_labeled,Trả lời được vay.,low,comment_only_no_parent_or_post_text
754057633470083,753328490209664,Bùi Nhật Mai chỉ cần có đơn ra nh là vay dc luôn hả chị? Có cần xn của phường hay xã ko ạ,ptit_2k5,https://www.facebook.com/groups/2k5ptit,2026-10-06T08:59:41.986017+00:00,754057633470083,source,2100,,neutral,ai,ai_labeled,Hỏi giấy tờ xác nhận khoản vay.,low,comment_only_no_parent_or_post_text
755415063622912,755410250290060,"cứ xét đi bạn, toàn ngành mới sao mà có j để mà so đc",ptit_group_584397217391365,https://www.facebook.com/groups/584397217391365,2026-10-06T08:59:47.063031+00:00,755415063622912,source,2101,,neutral,ai,ai_labeled,Khuyên xét vì ngành mới chưa có dữ liệu so sánh.,low,comment_only_no_parent_or_post_text
755909643573454,755886310242454,Thích cách trường chuẩn bị đèn đóm để chào đón 2k7,ptit_group_584397217391365,https://www.facebook.com/groups/584397217391365,2026-10-06T08:59:48.060709+00:00,755909643573454,source,2102,,positive,ai,ai_labeled,"Nói thích chuẩn bị đèn đón sinh viên, có thể mỉa mai.",high,comment_only_no_parent_or_post_text
756142296883522,756115456886206,"E thích kiểu rộng, cái gì cx biết như là quay phim, thiết kế cơ bản, truyền thông, pr, quảng cáo, báo chí, sản xuất video thì học, học ngành nên xác định hướng đi sớm, k là lúc đấy cái j cx bt chút, k chuyên sâu thì khó lắm. Mà nếu e thích thiên hẳn về thiết kế 2D, 3D thì có thể sang bên CNĐPT, năm 1 có học một số môn lq đến toán, e k sợ thì k sao",ptit_group_584397217391365,https://www.facebook.com/groups/584397217391365,2026-10-06T08:59:47.366599+00:00,756142296883522,source,2104,,neutral,ai,ai_labeled,Tư vấn chọn ngành theo sở thích và mức chuyên sâu.,low,comment_only_no_parent_or_post_text
756233230207762,756115456886206,Người tham gia ẩn danh 661 học TTĐPT hay CNĐPT cũng có toán ạ ?,ptit_group_584397217391365,https://www.facebook.com/groups/584397217391365,2026-10-06T08:59:47.366599+00:00,756233230207762,source,2105,,neutral,ai,ai_labeled,Hỏi ngành có môn toán không.,low,comment_only_no_parent_or_post_text
756482563516162,756115456886206,Người tham gia ẩn danh TTĐPT k có học toán nhé,ptit_group_584397217391365,https://www.facebook.com/groups/584397217391365,2026-10-06T08:59:47.366599+00:00,756482563516162,source,2106,,neutral,ai,ai_labeled,Thông tin ngành không học toán.,low,comment_only_no_parent_or_post_text
757614656736286,755886310242454,Thanh Huyen đã viện lại còn bị U nữa,ptit_group_584397217391365,https://www.facebook.com/groups/584397217391365,2026-10-06T08:59:48.060709+00:00,757614656736286,source,2107,,negative,ai,ai_labeled,Chê cách gọi tên trường bằng lối chơi chữ.,high,comment_only_no_parent_or_post_text
760401253124293,755886310242454,Các bé 2k7 chuẩn bị bước chân vào viện U chính viễn thông thì nhớ học Tiếng Anh không là 4 củ cho TADV nhé .,ptit_group_584397217391365,https://www.facebook.com/groups/584397217391365,2026-10-06T08:59:48.060709+00:00,760401253124293,source,2108,,neutral,ai,ai_labeled,Cảnh báo học ngoại ngữ để tránh tốn phí.,medium,comment_only_no_parent_or_post_text
768287065380473,768247032051143,Sao lại có thi lại gì nhỉ =)),ptit_2k5,https://www.facebook.com/groups/2k5ptit,2026-10-06T08:59:42.071867+00:00,768287065380473,source,2109,,neutral,ai,ai_labeled,Hỏi lý do có thi lại.,medium,comment_only_no_parent_or_post_text
768288628713650,768247032051143,NT Ngọc Hà học bá sao hiểu được nỗi lòng của các bạn,ptit_2k5,https://www.facebook.com/groups/2k5ptit,2026-10-06T08:59:42.071867+00:00,768288628713650,source,2110,,negative,ai,ai_labeled,Mỉa mai người học giỏi không hiểu nỗi khó người khác.,high,comment_only_no_parent_or_post_text
769144871961359,768247032051143,Ví dụ mình lỡ mất hôm đấy ko thi thì có đc thi bù buổi khác ko ạ,ptit_2k5,https://www.facebook.com/groups/2k5ptit,2026-10-06T08:59:42.071867+00:00,769144871961359,source,2112,,neutral,ai,ai_labeled,Hỏi được thi bù nếu lỡ lịch không.,low,comment_only_no_parent_or_post_text
769164035292776,768247032051143,Người tham gia ẩn danh bạn ơi ib t hỏi chút đc ko ạ,ptit_2k5,https://www.facebook.com/groups/2k5ptit,2026-10-06T08:59:42.071867+00:00,769164035292776,source,2113,,neutral,ai,ai_labeled,Xin nhắn tin hỏi thêm.,low,comment_only_no_parent_or_post_text
772891888541896,772522395245512,Tính theo học phí d25,ptit_group_584397217391365,https://www.facebook.com/groups/584397217391365,2026-10-06T08:59:47.284773+00:00,772891888541896,source,2114,,neutral,ai,ai_labeled,Nêu khóa học phí áp dụng.,low,comment_only_no_parent_or_post_text
772927661871652,772522395245512,Won Win nhân 1.5 hay sao ạ,ptit_group_584397217391365,https://www.facebook.com/groups/584397217391365,2026-10-06T08:59:47.284773+00:00,772927661871652,source,2115,,neutral,ai,ai_labeled,Hỏi hệ số học phí.,low,comment_only_no_parent_or_post_text
772935075204244,772522395245512,"Người tham gia ẩn danh 1.2 thôi, lớp ít mới nhân thêm",ptit_group_584397217391365,https://www.facebook.com/groups/584397217391365,2026-10-06T08:59:47.285769+00:00,772935075204244,source,2116,,neutral,ai,ai_labeled,Đính chính hệ số tùy sĩ số.,low,comment_only_no_parent_or_post_text
772935618537523,772522395245512,Won Win nhưng mà ghép lớp với d25 kì 1 luôn mà,ptit_group_584397217391365,https://www.facebook.com/groups/584397217391365,2026-10-06T08:59:47.285769+00:00,772935618537523,source,2117,,neutral,ai,ai_labeled,Nêu lịch học ghép với khóa mới.,low,comment_only_no_parent_or_post_text
772936158537469,772522395245512,"Người tham gia ẩn danh học lại, học cải thiện mặc định x1.2 rồi b nha, tùy lớp ít hay nhiều có thể nhân thêm từ 1-1.5, vì học với d25 nên lớp nhiều -> ko nhân",ptit_group_584397217391365,https://www.facebook.com/groups/584397217391365,2026-10-06T08:59:47.285769+00:00,772936158537469,source,2118,,neutral,ai,ai_labeled,Giải thích hệ số học lại và học ghép.,low,comment_only_no_parent_or_post_text
772936375204114,772522395245512,Nếu d25 1tr 1 tín thì mình sẽ 1 x 1.2= 1tr2,ptit_group_584397217391365,https://www.facebook.com/groups/584397217391365,2026-10-06T08:59:47.285769+00:00,772936375204114,source,2119,,neutral,ai,ai_labeled,Tính phí dựa trên hệ số.,low,comment_only_no_parent_or_post_text
772937005204051,772522395245512,"Won Win mình cảm ơn b nha , hôm bữa b kia bảo x1.2 học kì mới x thêm 1.5 cải thiện làm mình hỏag quá",ptit_group_584397217391365,https://www.facebook.com/groups/584397217391365,2026-10-06T08:59:47.285769+00:00,772937005204051,source,2120,,positive,ai,ai_labeled,"Cảm ơn thông tin làm rõ, có nhắc từng hoảng vì phí.",medium,comment_only_no_parent_or_post_text
779221364575615,779135441250874,Mình quê TH đợt bão vừa rồi úng hết lúa rồi,ptit_group_584397217391365,https://www.facebook.com/groups/584397217391365,2026-10-06T08:59:47.026009+00:00,779221364575615,source,2121,,negative,ai,ai_labeled,Kể thiệt hại do bão với sắc thái buồn.,medium,comment_only_no_parent_or_post_text
779242284573523,779135441250874,Mong bạn chia sẻ những lời này trong buổi toạ đàm,ptit_group_584397217391365,https://www.facebook.com/groups/584397217391365,2026-10-06T08:59:47.026009+00:00,779242284573523,source,2122,,neutral,ai,ai_labeled,Đề nghị chia sẻ ý kiến tại tọa đàm.,low,comment_only_no_parent_or_post_text
779289767902108,779135441250874,"Người tham gia ẩn danh 601 mình chào bạn, mình lên mình nói băn khoăn trăn trở của mình, mình biết mình kém và mình vẫn đang cố gắng, đầu vào mình cũng có học bổng hiện tại mình cũng đang đi gia sư và không xin tiề sinh hoạt phí, mình hiểu bạn đang nói ai cũng khó khăn ai cũng đang cố gắng , nhưng bạn đặt vào mặt bằng chung là xăng xe các thứ tăng than thở với ai thì bạn lại phải nhìn sang những trường bằng trường mình thấp hơn trường mình và cao hơn trường mình thì nó sẽ hợp lý hơn ạ, mình cảm ơn bạn đã quan tâm !",ptit_group_584397217391365,https://www.facebook.com/groups/584397217391365,2026-10-06T08:59:47.026009+00:00,779289767902108,source,2123,,negative,ai,ai_labeled,Trăn trở kinh tế và phản đối so sánh chưa hợp lý; cảm ơn xã giao.,medium,comment_only_no_parent_or_post_text
779292094568542,779135441250874,"Người tham gia ẩn danh 601 và mình cũng nói luôn là những bạn ở Hà Nội thậm chí cũng tự thấy học phí cao so với mặt bằng chung .Mình ở miền trung, vừa gọi cho mẹ bảo ở nhà chuẩn bị đón bão, bạn sẽ không hiểu cảm giác nó như nào đâu, và mình cũng bảo mình kém không thông minh nhưng chưa từng bảo mình sẽ không có gắng và ra trường với bằng trung bình, người giỏi người ta còn cố gắng thì những người ngu như mình phải cố gắng gấp 2 gấp 3, khi nào mà thật sư nỗi lo về kinh tế nó tồn tại trong suy nghĩ của bạn 1 cách khó chịu bạn sẽ thấy nó trở thành nỗi sợ
, nhưng mình cũng cảm ơn vì lời chia sẻ của bạn",ptit_group_584397217391365,https://www.facebook.com/groups/584397217391365,2026-10-06T08:59:47.026009+00:00,779292094568542,source,2124,,negative,ai,ai_labeled,Nỗi lo học phí và kinh tế là sắc thái trội dù cảm ơn cuối câu.,low,comment_only_no_parent_or_post_text
779294921234926,779135441250874,"Người tham gia ẩn danh Bạn có thể nêu thẳng tên các trường b muốn so sánh được k? Vì theo mình hiểu mỗi trường sẽ có một chính sách đào tạo khác nhau, đường lối khác nhau, có sở vật chất khác nhau, định hướng phát triển về lâu dài cũng khác nhau thì mình không biết b muốn so sánh về điều gì? Nó đơn giản như 2 cửa hàng khác nhau, tuy bán cùng 1 sản phẩm là 1 chiếc áo, tuỳ mức đầu tư và đường lối chính sách, chương trình của chủ sốp, các chi phí ẩn khác nhau nên giá bán mỗi áo cũng đâu giống nhau.Nếu b đã đi gia sư được thì bạn cũng thuộc diện học khá, nó lại đang khá mâu thuẫn với việc ở trên bạn đề cập b học kém thì mình k hiểu ở trên b nêu hoàn cảnh rất khó khăn nhưng ở dưới lại đưa ra tình hình để phản biện lại mình là có ý gì?",ptit_group_584397217391365,https://www.facebook.com/groups/584397217391365,2026-10-06T08:59:47.026009+00:00,779294921234926,source,2125,,negative,ai,ai_labeled,Chất vấn tính mâu thuẫn và cơ sở so sánh của người đối thoại.,medium,comment_only_no_parent_or_post_text
779299834567768,779135441250874,"Người tham gia ẩn danh 601 mình chưa hiểu mục đích tới điểm của bạn là gì nhưng mình xin phép nói sơ qua ạ.Hiện tại mình đang học cntt của trường, mỗi trường sẽ có cơ sở vc đg lối đào tạo khác nhau cái đấy mình biết, cùng 1 cái áo người ta bán vs giá khác nhau ngkhac gọi đấy là bán thương hiệu, bán địa điểm .Chỉ đơn giản là bách khoa thôi mình so về ngành mình và hphi, có lẽ mình nông cạn chưa đi sâu cặn kẽ về những cái sâu xa như bạn nói chỉ là mình cảm thấy tăng 15% là nhiều so với tín chỉ ban đầu của mình . Thêm nữa mình đang đi gia sư cấp thpt và thcs nó chả liên quan gì tới ngành mình học để mà khá vs giỏi ở đây, cấp 3 mình tự hào mình rực rỡ nhưng lên đh thì muối bỏ biển mà bạn, 1 ngành trg mình tự hào top đầu mình ko thể so sánh lực với những bạn trg mình rồi, cấp 3 và đh rõ là nó khác nhau cho nên mình thấy kthuc đại học của mình nó kém mình ko phủ nhận, cái nào mình tốt đó là kĩ năng thì mình cố gắng, tỉ lệ học bổng 8-12% trg mình vừa r tbao hơn 700 diện xét là hsg ,.. thì mình cũng bthg mà bạn, mk đi gia sư vì kthuc mình đủ dạy các em chứ việc đại học với cấp dưới nó là 2 vấn đề khác nhau .vd 1 cái áo thương hiệu Dior nó giá cao hơn so với 1 cái có chất liệu tg tự đơn giản vì thương hiệu giá trị thương mại cao, trường mình cũnh top nhưng đâu phải top đầu tới mức 1 mình 1 sân đâu…Nói tiếp sẽ thành tranh cãi vì mình chỉ tâm sự vsf muốn xem mn chia sẻ đểbbuoori toạ đàm đc lắng nghe nhiều hơn thôi, mình cảm ơn bạn nhé",ptit_group_584397217391365,https://www.facebook.com/groups/584397217391365,2026-10-06T08:59:47.026009+00:00,779299834567768,source,2126,,negative,ai,ai_labeled,Phàn nàn tăng học phí nhiều và mong được lắng nghe.,medium,comment_only_no_parent_or_post_text
779302477900837,779135441250874,"Người tham gia ẩn danh 601 dạ, em cảm ơn anh hay chị chia sẻ vì em không có sự va vấp, em sống cho hiện tại chưa nghĩ xa chỉ mới nấy học phí đã kể khổ thì em xin lỗi, ai cũng là nạn nhân trong câu chuyện của mình nên em xin phép trở thành người xấu, chỉ là có vẻ bất đồng ý kiến thì k hợp để tâm sự ạ, đứng pdien ac thì e đang kể khổ em cũng ko biết lsao vì than thở cũng ko đúng chỗ nên em xin lỗi ạ",ptit_group_584397217391365,https://www.facebook.com/groups/584397217391365,2026-10-06T08:59:47.026009+00:00,779302477900837,source,2127,,negative,ai,ai_labeled,"Thất vọng vì không được đồng cảm, xin lỗi mang tính tự trách hoặc mỉa mai.",high,comment_only_no_parent_or_post_text
779362484561503,779167084581043,Chính xác khoá 2025 CN ĐPT là 880/ tín chỉ nhé b,ptit_group_584397217391365,https://www.facebook.com/groups/584397217391365,2026-10-06T08:59:47.311316+00:00,779362484561503,source,2128,,neutral,ai,ai_labeled,Đính chính mức học phí.,low,comment_only_no_parent_or_post_text
779365214561230,779167084581043,Tú Nguyễn à tui cảm ơn nhée,ptit_group_584397217391365,https://www.facebook.com/groups/584397217391365,2026-10-06T08:59:47.311316+00:00,779365214561230,source,2129,,positive,ai,ai_labeled,Bày tỏ cảm ơn.,low,comment_only_no_parent_or_post_text
780049084492843,779135441250874,"Thương quá, đi học mà các con vẫn phải lo lắng về học phí thế này. Mong NT điều chỉnh học phí cho các con đỡ khổ.",ptit_group_584397217391365,https://www.facebook.com/groups/584397217391365,2026-10-06T08:59:47.026009+00:00,780049084492843,source,2130,,negative,ai,ai_labeled,Xót xa sinh viên lo học phí và mong điều chỉnh.,medium,comment_only_no_parent_or_post_text
780156751148743,779135441250874,Học phí thời c đã từng có ý định tăng sau đó k tăng,ptit_group_584397217391365,https://www.facebook.com/groups/584397217391365,2026-10-06T08:59:47.026009+00:00,780156751148743,source,2131,,neutral,ai,ai_labeled,Kể từng dự kiến tăng phí nhưng không tăng.,low,comment_only_no_parent_or_post_text
780654647765620,780619127769172,Kb đi cùng ngành nè,ptit_group_584397217391365,https://www.facebook.com/groups/584397217391365,2026-10-06T08:59:47.952523+00:00,780654647765620,source,2132,,neutral,ai,ai_labeled,Rủ kết bạn cùng ngành.,low,comment_only_no_parent_or_post_text
781079774389774,780981414399610,Ngquen của t học hệ lk rikkeisoft bảo ctrinh này học ổn lắm nè thầy cô hổ trợ nhiệt tình có điều là học hơi nhiều hơi cực nhma đc lợi thế là đi thực tập sớm để tích lũy thêm nhiều kinh nghiệm.T đậu cntt của spkt nhma bỏ k xác nhận nhập học để qua hệ này học nè hệ này trừ học phí khá mắc ra thì phần còn lại quá ổn,ptit_group_584397217391365,https://www.facebook.com/groups/584397217391365,2026-10-06T08:59:47.388858+00:00,781079774389774,source,2133,,positive,ai,ai_labeled,"Khen chương trình và hỗ trợ, ưu thế tích cực dù chê phí cao và học cực.",medium,comment_only_no_parent_or_post_text
782718834225868,779135441250874,"Nếu tăng thì cx tăng ít ít th, đây tăng tận 15% thì những gia đình ở quê sao gánh nổi",ptit_group_584397217391365,https://www.facebook.com/groups/584397217391365,2026-10-06T08:59:47.026009+00:00,782718834225868,source,2134,,negative,ai,ai_labeled,Phàn nàn tăng mười lăm phần trăm khó gánh.,low,comment_only_no_parent_or_post_text
783749384122813,780981414399610,Ko phải tự dưng mà hệ này chỉ cần nộp học bạ mà đậu đâu em,ptit_group_584397217391365,https://www.facebook.com/groups/584397217391365,2026-10-06T08:59:47.388858+00:00,783749384122813,source,2135,,negative,ai,ai_labeled,"Ám chỉ chương trình dễ đậu vì có vấn đề, thiếu giải thích.",high,comment_only_no_parent_or_post_text
783754817455603,780981414399610,Người tham gia ẩn danh 820 nó nặng về cách học và học phí à tiền bối,ptit_group_584397217391365,https://www.facebook.com/groups/584397217391365,2026-10-06T08:59:47.388858+00:00,783754817455603,source,2136,,neutral,ai,ai_labeled,Hỏi chương trình nặng về học và phí không.,low,comment_only_no_parent_or_post_text
784078444089907,780981414399610,B học rikkei à,ptit_group_584397217391365,https://www.facebook.com/groups/584397217391365,2026-10-06T08:59:47.388858+00:00,784078444089907,source,2137,,neutral,ai,ai_labeled,Hỏi đang học chương trình nào.,low,comment_only_no_parent_or_post_text
784079500756468,780981414399610,Người tham gia ẩn danh 924 ko b mik mới hỏi thôi,ptit_group_584397217391365,https://www.facebook.com/groups/584397217391365,2026-10-06T08:59:47.388858+00:00,784079500756468,source,2138,,neutral,ai,ai_labeled,Trả lời mới tìm hiểu.,low,comment_only_no_parent_or_post_text
784080164089735,780981414399610,Người tham gia ẩn danh qtkd năm nay của rikkei mới mở á,ptit_group_584397217391365,https://www.facebook.com/groups/584397217391365,2026-10-06T08:59:47.388858+00:00,784080164089735,source,2139,,neutral,ai,ai_labeled,Thông tin ngành mới mở.,low,comment_only_no_parent_or_post_text
785073560657062,780981414399610,Có ac nào bên rikkei cho em hỏi về lộ trình với ạ,ptit_group_584397217391365,https://www.facebook.com/groups/584397217391365,2026-10-06T08:59:47.388858+00:00,785073560657062,source,2140,,neutral,ai,ai_labeled,Xin lộ trình học chương trình.,low,comment_only_no_parent_or_post_text
787852433423936,787769973432182,k thấy điểm danh:)) lớp t khi nào a Huy dạy thay mới điểm danh,ptit_2k5,https://www.facebook.com/groups/2k5ptit,2026-10-06T08:59:41.954569+00:00,787852433423936,source,2141,,neutral,ai,ai_labeled,Thông tin điểm danh theo người dạy.,low,comment_only_no_parent_or_post_text
787867626755750,787769973432182,Ngô Hoàng vào rì viu,ptit_2k5,https://www.facebook.com/groups/2k5ptit,2026-10-06T08:59:41.954569+00:00,787867626755750,source,2142,,neutral,ai,ai_labeled,Mời đưa nhận xét.,low,comment_only_no_parent_or_post_text
787870773422102,787769973432182,200+ thì mưa điểm 10,ptit_2k5,https://www.facebook.com/groups/2k5ptit,2026-10-06T08:59:41.954569+00:00,787870773422102,source,2143,,positive,ai,ai_labeled,Đánh giá luyện đủ bài sẽ dễ đạt điểm cao.,medium,comment_only_no_parent_or_post_text
787870973422082,787769973432182,Le Hiep thi thoảng thấy có với cả thầy gọi k thấy thì cũng bị tick nữa b ạ:)),ptit_2k5,https://www.facebook.com/groups/2k5ptit,2026-10-06T08:59:41.954569+00:00,787870973422082,source,2144,,neutral,ai,ai_labeled,Thông tin cách điểm danh.,low,comment_only_no_parent_or_post_text
787880403421139,787769973432182,200 bài full 10 r,ptit_2k5,https://www.facebook.com/groups/2k5ptit,2026-10-06T08:59:41.954569+00:00,787880403421139,source,2145,,neutral,ai,ai_labeled,Nêu số bài để đạt điểm đầy đủ.,low,comment_only_no_parent_or_post_text
787881130087733,787769973432182,Nguyễn Nghĩa idol,ptit_2k5,https://www.facebook.com/groups/2k5ptit,2026-10-06T08:59:41.954569+00:00,787881130087733,source,2146,,positive,ai,ai_labeled,"Gọi người hỗ trợ là idol, có thể trêu.",high,comment_only_no_parent_or_post_text
787883083420871,787769973432182,Đặng Quốc Khánh thật ạ,ptit_2k5,https://www.facebook.com/groups/2k5ptit,2026-10-06T08:59:41.954569+00:00,787883083420871,source,2147,,neutral,ai,ai_labeled,Hỏi thông tin có thật không.,low,comment_only_no_parent_or_post_text
787890486753464,787769973432182,Le Hiep ca nào z,ptit_2k5,https://www.facebook.com/groups/2k5ptit,2026-10-06T08:59:41.954569+00:00,787890486753464,source,2148,,neutral,ai,ai_labeled,Hỏi ca học.,low,comment_only_no_parent_or_post_text
787958276746685,787769973432182,sai đấy,ptit_2k5,https://www.facebook.com/groups/2k5ptit,2026-10-06T08:59:41.954569+00:00,787958276746685,source,2149,,negative,ai,ai_labeled,Đánh giá thông tin sai.,medium,comment_only_no_parent_or_post_text
788468083362371,787769973432182,Nguyễn Bá Hùng 2 cigaretes pls,ptit_2k5,https://www.facebook.com/groups/2k5ptit,2026-10-06T08:59:41.954569+00:00,788468083362371,source,2150,,neutral,ai,ai_labeled,"Yêu cầu thuốc lá, có thể đùa, không cảm xúc rõ.",high,comment_only_no_parent_or_post_text
788581360306282,788538133643938,hệ thường thì là 945k nhe,ptit_group_584397217391365,https://www.facebook.com/groups/584397217391365,2026-10-06T08:59:47.438682+00:00,788581360306282,source,2151,,neutral,ai,ai_labeled,Nêu mức học phí hệ thường.,low,comment_only_no_parent_or_post_text
789247336906351,789168253580926,Cứu e với mn,ptit_group_584397217391365,https://www.facebook.com/groups/584397217391365,2026-10-06T08:59:47.201621+00:00,789247336906351,source,2152,,neutral,ai,ai_labeled,Nhờ giúp đỡ.,medium,comment_only_no_parent_or_post_text
789250213572730,789168253580926,bạn vào đây xem nha,ptit_group_584397217391365,https://www.facebook.com/groups/584397217391365,2026-10-06T08:59:47.201621+00:00,789250213572730,source,2153,,neutral,ai,ai_labeled,Chỉ nơi xem thông tin.,low,comment_only_no_parent_or_post_text
789316636899421,789168253580926,Mai Linh dạ mình cảm ơn ạ,ptit_group_584397217391365,https://www.facebook.com/groups/584397217391365,2026-10-06T08:59:47.201621+00:00,789316636899421,source,2154,,positive,ai,ai_labeled,Bày tỏ cảm ơn.,low,comment_only_no_parent_or_post_text
791003143108865,790839679791878,Hnhu ko,ptit_2k5,https://www.facebook.com/groups/2k5ptit,2026-10-06T08:59:41.989035+00:00,791003143108865,source,2155,,neutral,ai,ai_labeled,Trả lời có vẻ không.,low,comment_only_no_parent_or_post_text
791388986692186,791382173359534,Ktx trai hay gái v b,ptit_group_584397217391365,https://www.facebook.com/groups/584397217391365,2026-10-06T08:59:47.226602+00:00,791388986692186,source,2156,,neutral,ai,ai_labeled,Hỏi ký túc xá nam hay nữ.,low,comment_only_no_parent_or_post_text
791390066692078,791382173359534,Khả năng con vợ quê 36,ptit_group_584397217391365,https://www.facebook.com/groups/584397217391365,2026-10-06T08:59:47.226602+00:00,791390066692078,source,2157,,neutral,ai,ai_labeled,Đoán quê người khác bằng cách nói đùa.,high,comment_only_no_parent_or_post_text
791390160025402,791382173359534,"Người tham gia ẩn danh 313 trai b ạ, chắc mỗi ng một vùng nên k hoà nhập đc =))",ptit_group_584397217391365,https://www.facebook.com/groups/584397217391365,2026-10-06T08:59:47.226602+00:00,791390160025402,source,2158,,negative,ai,ai_labeled,Nói khó hòa nhập vì khác vùng.,medium,comment_only_no_parent_or_post_text
791392173358534,791382173359534,Người tham gia ẩn danh 610 mình ở HN còn phòng mình thì có vài bạn Thanh Hoá với Nam Định,ptit_group_584397217391365,https://www.facebook.com/groups/584397217391365,2026-10-06T08:59:47.226602+00:00,791392173358534,source,2159,,neutral,ai,ai_labeled,Mô tả nơi ở và quê bạn cùng phòng.,low,comment_only_no_parent_or_post_text
791393100025108,791382173359534,Người tham gia ẩn danh HN mà cũng đăng ký được ở ktx à,ptit_group_584397217391365,https://www.facebook.com/groups/584397217391365,2026-10-06T08:59:47.226602+00:00,791393100025108,source,2160,,neutral,ai,ai_labeled,Hỏi điều kiện đăng ký ký túc xá.,low,comment_only_no_parent_or_post_text
791394923358259,791382173359534,Ngô Thanh Thuỷ mình sống ở HN th còn quê Thái Bình,ptit_group_584397217391365,https://www.facebook.com/groups/584397217391365,2026-10-06T08:59:47.226602+00:00,791394923358259,source,2161,,neutral,ai,ai_labeled,Đính chính nơi sống và quê.,low,comment_only_no_parent_or_post_text
791397846691300,790645486766536,bên ngoài nhe,ptit_group_584397217391365,https://www.facebook.com/groups/584397217391365,2026-10-06T08:59:47.250572+00:00,791397846691300,source,2162,,neutral,ai,ai_labeled,Chỉ vị trí bên ngoài.,low,comment_only_no_parent_or_post_text
791402890024129,791382173359534,Ra quán bia 1 bữa là thân nhau mà b,ptit_group_584397217391365,https://www.facebook.com/groups/584397217391365,2026-10-06T08:59:47.226602+00:00,791402890024129,source,2163,,positive,ai,ai_labeled,Trấn an có thể thân nhau qua giao lưu.,medium,comment_only_no_parent_or_post_text
791407830023635,791382173359534,Người tham gia ẩn danh quê hưng yên,ptit_group_584397217391365,https://www.facebook.com/groups/584397217391365,2026-10-06T08:59:47.226602+00:00,791407830023635,source,2164,,neutral,ai,ai_labeled,"Nêu quê quán, không có đánh giá cảm xúc.",low,comment_only_no_parent_or_post_text
791413006689784,791382173359534,Vào trúng phòng nhiều ng hướng nội r =)),ptit_group_584397217391365,https://www.facebook.com/groups/584397217391365,2026-10-06T08:59:47.226602+00:00,791413006689784,source,2165,,neutral,ai,ai_labeled,Giải thích phòng có nhiều người hướng nội.,medium,comment_only_no_parent_or_post_text
791414016689683,791382173359534,Đợi vài hôm là hoà nhập,ptit_group_584397217391365,https://www.facebook.com/groups/584397217391365,2026-10-06T08:59:47.226602+00:00,791414016689683,source,2166,,positive,ai,ai_labeled,Trấn an sẽ hòa nhập sau vài hôm.,medium,comment_only_no_parent_or_post_text
791416190022799,791382173359534,cho tui hỏi là ktx b2 có trong trg không hay ở chỗ khác z mai dọn vào r mà h chưa bt nó chỗ nào luôn,ptit_group_584397217391365,https://www.facebook.com/groups/584397217391365,2026-10-06T08:59:47.226602+00:00,791416190022799,source,2167,,neutral,ai,ai_labeled,Hỏi vị trí ký túc xá trước khi dọn vào.,low,comment_only_no_parent_or_post_text
791416693356082,791382173359534,"Nguyệt Anh Mun 
 khó ạ, đến chào nhau còn k thèm thì hơi căng",ptit_group_584397217391365,https://www.facebook.com/groups/584397217391365,2026-10-06T08:59:47.226602+00:00,791416693356082,source,2168,,negative,ai,ai_labeled,Than người cùng phòng không chào nhau.,low,comment_only_no_parent_or_post_text
791417000022718,791382173359534,"Tú Nguyễn ở ngoài trường chỗ cổng sau trường nhé, mà cổng sau chả bao h mở nên xđ đi bộ hơi dài đấy",ptit_group_584397217391365,https://www.facebook.com/groups/584397217391365,2026-10-06T08:59:47.226602+00:00,791417000022718,source,2169,,negative,ai,ai_labeled,Phàn nàn cổng sau không mở và đi bộ dài.,medium,comment_only_no_parent_or_post_text
791428626688222,791382173359534,Người tham gia ẩn danh khó thì mạnh ai ng nấy sống thôi e,ptit_group_584397217391365,https://www.facebook.com/groups/584397217391365,2026-10-06T08:59:47.226602+00:00,791428626688222,source,2170,,neutral,ai,ai_labeled,Khuyên sống độc lập nếu khó hòa nhập.,medium,comment_only_no_parent_or_post_text
791444340019984,791382173359534,Khánh Linh Phương Mai Ha Ngoc ai lại ồn như phòng mình =)),ptit_group_584397217391365,https://www.facebook.com/groups/584397217391365,2026-10-06T08:59:47.226602+00:00,791444340019984,source,2171,,negative,ai,ai_labeled,"Nhận xét phòng ồn, có thể trêu.",high,comment_only_no_parent_or_post_text
791444816686603,791382173359534,Hoa Pham may có cách âm k lại ngại hết cả phòng,ptit_group_584397217391365,https://www.facebook.com/groups/584397217391365,2026-10-06T08:59:47.226602+00:00,791444816686603,source,2172,,positive,ai,ai_labeled,Mừng có cách âm để tránh ngại.,medium,comment_only_no_parent_or_post_text
791460856684999,791382173359534,phòng mình thì như chợ,ptit_group_584397217391365,https://www.facebook.com/groups/584397217391365,2026-10-06T08:59:47.226602+00:00,791460856684999,source,2173,,negative,ai,ai_labeled,Ví phòng như chợ để nói ồn.,medium,comment_only_no_parent_or_post_text
791484890015929,791382173359534,Hoa Pham tôi 0 ồn,ptit_group_584397217391365,https://www.facebook.com/groups/584397217391365,2026-10-06T08:59:47.226602+00:00,791484890015929,source,2174,,neutral,ai,ai_labeled,Phủ nhận mình gây ồn.,low,comment_only_no_parent_or_post_text
791485033349248,791382173359534,Hoa Pham mình 0 cùng phòng b này b nhận lộn r ạ,ptit_group_584397217391365,https://www.facebook.com/groups/584397217391365,2026-10-06T08:59:47.226602+00:00,791485033349248,source,2175,,neutral,ai,ai_labeled,Đính chính không cùng phòng.,low,comment_only_no_parent_or_post_text
791511480013270,791382173359534,"Người tham gia ẩn danh thanh hoá mà, bảo sao",ptit_group_584397217391365,https://www.facebook.com/groups/584397217391365,2026-10-06T08:59:47.226602+00:00,791511480013270,source,2176,,negative,ai,ai_labeled,Quy kết theo quê quán mang sắc thái chê.,high,comment_only_no_parent_or_post_text
791530013344750,791382173359534,Người tham gia ẩn danh rủ game đi :)),ptit_group_584397217391365,https://www.facebook.com/groups/584397217391365,2026-10-06T08:59:47.226602+00:00,791530013344750,source,2177,,neutral,ai,ai_labeled,Gợi ý rủ chơi game.,low,comment_only_no_parent_or_post_text
791578386673246,791382173359534,Hoa Pham phòng này k nói cũng phải nóii,ptit_group_584397217391365,https://www.facebook.com/groups/584397217391365,2026-10-06T08:59:47.226602+00:00,791578386673246,source,2178,,neutral,ai,ai_labeled,Mô tả phòng khiến người ít nói cũng nói.,medium,comment_only_no_parent_or_post_text
797602406070844,797563636074721,cuối kì bí quá thì rủ nhau đi hiến máu,ptit_group_584397217391365,https://www.facebook.com/groups/584397217391365,2026-10-06T08:59:47.521016+00:00,797602406070844,source,2181,,neutral,ai,ai_labeled,Gợi ý hiến máu để đủ điểm rèn luyện.,low,comment_only_no_parent_or_post_text
797637252734026,797563636074721,"Đi học là điểm cc nha, không cộng gì đrl hết. Đi đủ thang điểm sk, làm cán bộ lớp thì dễ hơn",ptit_group_584397217391365,https://www.facebook.com/groups/584397217391365,2026-10-06T08:59:47.521016+00:00,797637252734026,source,2182,,neutral,ai,ai_labeled,Giải thích điểm chuyên cần và rèn luyện.,low,comment_only_no_parent_or_post_text
797800949384323,797563636074721,Tiên nữ.. sự khác nhau giữa hai điểm này là gì v ạ,ptit_group_584397217391365,https://www.facebook.com/groups/584397217391365,2026-10-06T08:59:47.521016+00:00,797800949384323,source,2183,,neutral,ai,ai_labeled,Hỏi sự khác nhau giữa hai loại điểm.,low,comment_only_no_parent_or_post_text
797842146046870,797563636074721,"Người tham gia ẩn danh cc là điểm của từng môn đó em, là 1 phần để tính tổng kết gpa môn. Còn đrl như hạnh kiểm đó, k đi sk nào thì đc tầm 75, k đủ xét học bổng. K có mục tiêu hb thì đrl vậy là đủ r",ptit_group_584397217391365,https://www.facebook.com/groups/584397217391365,2026-10-06T08:59:47.521016+00:00,797842146046870,source,2184,,neutral,ai,ai_labeled,Giải thích cách tính điểm và điều kiện học bổng.,low,comment_only_no_parent_or_post_text
798245596006525,797563636074721,"Người tham gia ẩn danh chú thích thêm điểm cc là điểm chuyên cần, sk là sự kiện",ptit_group_584397217391365,https://www.facebook.com/groups/584397217391365,2026-10-06T08:59:47.521016+00:00,798245596006525,source,2185,,neutral,ai,ai_labeled,Giải thích chữ viết tắt.,low,comment_only_no_parent_or_post_text
799835832514168,797563636074721,Tiên nữ.. tầm bn là đủ xét học bổng ạ,ptit_group_584397217391365,https://www.facebook.com/groups/584397217391365,2026-10-06T08:59:47.521016+00:00,799835832514168,source,2186,,neutral,ai,ai_labeled,Hỏi điểm xét học bổng.,low,comment_only_no_parent_or_post_text
799899092507842,797563636074721,Người tham gia ẩn danh 243 hiến máu dc + bnh đrl v ạ,ptit_group_584397217391365,https://www.facebook.com/groups/584397217391365,2026-10-06T08:59:47.521016+00:00,799899092507842,source,2187,,neutral,ai,ai_labeled,Hỏi điểm cộng hiến máu.,low,comment_only_no_parent_or_post_text
805015741707605,804956135046899,sống vội thế bạn =)),ptit_2k5,https://www.facebook.com/groups/2k5ptit,2026-10-06T08:59:43.363645+00:00,805015741707605,source,2188,,negative,ai,ai_labeled,"Chê sống vội, có thể trêu.",high,comment_only_no_parent_or_post_text
805016138374232,804956135046899,Tùy ngành nữa bạn chứ gặp bọn IT chúng nó vả phát một,ptit_2k5,https://www.facebook.com/groups/2k5ptit,2026-10-06T08:59:43.364153+00:00,805016138374232,source,2189,,neutral,ai,ai_labeled,"Nói cạnh tranh tùy ngành, dùng hình ảnh đùa.",high,comment_only_no_parent_or_post_text
805019031707276,804956135046899,Đợi đi,ptit_2k5,https://www.facebook.com/groups/2k5ptit,2026-10-06T08:59:43.364153+00:00,805019031707276,source,2190,,neutral,ai,ai_labeled,Khuyên đợi.,low,comment_only_no_parent_or_post_text
805024281706751,804956135046899,Trần Văn Dậu có phải anh it tên hậu đko anh,ptit_2k5,https://www.facebook.com/groups/2k5ptit,2026-10-06T08:59:43.364153+00:00,805024281706751,source,2191,,neutral,ai,ai_labeled,Hỏi xác nhận người trong ngành.,low,comment_only_no_parent_or_post_text
805029665039546,804956135046899,Chắc mail ch đến th,ptit_2k5,https://www.facebook.com/groups/2k5ptit,2026-10-06T08:59:43.364153+00:00,805029665039546,source,2192,,neutral,ai,ai_labeled,Suy đoán email chưa tới.,low,comment_only_no_parent_or_post_text
805037525038760,804956135046899,Duy tutu thoi đừng vội,ptit_2k5,https://www.facebook.com/groups/2k5ptit,2026-10-06T08:59:43.364153+00:00,805037525038760,source,2193,,neutral,ai,ai_labeled,Nhắc từ từ đừng vội.,low,comment_only_no_parent_or_post_text
805038775038635,804956135046899,đúng rồi á >3.6 nha em,ptit_2k5,https://www.facebook.com/groups/2k5ptit,2026-10-06T08:59:43.364153+00:00,805038775038635,source,2194,,neutral,ai,ai_labeled,Xác nhận ngưỡng điểm.,low,comment_only_no_parent_or_post_text
805042845038228,804956135046899,Nguyễn Lệ Quyên lại là Duy à,ptit_2k5,https://www.facebook.com/groups/2k5ptit,2026-10-06T08:59:43.364153+00:00,805042845038228,source,2197,,neutral,ai,ai_labeled,Hỏi nhận diện người.,low,comment_only_no_parent_or_post_text
805043681704811,804956135046899,Chắc chờ thêm,ptit_2k5,https://www.facebook.com/groups/2k5ptit,2026-10-06T08:59:43.364153+00:00,805043681704811,source,2198,,neutral,ai,ai_labeled,Khuyên chờ thêm.,low,comment_only_no_parent_or_post_text
805043981704781,804956135046899,"Chill đi em, ngành gửi sớm ngành gửi muộn đó",ptit_2k5,https://www.facebook.com/groups/2k5ptit,2026-10-06T08:59:43.364153+00:00,805043981704781,source,2199,,positive,ai,ai_labeled,Trấn an thư giãn vì thời gian gửi khác nhau.,medium,comment_only_no_parent_or_post_text
805048825037630,804956135046899,Trần Văn Dậu cụ thể là a vả dko a,ptit_2k5,https://www.facebook.com/groups/2k5ptit,2026-10-06T08:59:43.364153+00:00,805048825037630,source,2200,,neutral,ai,ai_labeled,"Hỏi ai cạnh tranh điểm cao, có tính trêu.",high,comment_only_no_parent_or_post_text
805058385036674,804956135046899,Khánh An tớ cũng khong biết nữa,ptit_2k5,https://www.facebook.com/groups/2k5ptit,2026-10-06T08:59:43.364153+00:00,805058385036674,source,2201,,neutral,ai,ai_labeled,Nói không biết.,low,comment_only_no_parent_or_post_text
805094701699709,804956135046899,Nguyễn Thục.Anh bình tĩnh đi e,ptit_2k5,https://www.facebook.com/groups/2k5ptit,2026-10-06T08:59:43.364153+00:00,805094701699709,source,2202,,positive,ai,ai_labeled,Trấn an bình tĩnh.,medium,comment_only_no_parent_or_post_text
805095801699599,804956135046899,Nguyễn Yến cô nàng thư giãn,ptit_2k5,https://www.facebook.com/groups/2k5ptit,2026-10-06T08:59:43.364153+00:00,805095801699599,source,2203,,neutral,ai,ai_labeled,"Nhắc người đang thư giãn, chưa đánh giá rõ.",high,comment_only_no_parent_or_post_text
805303158345530,804956135046899,Trần Văn Dậu m vả à,ptit_2k5,https://www.facebook.com/groups/2k5ptit,2026-10-06T08:59:43.364153+00:00,805303158345530,source,2204,,neutral,ai,ai_labeled,Hỏi người đối thoại có cạnh tranh không.,high,comment_only_no_parent_or_post_text
805305741678605,804956135046899,Nguyễn Thành Trung m như 2 thằng kia,ptit_2k5,https://www.facebook.com/groups/2k5ptit,2026-10-06T08:59:43.364153+00:00,805305741678605,source,2205,,neutral,ai,ai_labeled,"So sánh người với hai bạn khác, thiếu đánh giá rõ.",high,comment_only_no_parent_or_post_text
805306011678578,804956135046899,Trần Văn Dậu sợ thế sợ thế,ptit_2k5,https://www.facebook.com/groups/2k5ptit,2026-10-06T08:59:43.364153+00:00,805306011678578,source,2206,,negative,ai,ai_labeled,"Bày tỏ sợ, có thể trêu.",high,comment_only_no_parent_or_post_text
805608734981639,804956135046899,Nguyễn Thành Trung thằng Dậu mà vả thì 2 phát một,ptit_2k5,https://www.facebook.com/groups/2k5ptit,2026-10-06T08:59:43.364153+00:00,805608734981639,source,2207,,neutral,ai,ai_labeled,Nói năng lực cạnh tranh bằng giọng đùa.,high,comment_only_no_parent_or_post_text
806168724925640,804956135046899,Bảo Thu vuốt mặt k kịp với bọn ni chị à,ptit_2k5,https://www.facebook.com/groups/2k5ptit,2026-10-06T08:59:43.364153+00:00,806168724925640,source,2209,,negative,ai,ai_labeled,Than không theo kịp các bạn.,high,comment_only_no_parent_or_post_text
806172451591934,804956135046899,Nguyễn Thục.Anh chi ni khiêm tốn quá ha,ptit_2k5,https://www.facebook.com/groups/2k5ptit,2026-10-06T08:59:43.364153+00:00,806172451591934,source,2210,,positive,ai,ai_labeled,"Khen khiêm tốn, có thể nói ngược.",high,comment_only_no_parent_or_post_text
807200355111049,807194668444951,Đúng đó cho một lời giải thích,ptit_group_584397217391365,https://www.facebook.com/groups/584397217391365,2026-10-06T08:59:47.339313+00:00,807200355111049,source,2211,,negative,ai,ai_labeled,Đòi lời giải thích thể hiện không hài lòng.,medium,comment_only_no_parent_or_post_text
807226768441741,807194668444951,em xem trên web trc nha trường mik học môn trc môn sau chứ k có học 1 lúc đâu,ptit_group_584397217391365,https://www.facebook.com/groups/584397217391365,2026-10-06T08:59:47.339313+00:00,807226768441741,source,2212,,neutral,ai,ai_labeled,Giải thích trường học môn trước sau.,low,comment_only_no_parent_or_post_text
807306478433770,807194668444951,Pê tít lên tiếng đi,ptit_group_584397217391365,https://www.facebook.com/groups/584397217391365,2026-10-06T08:59:47.339313+00:00,807306478433770,source,2213,,negative,ai,ai_labeled,"Yêu cầu trường lên tiếng, thể hiện bất mãn.",medium,comment_only_no_parent_or_post_text
807311538433264,807194668444951,Quỳnh Chi sự tức giận của các bá tước,ptit_group_584397217391365,https://www.facebook.com/groups/584397217391365,2026-10-06T08:59:47.339313+00:00,807311538433264,source,2214,,negative,ai,ai_labeled,Nêu sự tức giận.,medium,comment_only_no_parent_or_post_text
807825425048542,807194668444951,Mạnh Hùng đọc đọc,ptit_group_584397217391365,https://www.facebook.com/groups/584397217391365,2026-10-06T08:59:47.339313+00:00,807825425048542,source,2215,,neutral,ai,ai_labeled,Nhắc đọc.,low,comment_only_no_parent_or_post_text
807833508381067,807194668444951,"Người tham gia ẩn danh 569 chủ tus cx nói là chỉ đc học Toán với TA thôi mà, học môn trc môn sau thì cx ko thể chỉ học mỗi 2 môn như thế này chứ",ptit_group_584397217391365,https://www.facebook.com/groups/584397217391365,2026-10-06T08:59:47.339313+00:00,807833508381067,source,2216,,negative,ai,ai_labeled,Phản đối việc chỉ học hai môn.,medium,comment_only_no_parent_or_post_text
809322224898862,807194668444951,Lại Nguyễn Quỳnh Chi lớp b à,ptit_group_584397217391365,https://www.facebook.com/groups/584397217391365,2026-10-06T08:59:47.339313+00:00,809322224898862,source,2217,,neutral,ai,ai_labeled,Hỏi có phải lớp bạn không.,low,comment_only_no_parent_or_post_text
810158771481874,809821661515585,"cả kiến thức bên ngoài nữa b:))) trc mình chỉ học trong giáo trình, đi thi đề nó còn rộng hơn nữa cơ",ptit_group_584397217391365,https://www.facebook.com/groups/584397217391365,2026-10-06T08:59:47.608036+00:00,810158771481874,source,2218,,neutral,ai,ai_labeled,Thông tin đề rộng hơn giáo trình.,low,comment_only_no_parent_or_post_text
812307120978467,812207144321798,Cậu thử tìm kiếm Triết trên nhóm xem nó ra mấy bài liên quan đấy. Trước học năm nhất tớ thấy mn đăng nhiều í,ptit_2k5,https://www.facebook.com/groups/2k5ptit,2026-10-06T08:59:42.089600+00:00,812307120978467,source,2237,,neutral,ai,ai_labeled,Hướng dẫn tìm tài liệu trong nhóm.,low,comment_only_no_parent_or_post_text
812318407644005,812207144321798,chương 1: https://azota.vn/de-thi/4th9xo,ptit_2k5,https://www.facebook.com/groups/2k5ptit,2026-10-06T08:59:42.089600+00:00,812318407644005,source,2239,,neutral,ai,ai_labeled,Chia sẻ nguồn tài liệu chương một.,low,comment_only_no_parent_or_post_text
814717417404104,814713644071148,Phương Nam 2k5 bắt đầu hiểu được 3 từ nền văn minh rồi :))),ptit_2k5,https://www.facebook.com/groups/2k5ptit,2026-10-06T08:59:43.344397+00:00,814717417404104,source,2270,,neutral,ai,ai_labeled,"Nhắc hiểu cách ví giảng viên, chưa có đánh giá rõ.",high,comment_only_no_parent_or_post_text
814718387404007,814713644071148,Có 1 yếu tố khách quan là đi thi toeic lấy cái bằng đổi béng cái course tiếng anh đi nhé,ptit_2k5,https://www.facebook.com/groups/2k5ptit,2026-10-06T08:59:43.344397+00:00,814718387404007,source,2271,,neutral,ai,ai_labeled,Khuyên thi chứng chỉ để đổi môn tiếng Anh.,low,comment_only_no_parent_or_post_text
814718407404005,814713644071148,thấm thía :)),ptit_2k5,https://www.facebook.com/groups/2k5ptit,2026-10-06T08:59:43.344397+00:00,814718407404005,source,2272,,negative,ai,ai_labeled,Nói thấm thía kinh nghiệm khó chịu dù cười.,medium,comment_only_no_parent_or_post_text
814718674070645,814713644071148,Hiệu ứng tạo drama à Phương Nam,ptit_2k5,https://www.facebook.com/groups/2k5ptit,2026-10-06T08:59:43.344397+00:00,814718674070645,source,2273,,negative,ai,ai_labeled,"Chất vấn tạo tranh cãi, có thể đùa.",high,comment_only_no_parent_or_post_text
814720230737156,814713644071148,Chuẩn quá. Đăng Hải idol này không học gì vẫn A tthcm đây,ptit_2k5,https://www.facebook.com/groups/2k5ptit,2026-10-06T08:59:43.344397+00:00,814720230737156,source,2274,,positive,ai,ai_labeled,"Đồng tình và khen người đạt A, có thể trêu.",high,comment_only_no_parent_or_post_text
814721967403649,814713644071148,đọc xong vẫn đ hiểu bài viết muốn truyền tải cái gì,ptit_2k5,https://www.facebook.com/groups/2k5ptit,2026-10-06T08:59:43.344397+00:00,814721967403649,source,2275,,negative,ai,ai_labeled,Phàn nàn không hiểu bài muốn truyền tải gì.,low,comment_only_no_parent_or_post_text
814722894070223,814713644071148,Nguyễn Tùng Dương tội bạn quá,ptit_2k5,https://www.facebook.com/groups/2k5ptit,2026-10-06T08:59:43.344397+00:00,814722894070223,source,2276,,negative,ai,ai_labeled,Bày tỏ thương người gặp khó.,medium,comment_only_no_parent_or_post_text
814722964070216,814713644071148,Mai Hoa Nguyễn Phương Thảo không hi vọng gì nên đi làm thành ra cuối tổng vẫn hơn tiền học bổng,ptit_2k5,https://www.facebook.com/groups/2k5ptit,2026-10-06T08:59:43.344397+00:00,814722964070216,source,2277,,negative,ai,ai_labeled,Nói không còn hi vọng học bổng dù kiếm tiền hơn.,medium,comment_only_no_parent_or_post_text
814723097403536,814713644071148,Ngô Hoàng học đi bro,ptit_2k5,https://www.facebook.com/groups/2k5ptit,2026-10-06T08:59:43.344397+00:00,814723097403536,source,2278,,neutral,ai,ai_labeled,Nhắc học.,low,comment_only_no_parent_or_post_text
814724654070047,814713644071148,Nguyễn Viết Nam mới 1 lần chưa thấm lắm,ptit_2k5,https://www.facebook.com/groups/2k5ptit,2026-10-06T08:59:43.344397+00:00,814724654070047,source,2279,,neutral,ai,ai_labeled,Nói trải nghiệm một lần chưa đủ hiểu.,high,comment_only_no_parent_or_post_text
814724690736710,814713644071148,Ngô Hoàng làm đĩ thôi học làm j,ptit_2k5,https://www.facebook.com/groups/2k5ptit,2026-10-06T08:59:43.344397+00:00,814724690736710,source,2280,,negative,ai,ai_labeled,Mỉa mai việc học vô ích bằng lời tục.,high,comment_only_no_parent_or_post_text
814725690736610,814713644071148,Phạm Đức Tuấn tự nhiên thấy giống ai đó,ptit_2k5,https://www.facebook.com/groups/2k5ptit,2026-10-06T08:59:43.344397+00:00,814725690736610,source,2281,,neutral,ai,ai_labeled,Nói thấy giống người quen.,medium,comment_only_no_parent_or_post_text
814729510736228,814713644071148,Đoàn Nữ Minh Khuê giống 2 idol t Hồng QuânNguyễn Nghĩa kì này ẵm chặt,ptit_2k5,https://www.facebook.com/groups/2k5ptit,2026-10-06T08:59:43.344397+00:00,814729510736228,source,2282,,positive,ai,ai_labeled,Gọi idol và dự đoán thành tích tốt.,high,comment_only_no_parent_or_post_text
814730430736136,814713644071148,Phạm Đức Tuấn ai ẵm :))),ptit_2k5,https://www.facebook.com/groups/2k5ptit,2026-10-06T08:59:43.344397+00:00,814730430736136,source,2283,,neutral,ai,ai_labeled,Hỏi ai đạt thành tích.,low,comment_only_no_parent_or_post_text
814731040736075,814713644071148,Phạm Đức Tuấn sống qua 3 môn còn lại ko đã:)),ptit_2k5,https://www.facebook.com/groups/2k5ptit,2026-10-06T08:59:43.345384+00:00,814731040736075,source,2284,,negative,ai,ai_labeled,Lo còn qua nổi ba môn không.,high,comment_only_no_parent_or_post_text
814731144069398,814713644071148,"Nguyễn Văn Nhất 2 nền văn minh một bên 4 câu 8 điểm, một bên 4 câu 9 điểm =)))",ptit_2k5,https://www.facebook.com/groups/2k5ptit,2026-10-06T08:59:43.344397+00:00,814731144069398,source,2285,,neutral,ai,ai_labeled,So sánh cách chấm điểm hai bên.,high,comment_only_no_parent_or_post_text
814773514065161,814713644071148,Hồng Quân idol t kì này trên 3.6 gpa,ptit_2k5,https://www.facebook.com/groups/2k5ptit,2026-10-06T08:59:43.345384+00:00,814773514065161,source,2286,,positive,ai,ai_labeled,Khen idol có GPA cao.,medium,comment_only_no_parent_or_post_text
814776780731501,814713644071148,Phạm Đức Tuấn idol Nguyễn Nghĩa à,ptit_2k5,https://www.facebook.com/groups/2k5ptit,2026-10-06T08:59:43.345384+00:00,814776780731501,source,2287,,positive,ai,ai_labeled,Gọi idol với sắc thái ngưỡng mộ hoặc trêu.,high,comment_only_no_parent_or_post_text
814777034064809,814713644071148,Hồng Quân mịa cm đừng mỉa mai t,ptit_2k5,https://www.facebook.com/groups/2k5ptit,2026-10-06T08:59:43.345384+00:00,814777034064809,source,2288,,negative,ai,ai_labeled,Bực vì bị mỉa mai.,medium,comment_only_no_parent_or_post_text
814795257396320,814713644071148,Ngô Hoàng người trên đỉnh làm sao hiểu đc,ptit_2k5,https://www.facebook.com/groups/2k5ptit,2026-10-06T08:59:43.344397+00:00,814795257396320,source,2289,,negative,ai,ai_labeled,Chê người thành tích cao không hiểu người khác.,high,comment_only_no_parent_or_post_text
814795984062914,814713644071148,Bùi Trang e cx k hiểu,ptit_2k5,https://www.facebook.com/groups/2k5ptit,2026-10-06T08:59:43.344397+00:00,814795984062914,source,2290,,neutral,ai,ai_labeled,Nói cũng không hiểu.,low,comment_only_no_parent_or_post_text
814799110729268,814713644071148,Phạm Sơn vậy e cũng ở đỉnh><,ptit_2k5,https://www.facebook.com/groups/2k5ptit,2026-10-06T08:59:43.344397+00:00,814799110729268,source,2291,,neutral,ai,ai_labeled,Suy ra thuộc nhóm giỏi bằng giọng đùa.,high,comment_only_no_parent_or_post_text
814799820729197,814713644071148,Bùi Trang e ở đáy :))) nên k có hiểu sự cố gắng chứ k ở đỉnh như e Hoàng,ptit_2k5,https://www.facebook.com/groups/2k5ptit,2026-10-06T08:59:43.344397+00:00,814799820729197,source,2292,,negative,ai,ai_labeled,Tự nhận ở đáy và mỉa mai người ở đỉnh.,high,comment_only_no_parent_or_post_text
814849487390897,814713644071148,Nguyễn Nghĩa? idol bảo anh em mỉa mai kìa Hồng Quân,ptit_2k5,https://www.facebook.com/groups/2k5ptit,2026-10-06T08:59:43.345384+00:00,814849487390897,source,2293,,neutral,ai,ai_labeled,Thuật lại lời nói bị mỉa mai.,high,comment_only_no_parent_or_post_text
814955397380306,814887730720406,Xin vía,ptit_2k5,https://www.facebook.com/groups/2k5ptit,2026-10-06T08:59:43.354524+00:00,814955397380306,source,2294,,positive,ai,ai_labeled,Xin vía kết quả tốt.,medium,comment_only_no_parent_or_post_text
814955794046933,814887730720406,"chà=))), sáng mở mắt ra đọc được bài mát lòng mát dạ quá",ptit_2k5,https://www.facebook.com/groups/2k5ptit,2026-10-06T08:59:43.354524+00:00,814955794046933,source,2295,,positive,ai,ai_labeled,"Nói đọc bài mát lòng mát dạ, có thể mỉa mai.",high,comment_only_no_parent_or_post_text
814961827379663,814887730720406,"Nghe vẻ phức tạp quá 
, trình bày suy nghĩ tốt đấy bạn. Chúc bạn thành công khi nghĩ được như này!",ptit_2k5,https://www.facebook.com/groups/2k5ptit,2026-10-06T08:59:43.354524+00:00,814961827379663,source,2296,,positive,ai,ai_labeled,"Khen trình bày tốt và chúc thành công, cần kiểm tra ý nói ngược.",high,comment_only_no_parent_or_post_text
814968530712326,814887730720406,nói hay đấy nhưng tại sao phải ẩn danh nhỉ,ptit_2k5,https://www.facebook.com/groups/2k5ptit,2026-10-06T08:59:43.354524+00:00,814968530712326,source,2297,,positive,ai,ai_labeled,Khen nói hay rồi hỏi lý do ẩn danh.,medium,comment_only_no_parent_or_post_text
814969840712195,814887730720406,Sáng ra phải đọc được mấy bài như này chứ,ptit_2k5,https://www.facebook.com/groups/2k5ptit,2026-10-06T08:59:43.355539+00:00,814969840712195,source,2298,,positive,ai,ai_labeled,"Ủng hộ đọc các bài như vậy, có thể trêu.",high,comment_only_no_parent_or_post_text
814972117378634,814887730720406,"Hoàng Thái vì mình nói với thiện chí giúp đỡ mọi người chứ k phải để thể hiện, để tạo drama bạn ạ 
 còn nếu bạn muốn bt mình là ai thì mình cũng k ngại public đâu",ptit_2k5,https://www.facebook.com/groups/2k5ptit,2026-10-06T08:59:43.354524+00:00,814972117378634,source,2299,,neutral,ai,ai_labeled,Giải thích mục đích chia sẻ và lựa chọn ẩn danh.,low,comment_only_no_parent_or_post_text
814978260711353,814887730720406,Đọc được cái bài viết ưng ý vải(´ ∀ `),ptit_2k5,https://www.facebook.com/groups/2k5ptit,2026-10-06T08:59:43.355539+00:00,814978260711353,source,2300,,positive,ai,ai_labeled,Nói bài viết rất ưng ý.,low,comment_only_no_parent_or_post_text
814978684044644,814887730720406,"Hoàng Thái ẩn danh thì sao bạn nhỉ, hay lí luận của ngta bạn không bẻ được nên phải công kích cá nhân?",ptit_2k5,https://www.facebook.com/groups/2k5ptit,2026-10-06T08:59:43.354524+00:00,814978684044644,source,2301,,negative,ai,ai_labeled,Chất vấn và trách công kích cá nhân.,low,comment_only_no_parent_or_post_text
814981267377719,814887730720406,Ngân Mai nha via,ptit_2k5,https://www.facebook.com/groups/2k5ptit,2026-10-06T08:59:43.354524+00:00,814981267377719,source,2302,,positive,ai,ai_labeled,Nhả vía chúc đạt kết quả tốt.,medium,comment_only_no_parent_or_post_text
814984854044027,814887730720406,"Thành công bằng thực lực chứ cần j mấy cái 0.1 kia, thư giãn đi mấy fen",ptit_2k5,https://www.facebook.com/groups/2k5ptit,2026-10-06T08:59:43.355539+00:00,814984854044027,source,2303,,positive,ai,ai_labeled,Ủng hộ thực lực và động viên thư giãn.,medium,comment_only_no_parent_or_post_text
814991977376648,814887730720406,"Trần Nguyệt Sáng ra đọc được bài hợp mindset quá nè, 10đ",ptit_2k5,https://www.facebook.com/groups/2k5ptit,2026-10-06T08:59:43.355539+00:00,814991977376648,source,2304,,positive,ai,ai_labeled,Khen bài hợp suy nghĩ và chấm mười điểm.,low,comment_only_no_parent_or_post_text
814997830709396,814887730720406,"Nguyễn Hữu Việt thứ nhất, mình k công kích 1 cá nhân nào cả, vì mình chẳng có lí do gì phải làm vậy. Thứ hai, mình k có hỏi bạn nên là k cần bạn phải trả lời hộ.",ptit_2k5,https://www.facebook.com/groups/2k5ptit,2026-10-06T08:59:43.354524+00:00,814997830709396,source,2305,,negative,ai,ai_labeled,Phản bác và yêu cầu người khác không trả lời hộ.,medium,comment_only_no_parent_or_post_text
814998147376031,814887730720406,Người tham gia ẩn danh thể hiện thì nó đâu có liên quan gì tới việc ẩn danh hay là k,ptit_2k5,https://www.facebook.com/groups/2k5ptit,2026-10-06T08:59:43.354524+00:00,814998147376031,source,2306,,neutral,ai,ai_labeled,Lập luận ẩn danh không liên quan thể hiện.,medium,comment_only_no_parent_or_post_text
814998974042615,814887730720406,Hoàng Thái chủ tus cũng có cần bạn hỏi đâu mà bạn vẫn hỏi đấy thôi,ptit_2k5,https://www.facebook.com/groups/2k5ptit,2026-10-06T08:59:43.354524+00:00,814998974042615,source,2307,,negative,ai,ai_labeled,Phản bác việc người đối thoại vẫn tự đặt câu hỏi.,medium,comment_only_no_parent_or_post_text
815000384042474,814887730720406,Hoàng Thái ý là đăng bài nói mình có học bổng xuất sắc 2 kì thì chưa đủ ưu tú để bạn chủ tus bị hiểu nhầm là flex à? Ngta ẩn danh để đỡ bị trêu thì làm sao đâu,ptit_2k5,https://www.facebook.com/groups/2k5ptit,2026-10-06T08:59:43.354524+00:00,815000384042474,source,2308,,negative,ai,ai_labeled,Phản bác việc nghi ngờ người ẩn danh khoe thành tích.,medium,comment_only_no_parent_or_post_text
815001994042313,814887730720406,Nguyễn Hữu Việt hiểu nhầm thì do có vấn đề đọc hiểu thôi,ptit_2k5,https://www.facebook.com/groups/2k5ptit,2026-10-06T08:59:43.354524+00:00,815001994042313,source,2309,,negative,ai,ai_labeled,Chê khả năng đọc hiểu của người hiểu nhầm.,medium,comment_only_no_parent_or_post_text
815002310708948,814887730720406,"Hoàng Thái mình là Nguyễn Vũ Kim Anh học D23VT01 nhé 
nếu bạn muốn biết về mình",ptit_2k5,https://www.facebook.com/groups/2k5ptit,2026-10-06T08:59:43.354524+00:00,815002310708948,source,2310,,neutral,ai,ai_labeled,Tự giới thiệu để trả lời câu hỏi danh tính.,low,comment_only_no_parent_or_post_text
815002684042244,814887730720406,Nguyễn Hữu Việt thắc mắc thì hỏi thôi,ptit_2k5,https://www.facebook.com/groups/2k5ptit,2026-10-06T08:59:43.354524+00:00,815002684042244,source,2311,,neutral,ai,ai_labeled,Giải thích hỏi vì thắc mắc.,low,comment_only_no_parent_or_post_text
815002914042221,814887730720406,Người tham gia ẩn danh nét luôn=)),ptit_2k5,https://www.facebook.com/groups/2k5ptit,2026-10-06T08:59:43.354524+00:00,815002914042221,source,2312,,positive,ai,ai_labeled,"Khen nét, có thể trêu.",high,comment_only_no_parent_or_post_text
815003550708824,814887730720406,Hoàng Thái cái thứ hai của bạn đã được giải quyết,ptit_2k5,https://www.facebook.com/groups/2k5ptit,2026-10-06T08:59:43.354524+00:00,815003550708824,source,2313,,neutral,ai,ai_labeled,Thông báo vấn đề đã giải quyết.,low,comment_only_no_parent_or_post_text
815006184041894,814887730720406,Hay quá b ơi,ptit_2k5,https://www.facebook.com/groups/2k5ptit,2026-10-06T08:59:43.355539+00:00,815006184041894,source,2314,,positive,ai,ai_labeled,Khen hay.,low,comment_only_no_parent_or_post_text
815020894040423,814887730720406,"Trần Văn Tú e cần 0,1 nma em kco :((",ptit_2k5,https://www.facebook.com/groups/2k5ptit,2026-10-06T08:59:43.355539+00:00,815020894040423,source,2316,,negative,ai,ai_labeled,Buồn vì thiếu phần điểm cần thiết.,low,comment_only_no_parent_or_post_text
815075940701585,814887730720406,"Nguyễn Hữu Việt ""hay lí luận của ngta bạn kh bẻ được nên mới phải công kích cá nhân"" đây là một dạng công kích cá nhân. Mình kh thấy có sự ""công kích"" cá nhân nào ở đây cả, bạn có thể giải thích đc kh nhỉ?",ptit_2k5,https://www.facebook.com/groups/2k5ptit,2026-10-06T08:59:43.354524+00:00,815075940701585,source,2317,,negative,ai,ai_labeled,Phản bác và chất vấn nhận định công kích cá nhân.,medium,comment_only_no_parent_or_post_text
815091037366742,814887730720406,"Du Bùi ""nói hay đấy nhưng tại sao phải ẩn danh nhỉ
"", thay vì tập trung vào các lí lẽ trong bài viết thì câu hỏi này lại tập trung vào uy tín của người đưa ra lí lẽ, nên rõ ràng, nó không phải là tranh luận mà chỉ là một câu nghi ngờ, hạ bệ uy tín cá nhân người đăng bài, và theo mình nó là lỗi ngụy biện công kích cá nhân trong tranh luận, đã đủ rõ ràng chưa:))",ptit_2k5,https://www.facebook.com/groups/2k5ptit,2026-10-06T08:59:43.354524+00:00,815091037366742,source,2318,,negative,ai,ai_labeled,Chê lập luận hạ bệ người đăng thay vì tranh luận.,medium,comment_only_no_parent_or_post_text
815095544032958,814887730720406,"Nguyễn Hữu Việt sao bạn nhận định câu đó là công kích cá nhân nhỉ?. Trong câu trên có đoạn nào từ nào mang ý nghĩa nghi ngờ, hạ bệ nhỉ?. Đây đâu phải cmt mang tính tranh luận, đây là cmt để giải thoả sự thắc mắc của người cmt mà và câu này hoàn toàn có thể được giải thích bởi chủ bài đăng một cách rất bình thường. Bạn có để ý bạn mới là người đang công kích cá nhân không?",ptit_2k5,https://www.facebook.com/groups/2k5ptit,2026-10-06T08:59:43.354524+00:00,815095544032958,source,2319,,negative,ai,ai_labeled,Phản bác và trách người khác công kích cá nhân.,medium,comment_only_no_parent_or_post_text
815105217365324,814887730720406,"Du Bùi thứ nhất, theo khái niệm ngụy biện công kích cá nhân thì câu hỏi trên đủ điều kiện để mình quy nó vào là công kích cá nhân, dựa vào ngữ cảnh nói ra câu này mà mình quy chi nó mang ý hạ bệ uy tín người đăng bài, chứ không cần phải nói thẳng ra là ""đăng ẩn danh thì mọi lí lẽ của bạn đều là rác"" mới là ngụy biện công kích cá nhân.",ptit_2k5,https://www.facebook.com/groups/2k5ptit,2026-10-06T08:59:43.354524+00:00,815105217365324,source,2320,,negative,ai,ai_labeled,Đánh giá câu hỏi mang ý hạ bệ uy tín.,medium,comment_only_no_parent_or_post_text
815128380696341,814887730720406,"Thứ nhất theo khái niệm ""lập luận công kích cá nhân"" (ad hominem) ""đề cập đến một số dạng lập luận mà đa số trong đó là ngụy biện"" (ngụy biện là những kiểu lập luận sai lầm khiến cho các lập luận không hợp lý về mặt logic). Thì câu nói trên của bạn cmt không hoàn toàn là ""lập luận công kích cá nhân"" (ad hominem) mà có thể được hiểu là một thắc mắc về lí do của bạn đăng bài.",ptit_2k5,https://www.facebook.com/groups/2k5ptit,2026-10-06T08:59:43.355539+00:00,815128380696341,source,2321,,neutral,ai,ai_labeled,"Giải thích khái niệm và đưa cách hiểu khác, ít cảm xúc rõ.",medium,comment_only_no_parent_or_post_text
815157647360081,814887730720406,"Du Bùi Đầu tiên bạn trích dẫn khái niệm ngụy biện công kích cá nhân và xác định bạn cmt kia không phải là có ý công kích cá nhân, vì câu nói đấy về mặt ngữ nghĩa thì không mang tính công kích, cái này mình đã giải quyết ở cmt trước rồi, nếu bạn giải thích ý nghĩa của 1 câu chỉ đơn thuần là đọc và hiểu nghĩa trên mặt chữ thì đúng, nó không phải câu công kích cá nhân, mình cũng chẳng chỉ trích gì nếu bạn hiểu theo nghĩa đơn thuần như thế rồi thấy mình làm quá này kia. Nhưng mình không hiểu 1 câu theo cách đó, ""nói hay đấy nhưng tại sao phải ẩn danh nhỉ"", vế trước là khen nội dung bài viết nhưng ý sau mang tính nghi ngờ danh tính của chủ tus, theo mình hiểu nghĩa, thì nó mang hàm nghĩa hạ bệ uy tín của chủ tus, nhằm bác bỏ những luận điểm của bài viết này. Và đó là biểu hiện của ngụy biện công kích cá nhân trong tranh luận mà mình dựa vào. vì thế mình quy cho nó là lỗi ngụy biện công kích cá nhân.",ptit_2k5,https://www.facebook.com/groups/2k5ptit,2026-10-06T08:59:43.355539+00:00,815157647360081,source,2322,,negative,ai,ai_labeled,Phê phán ý hạ bệ trong lời hỏi về ẩn danh.,medium,comment_only_no_parent_or_post_text
816285097247336,816278817247964,Nguyễn Đức Hiếu Khánh Duy Nguyễn quá hài,ptit_2k5,https://www.facebook.com/groups/2k5ptit,2026-10-06T08:59:41.937336+00:00,816285097247336,source,2324,,positive,ai,ai_labeled,"Nói quá hài, có thể mỉa mai.",high,comment_only_no_parent_or_post_text
816285567247289,816278817247964,Nguyễn Tùng Duy không trúng câu nào,ptit_2k5,https://www.facebook.com/groups/2k5ptit,2026-10-06T08:59:41.937336+00:00,816285567247289,source,2325,,negative,ai,ai_labeled,Thất vọng vì không trúng câu đã ôn.,medium,comment_only_no_parent_or_post_text
816285883913924,816278817247964,Phạm Hiếu hài,ptit_2k5,https://www.facebook.com/groups/2k5ptit,2026-10-06T08:59:41.937336+00:00,816285883913924,source,2326,,positive,ai,ai_labeled,"Nói hài, chưa rõ đối tượng và khả năng mỉa mai.",high,comment_only_no_parent_or_post_text
816286707247175,816278817247964,Hơn điểm m là dc :)),ptit_2k5,https://www.facebook.com/groups/2k5ptit,2026-10-06T08:59:41.937336+00:00,816286707247175,source,2328,,positive,ai,ai_labeled,"Hài lòng nếu điểm hơn bạn, có tính trêu.",high,comment_only_no_parent_or_post_text
816287443913768,816278817247964,Phan Việt 9đ vào trả lời,ptit_2k5,https://www.facebook.com/groups/2k5ptit,2026-10-06T08:59:41.937336+00:00,816287443913768,source,2332,,neutral,ai,ai_labeled,Mời người đạt chín điểm trả lời.,low,comment_only_no_parent_or_post_text
816337807242065,816278817247964,Phương Thùy hội điểm thấp :'((,ptit_2k5,https://www.facebook.com/groups/2k5ptit,2026-10-06T08:59:41.937336+00:00,816337807242065,source,2364,,negative,ai,ai_labeled,Buồn vì thuộc nhóm điểm thấp.,low,comment_only_no_parent_or_post_text
816411967234649,816278817247964,"Toàn 4-5, cao nhất 6.3, bruh :))",ptit_2k5,https://www.facebook.com/groups/2k5ptit,2026-10-06T08:59:41.937336+00:00,816411967234649,source,2365,,negative,ai,ai_labeled,Thất vọng điểm phòng thấp dù kèm cười.,medium,comment_only_no_parent_or_post_text
817265610482618,817255717150274,. Ké,ptit_2k5,https://www.facebook.com/groups/2k5ptit,2026-10-06T08:59:41.934336+00:00,817265610482618,source,2390,,neutral,ai,ai_labeled,Xin cùng theo dõi.,low,comment_only_no_parent_or_post_text
817268160482363,817255717150274,Ké,ptit_2k5,https://www.facebook.com/groups/2k5ptit,2026-10-06T08:59:41.934336+00:00,817268160482363,source,2391,,neutral,ai,ai_labeled,Xin cùng theo dõi.,low,comment_only_no_parent_or_post_text
817270310482148,817255717150274,Xuân Tiến ké,ptit_2k5,https://www.facebook.com/groups/2k5ptit,2026-10-06T08:59:41.934336+00:00,817270310482148,source,2392,,neutral,ai,ai_labeled,Xin cùng theo dõi.,low,comment_only_no_parent_or_post_text
817281893814323,817255717150274,Trắc no full bn ạ =))),ptit_2k5,https://www.facebook.com/groups/2k5ptit,2026-10-06T08:59:41.934336+00:00,817281893814323,source,2393,,neutral,ai,ai_labeled,Hỏi tỷ lệ trắc nghiệm.,low,comment_only_no_parent_or_post_text
817294947146351,817255717150274,Trắc nghiệm full thì căng quá . Tính chắc chết mất thi mấy môn này lên thi tự luận,ptit_2k5,https://www.facebook.com/groups/2k5ptit,2026-10-06T08:59:41.934336+00:00,817294947146351,source,2394,,negative,ai,ai_labeled,Lo thi trắc nghiệm và than tính toán khó.,low,comment_only_no_parent_or_post_text
817296713812841,817255717150274,"Hiếu Ka Ka tiếc cho bro là hình thức thi trắc nghiệm 
 h chỉ ko biết 50-50 hay 100% thôi",ptit_2k5,https://www.facebook.com/groups/2k5ptit,2026-10-06T08:59:41.934336+00:00,817296713812841,source,2395,,negative,ai,ai_labeled,Bày tỏ tiếc vì hình thức thi trắc nghiệm.,medium,comment_only_no_parent_or_post_text
817835430425636,817811807094665,Đã có ai thi à,ptit_2k5,https://www.facebook.com/groups/2k5ptit,2026-10-06T08:59:42.075766+00:00,817835430425636,source,2396,,neutral,ai,ai_labeled,Hỏi đã có ai thi chưa.,low,comment_only_no_parent_or_post_text
817840207091825,817811807094665,vl có thi r ak,ptit_2k5,https://www.facebook.com/groups/2k5ptit,2026-10-06T08:59:42.075766+00:00,817840207091825,source,2397,,neutral,ai,ai_labeled,"Hỏi đã thi rồi chưa, từ tục chỉ nhấn mạnh bất ngờ.",medium,comment_only_no_parent_or_post_text
817842760424903,817811807094665,Việt Hoàng m à cu,ptit_2k5,https://www.facebook.com/groups/2k5ptit,2026-10-06T08:59:42.075766+00:00,817842760424903,source,2398,,neutral,ai,ai_labeled,Hỏi có phải bạn không.,low,comment_only_no_parent_or_post_text
817894500419729,817811807094665,Mạnh Đức Trịnh nãy thấy ông nào đăng mà,ptit_2k5,https://www.facebook.com/groups/2k5ptit,2026-10-06T08:59:42.075766+00:00,817894500419729,source,2400,,neutral,ai,ai_labeled,Kể vừa thấy người đăng thông tin.,low,comment_only_no_parent_or_post_text
817924700416709,817811807094665,Xin ạ,ptit_2k5,https://www.facebook.com/groups/2k5ptit,2026-10-06T08:59:42.075766+00:00,817924700416709,source,2401,,neutral,ai,ai_labeled,Xin tài liệu.,low,comment_only_no_parent_or_post_text
817926417083204,817811807094665,Trích Tiên =)) nay mới thi mà,ptit_2k5,https://www.facebook.com/groups/2k5ptit,2026-10-06T08:59:42.075766+00:00,817926417083204,source,2402,,neutral,ai,ai_labeled,Nêu hôm nay mới thi.,low,comment_only_no_parent_or_post_text
817927863749726,817811807094665,Trích Tiên 10 đ trog tay r vẫn xin à :]],ptit_2k5,https://www.facebook.com/groups/2k5ptit,2026-10-06T08:59:42.075766+00:00,817927863749726,source,2403,,negative,ai,ai_labeled,"Trách đã chắc điểm cao còn xin, có tính trêu.",high,comment_only_no_parent_or_post_text
818412813701231,818408313701681,Thôi :)),ptit_2k5,https://www.facebook.com/groups/2k5ptit,2026-10-06T08:59:42.080434+00:00,818412813701231,source,2404,,neutral,ai,ai_labeled,Lời từ chối ngắn không cảm xúc rõ.,high,comment_only_no_parent_or_post_text
818416650367514,818408313701681,Rr là rẻ rách à bạn,ptit_2k5,https://www.facebook.com/groups/2k5ptit,2026-10-06T08:59:42.080434+00:00,818416650367514,source,2405,,negative,ai,ai_labeled,Dùng cách diễn giải viết tắt mang nghĩa chê.,high,comment_only_no_parent_or_post_text
818419407033905,818408313701681,Hài,ptit_2k5,https://www.facebook.com/groups/2k5ptit,2026-10-06T08:59:42.080434+00:00,818419407033905,source,2406,,positive,ai,ai_labeled,"Nói hài, có thể mỉa mai.",high,comment_only_no_parent_or_post_text
818424217033424,818408313701681,Thiên Minh được mấy điểm,ptit_2k5,https://www.facebook.com/groups/2k5ptit,2026-10-06T08:59:42.080434+00:00,818424217033424,source,2407,,neutral,ai,ai_labeled,Hỏi điểm đạt được.,low,comment_only_no_parent_or_post_text
818425900366589,818408313701681,K đc 10 à,ptit_2k5,https://www.facebook.com/groups/2k5ptit,2026-10-06T08:59:42.080434+00:00,818425900366589,source,2408,,neutral,ai,ai_labeled,Hỏi không được mười điểm sao.,medium,comment_only_no_parent_or_post_text
818431000366079,818408313701681,Toàn Lương 10 điểm nói gì đi ạ,ptit_2k5,https://www.facebook.com/groups/2k5ptit,2026-10-06T08:59:42.080434+00:00,818431000366079,source,2409,,neutral,ai,ai_labeled,Mời người đạt mười điểm lên tiếng.,medium,comment_only_no_parent_or_post_text
818434830365696,818408313701681,Phạm Hiếu nay minh vua no 2 qua trung cut ...,ptit_2k5,https://www.facebook.com/groups/2k5ptit,2026-10-06T08:59:42.080434+00:00,818434830365696,source,2410,possible_truncation_or_deliberate_ellipsis,negative,ai,ai_labeled,Chơi chữ điểm thấp như trứng cút.,high,comment_only_no_parent_or_post_text
818435553698957,818408313701681,Nguyễn Đàm Tiến Đạt mình ngu th chứ các b a+ mà m,ptit_2k5,https://www.facebook.com/groups/2k5ptit,2026-10-06T08:59:42.080434+00:00,818435553698957,source,2411,,negative,ai,ai_labeled,Tự chê bản thân trong so sánh thành tích.,high,comment_only_no_parent_or_post_text
818472223695290,818408313701681,văn mẫu,ptit_2k5,https://www.facebook.com/groups/2k5ptit,2026-10-06T08:59:42.080434+00:00,818472223695290,source,2412,,negative,ai,ai_labeled,Chê lời nói rập khuôn là văn mẫu.,high,comment_only_no_parent_or_post_text
819496400259539,819484363594076,Thấy thông báo 8/1 là đc dki cải thiên trên qlđt. Quy trình đki thì thấy giống đki bình thường,ptit_2k5,https://www.facebook.com/groups/2k5ptit,2026-10-06T08:59:43.309352+00:00,819496400259539,source,2414,,neutral,ai,ai_labeled,Thông tin lịch và quy trình đăng ký cải thiện.,low,comment_only_no_parent_or_post_text
819499153592597,819484363594076,"Nguyễn Hữu Việt Ghép kì chính thì cứ đến lịch là vào qldt đăng kí thôi, chọn nhóm nào còn slot mà pick, hè mới cần thêm đăng kí nv trước đó",ptit_2k5,https://www.facebook.com/groups/2k5ptit,2026-10-06T08:59:43.309352+00:00,819499153592597,source,2415,,neutral,ai,ai_labeled,Hướng dẫn đăng ký kỳ chính và kỳ hè.,low,comment_only_no_parent_or_post_text
819504413592071,819484363594076,Trần Hoàng anh này thử chưa,ptit_2k5,https://www.facebook.com/groups/2k5ptit,2026-10-06T08:59:43.309352+00:00,819504413592071,source,2416,,neutral,ai,ai_labeled,Hỏi đã thử chưa.,low,comment_only_no_parent_or_post_text
819518313590681,819484363594076,Nguyễn Hữu Việt Thử hết các trường hợp rùi,ptit_2k5,https://www.facebook.com/groups/2k5ptit,2026-10-06T08:59:43.309352+00:00,819518313590681,source,2417,,neutral,ai,ai_labeled,Nói đã thử hết trường hợp.,low,comment_only_no_parent_or_post_text
819670977197320,819413700556381,T12 nhé,ptit_group_584397217391365,https://www.facebook.com/groups/584397217391365,2026-10-06T08:59:47.550029+00:00,819670977197320,source,2418,,neutral,ai,ai_labeled,Nêu thời điểm tháng mười hai.,low,comment_only_no_parent_or_post_text
822042430004936,822017583340754,tư tưởng HCM cô Khánh oki đó,ptit_2k5,https://www.facebook.com/groups/2k5ptit,2026-10-06T08:59:41.950204+00:00,822042430004936,source,2420,,positive,ai,ai_labeled,Khen giảng viên ổn.,low,comment_only_no_parent_or_post_text
822048583337654,822017583340754,ltm cứ thầy Dinh thôi,ptit_2k5,https://www.facebook.com/groups/2k5ptit,2026-10-06T08:59:41.950204+00:00,822048583337654,source,2421,,positive,ai,ai_labeled,Ủng hộ chọn giảng viên cho môn.,medium,comment_only_no_parent_or_post_text
822060283336484,822017583340754,ltm: Nguyễn Quốc Dinh,ptit_2k5,https://www.facebook.com/groups/2k5ptit,2026-10-06T08:59:41.950204+00:00,822060283336484,source,2422,,neutral,ai,ai_labeled,Nêu giảng viên môn học.,low,comment_only_no_parent_or_post_text
822080893334423,822017583340754,Chử Tú vl rcm luôn sợ,ptit_2k5,https://www.facebook.com/groups/2k5ptit,2026-10-06T08:59:41.950204+00:00,822080893334423,source,2423,,negative,ai,ai_labeled,Lo và chất vấn lời giới thiệu.,medium,comment_only_no_parent_or_post_text
822092586666587,822017583340754,Vũ Hiếu kẻ tổn thương lại muốn tổn thương ng khác,ptit_2k5,https://www.facebook.com/groups/2k5ptit,2026-10-06T08:59:41.950204+00:00,822092586666587,source,2424,,negative,ai,ai_labeled,Chê người từng tổn thương lại gây hại người khác.,high,comment_only_no_parent_or_post_text
822103203332192,822017583340754,Vũ Hiếu Dạ e cảm ơn a ạ,ptit_2k5,https://www.facebook.com/groups/2k5ptit,2026-10-06T08:59:41.950204+00:00,822103203332192,source,2425,,positive,ai,ai_labeled,Bày tỏ cảm ơn.,low,comment_only_no_parent_or_post_text
822103323332180,822017583340754,Chử Tú Dạ e cảm ơn a ạ,ptit_2k5,https://www.facebook.com/groups/2k5ptit,2026-10-06T08:59:41.950204+00:00,822103323332180,source,2426,,positive,ai,ai_labeled,Bày tỏ cảm ơn.,low,comment_only_no_parent_or_post_text
822109093331603,822017583340754,Vũ Hiếu mê ly luôn,ptit_2k5,https://www.facebook.com/groups/2k5ptit,2026-10-06T08:59:41.950204+00:00,822109093331603,source,2427,,positive,ai,ai_labeled,Khen mê ly.,low,comment_only_no_parent_or_post_text
822119199997259,822017583340754,tt: PTKhánh/ ĐTDiệu,ptit_2k5,https://www.facebook.com/groups/2k5ptit,2026-10-06T08:59:41.950204+00:00,822119199997259,source,2428,,neutral,ai,ai_labeled,Nêu giảng viên môn học.,low,comment_only_no_parent_or_post_text
822125126663333,822017583340754,Vũ Hồng Ngọc riu không chị,ptit_2k5,https://www.facebook.com/groups/2k5ptit,2026-10-06T08:59:41.950204+00:00,822125126663333,source,2429,,neutral,ai,ai_labeled,Hỏi xác nhận nhận xét có thật không.,low,comment_only_no_parent_or_post_text
822128893329623,822017583340754,Bao Anh rất riu học chăm chăm nữa thì full 10 là có thể,ptit_2k5,https://www.facebook.com/groups/2k5ptit,2026-10-06T08:59:41.950204+00:00,822128893329623,source,2430,,positive,ai,ai_labeled,Khẳng định nhận xét tốt và khả năng đạt điểm cao.,medium,comment_only_no_parent_or_post_text
822144949994684,822017583340754,Xlths thầy Tuấn Anh mãi keo,ptit_2k5,https://www.facebook.com/groups/2k5ptit,2026-10-06T08:59:41.950204+00:00,822144949994684,source,2431,,positive,ai,ai_labeled,Ủng hộ giảng viên bằng tiếng lóng mãi keo.,low,comment_only_no_parent_or_post_text
822147229994456,822017583340754,Vũ Hồng Ngọc tuyệt quá c oii,ptit_2k5,https://www.facebook.com/groups/2k5ptit,2026-10-06T08:59:41.950204+00:00,822147229994456,source,2432,,positive,ai,ai_labeled,Khen tuyệt.,low,comment_only_no_parent_or_post_text
822166429992536,822017583340754,Chử Tú dcm ngta cảm ơn rồi,ptit_2k5,https://www.facebook.com/groups/2k5ptit,2026-10-06T08:59:41.950204+00:00,822166429992536,source,2433,,negative,ai,ai_labeled,Trách tiếp tục nói khi người khác đã cảm ơn.,high,comment_only_no_parent_or_post_text
822447169964462,822017583340754,"Vũ Hồng Ngọc Dạ, e cảm ơn chị ạ",ptit_2k5,https://www.facebook.com/groups/2k5ptit,2026-10-06T08:59:41.950204+00:00,822447169964462,source,2434,,positive,ai,ai_labeled,Bày tỏ cảm ơn.,low,comment_only_no_parent_or_post_text
822651376610708,822593199949859,"Tải script qldt có logo ptit đi, cái temple monkey ko dùng đc nữa đâu",ptit_2k5,https://www.facebook.com/groups/2k5ptit,2026-10-06T08:59:42.027543+00:00,822651376610708,source,2435,,neutral,ai,ai_labeled,Hướng dẫn tải công cụ thay thế công cụ không dùng được.,low,comment_only_no_parent_or_post_text
822652509943928,822593199949859,Mình hack r nhé bạn,ptit_2k5,https://www.facebook.com/groups/2k5ptit,2026-10-06T08:59:42.027543+00:00,822652509943928,source,2436,,neutral,ai,ai_labeled,"Thông báo đã can thiệp hệ thống, có thể đùa.",high,comment_only_no_parent_or_post_text
822653836610462,822593199949859,Tải QLDT PTIT ở chrome store,ptit_2k5,https://www.facebook.com/groups/2k5ptit,2026-10-06T08:59:42.027543+00:00,822653836610462,source,2437,,neutral,ai,ai_labeled,Hướng dẫn tải tiện ích.,low,comment_only_no_parent_or_post_text
822678306608015,822593199949859,MÌNH CẢM ƠN Ạ,ptit_2k5,https://www.facebook.com/groups/2k5ptit,2026-10-06T08:59:42.027543+00:00,822678306608015,source,2438,,positive,ai,ai_labeled,Bày tỏ cảm ơn.,low,comment_only_no_parent_or_post_text
829669039530847,829554622875622,gần nhất là t12 nếu D25 muốn mhmt sớm thì có thể t8/2026 nữa,ptit_group_584397217391365,https://www.facebook.com/groups/584397217391365,2026-10-06T08:59:47.491412+00:00,829669039530847,source,2461,,neutral,ai,ai_labeled,Nêu thời điểm đăng ký miễn học.,low,comment_only_no_parent_or_post_text
837031221839390,812207144321798,"Nguyen e cảm ownnn, a nguyên tuyệt vời, e chưa bh thấy 1 ng nào tuyệt vời xinh trai như a",ptit_2k5,https://www.facebook.com/groups/2k5ptit,2026-10-06T08:59:42.089600+00:00,837031221839390,source,2462,,positive,ai,ai_labeled,Cảm ơn và khen người hỗ trợ.,low,comment_only_no_parent_or_post_text
842834951547589,842804031550681,cần lịch năm trc:),ptit_group_584397217391365,https://www.facebook.com/groups/584397217391365,2026-10-06T08:59:47.928463+00:00,842834951547589,source,2463,,neutral,ai,ai_labeled,Xin lịch năm trước.,low,comment_only_no_parent_or_post_text
842858464878571,842804031550681,Đùa,ptit_group_584397217391365,https://www.facebook.com/groups/584397217391365,2026-10-06T08:59:47.928463+00:00,842858464878571,source,2464,,neutral,ai,ai_labeled,Đính chính đang đùa.,low,comment_only_no_parent_or_post_text
842902314874186,842804031550681,KhánhHải Nguyễn bt lm việc ko,ptit_group_584397217391365,https://www.facebook.com/groups/584397217391365,2026-10-06T08:59:47.928463+00:00,842902314874186,source,2465,,negative,ai,ai_labeled,"Chất vấn biết làm việc không, có thể trêu.",high,comment_only_no_parent_or_post_text
842926624871755,842804031550681,Nguyễn Thế Long ok long,ptit_group_584397217391365,https://www.facebook.com/groups/584397217391365,2026-10-06T08:59:47.928463+00:00,842926624871755,source,2466,,neutral,ai,ai_labeled,Lời đồng ý.,low,comment_only_no_parent_or_post_text
843595641471520,842804031550681,Qua thi cuối kì là ăn ngon ngủ khỏe rồi,ptit_group_584397217391365,https://www.facebook.com/groups/584397217391365,2026-10-06T08:59:47.928463+00:00,843595641471520,source,2467,,positive,ai,ai_labeled,"Nhẹ nhõm sau thi, ăn ngon ngủ khỏe.",medium,comment_only_no_parent_or_post_text
843738148123936,842804031550681,Xuan Khiem b khoa nào mà đã thi cuối kỳ 1 rồi ??,ptit_group_584397217391365,https://www.facebook.com/groups/584397217391365,2026-10-06T08:59:47.928463+00:00,843738148123936,source,2468,,neutral,ai,ai_labeled,Hỏi khoa đã thi cuối kỳ.,low,comment_only_no_parent_or_post_text
845386391292445,845232621307822,"Chị ơi, chị rep ib em với",ptit_group_584397217391365,https://www.facebook.com/groups/584397217391365,2026-10-06T08:59:48.090118+00:00,845386391292445,source,2469,,neutral,ai,ai_labeled,Nhắc trả lời tin nhắn.,low,comment_only_no_parent_or_post_text
856315383532879,854158563748561,Mn giúp mình với,ptit_group_584397217391365,https://www.facebook.com/groups/584397217391365,2026-10-06T08:59:48.343358+00:00,856315383532879,source,2470,near_duplicate_candidate,neutral,ai,ai_labeled,Nhờ giúp đỡ.,low,comment_only_no_parent_or_post_text
859997503164667,859946176503133,Chấm chấm,ptit_group_584397217391365,https://www.facebook.com/groups/584397217391365,2026-10-06T08:59:48.379858+00:00,859997503164667,source,2472,,neutral,ai,ai_labeled,Nói chấm để theo dõi bài.,medium,comment_only_no_parent_or_post_text
861532813011136,861524146345336,Tính số tiền dựa vào tín học kì đó thoi,ptit_group_584397217391365,https://www.facebook.com/groups/584397217391365,2026-10-06T08:59:48.030523+00:00,861532813011136,source,2474,,neutral,ai,ai_labeled,Giải thích tính tiền theo tín chỉ.,low,comment_only_no_parent_or_post_text
861533736344377,861524146345336,"vx đc tiền tiếng anh vào, nhg điểm mhmt tiếng anh ko đc tính vào trong gpa để xét hobo thôi",ptit_group_584397217391365,https://www.facebook.com/groups/584397217391365,2026-10-06T08:59:48.030523+00:00,861533736344377,source,2475,,neutral,ai,ai_labeled,Giải thích tiền học bổng và GPA.,low,comment_only_no_parent_or_post_text
861535686344182,861524146345336,bỏ ẩn danh ra nch,ptit_group_584397217391365,https://www.facebook.com/groups/584397217391365,2026-10-06T08:59:48.031563+00:00,861535686344182,source,2476,,neutral,ai,ai_labeled,Yêu cầu bỏ chế độ ẩn danh.,medium,comment_only_no_parent_or_post_text
861537033010714,861524146345336,Không đủ đẳng cấp kkk,ptit_group_584397217391365,https://www.facebook.com/groups/584397217391365,2026-10-06T08:59:48.031563+00:00,861537033010714,source,2477,,negative,ai,ai_labeled,Chê không đủ đẳng cấp dù kèm tiếng cười.,high,comment_only_no_parent_or_post_text
861537359677348,861524146345336,Em mhmt ta lên k đc tính á,ptit_group_584397217391365,https://www.facebook.com/groups/584397217391365,2026-10-06T08:59:48.030523+00:00,861537359677348,source,2478,,neutral,ai,ai_labeled,Hỏi điểm quy đổi có được tính không.,low,comment_only_no_parent_or_post_text
861537509677333,861524146345336,Vẫn đc tính tiền hả chị,ptit_group_584397217391365,https://www.facebook.com/groups/584397217391365,2026-10-06T08:59:48.030523+00:00,861537509677333,source,2479,,neutral,ai,ai_labeled,Hỏi tiền có được tính không.,low,comment_only_no_parent_or_post_text
861538409677243,861524146345336,"Người tham gia ẩn danh ko nhé, kì đó nếu em có học TA thì dc tính",ptit_group_584397217391365,https://www.facebook.com/groups/584397217391365,2026-10-06T08:59:48.030523+00:00,861538409677243,source,2480,,neutral,ai,ai_labeled,Giải thích điều kiện tính tiền môn tiếng Anh.,low,comment_only_no_parent_or_post_text
861556253008792,861524146345336,Người tham gia ẩn danh ye vx đc tính tiền hobo bthg,ptit_group_584397217391365,https://www.facebook.com/groups/584397217391365,2026-10-06T08:59:48.030523+00:00,861556253008792,source,2481,,neutral,ai,ai_labeled,Xác nhận vẫn tính tiền học bổng.,low,comment_only_no_parent_or_post_text
861588816338869,861524146345336,Chị trc cx đc vậy hỏ,ptit_group_584397217391365,https://www.facebook.com/groups/584397217391365,2026-10-06T08:59:48.031563+00:00,861588816338869,source,2482,,neutral,ai,ai_labeled,Hỏi kinh nghiệm trước đây.,low,comment_only_no_parent_or_post_text
861589296338821,861524146345336,Thật hả trời,ptit_group_584397217391365,https://www.facebook.com/groups/584397217391365,2026-10-06T08:59:48.030523+00:00,861589296338821,source,2483,,neutral,ai,ai_labeled,Hỏi thông tin có thật không.,medium,comment_only_no_parent_or_post_text
861828172981600,861524146345336,t bít ai mò,ptit_group_584397217391365,https://www.facebook.com/groups/584397217391365,2026-10-06T08:59:48.031563+00:00,861828172981600,source,2485,,neutral,ai,ai_labeled,Nói biết người đang được nhắc.,low,comment_only_no_parent_or_post_text
861832236314527,861524146345336,Suỵt,ptit_group_584397217391365,https://www.facebook.com/groups/584397217391365,2026-10-06T08:59:48.031563+00:00,861832236314527,source,2486,,neutral,ai,ai_labeled,Nhắc giữ im lặng.,medium,comment_only_no_parent_or_post_text
861868976310853,861524146345336,"tiếng anh course 1, 2 a vẫn được tính vào tiền học bổng mặc dù MHMT nhé. GPA xét học bổng thì kh tính điểm tiếng Anh đã MHMT",ptit_group_584397217391365,https://www.facebook.com/groups/584397217391365,2026-10-06T08:59:48.031563+00:00,861868976310853,source,2487,,neutral,ai,ai_labeled,Giải thích miễn học và tiền học bổng.,low,comment_only_no_parent_or_post_text
868195369011547,867517055746045,Gpa trên 2.5 ms dc bảo lưu nbes,ptit_group_584397217391365,https://www.facebook.com/groups/584397217391365,2026-10-06T08:59:48.116127+00:00,868195369011547,source,2497,,neutral,ai,ai_labeled,Nêu điều kiện GPA để bảo lưu.,low,comment_only_no_parent_or_post_text
868703388960745,868671788963905,Nguyễn Quang Hiển sao để ẩn danh làm gì,ptit_group_584397217391365,https://www.facebook.com/groups/584397217391365,2026-10-06T08:59:47.805935+00:00,868703388960745,source,2498,,neutral,ai,ai_labeled,Hỏi lý do dùng ẩn danh.,low,comment_only_no_parent_or_post_text
870384755459275,870123008818783,Ủa D25 học code C ở kì 1 năm nhất luôn à?,ptit_group_584397217391365,https://www.facebook.com/groups/584397217391365,2026-10-06T08:59:47.978612+00:00,870384755459275,source,2499,,neutral,ai,ai_labeled,Hỏi lịch học lập trình của khóa mới.,low,comment_only_no_parent_or_post_text
870387305459020,870123008818783,Không khó lắm đâu,ptit_group_584397217391365,https://www.facebook.com/groups/584397217391365,2026-10-06T08:59:47.978612+00:00,870387305459020,source,2500,,positive,ai,ai_labeled,Đánh giá không quá khó.,medium,comment_only_no_parent_or_post_text
870454732118944,870123008818783,"ScenicLion
 cho e xin kinh nghiệm với ạ, ôn ở đâu và nên ôn cgi v ạ",ptit_group_584397217391365,https://www.facebook.com/groups/584397217391365,2026-10-06T08:59:47.978612+00:00,870454732118944,source,2501,,neutral,ai,ai_labeled,Xin kinh nghiệm và nội dung ôn.,low,comment_only_no_parent_or_post_text
870544762109941,870123008818783,Người tham gia ẩn danh 884 lts với mảng nhé,ptit_group_584397217391365,https://www.facebook.com/groups/584397217391365,2026-10-06T08:59:47.978612+00:00,870544762109941,source,2502,,neutral,ai,ai_labeled,Nêu nội dung ôn tập.,low,comment_only_no_parent_or_post_text
870660822098335,870123008818783,Người tham gia ẩn danh 884 em xem tuyển tập chữa đề cuối kì code c ptit của 28tech ý,ptit_group_584397217391365,https://www.facebook.com/groups/584397217391365,2026-10-06T08:59:47.978612+00:00,870660822098335,source,2503,,neutral,ai,ai_labeled,Chỉ nguồn chữa đề.,low,comment_only_no_parent_or_post_text
871424185355332,871416685356082,"Chủ tus chắc chiến thần hobo, btw cảm ơn bạn nha",ptit_group_584397217391365,https://www.facebook.com/groups/584397217391365,2026-10-06T08:59:47.461806+00:00,871424185355332,source,2505,,positive,ai,ai_labeled,Khen thành tích và cảm ơn.,low,comment_only_no_parent_or_post_text
871467492017668,871416685356082,Nguyễn Mạnh Dũng chúc b đky đc lịch học maxping nhá,ptit_group_584397217391365,https://www.facebook.com/groups/584397217391365,2026-10-06T08:59:47.461806+00:00,871467492017668,source,2506,,positive,ai,ai_labeled,Chúc đăng ký được lịch tốt.,low,comment_only_no_parent_or_post_text
871468095350941,871416685356082,"Người tham gia ẩn danh 155 haha, t màu mè thui á",ptit_group_584397217391365,https://www.facebook.com/groups/584397217391365,2026-10-06T08:59:47.461806+00:00,871468095350941,source,2507,,neutral,ai,ai_labeled,Tự nhận màu mè theo giọng đùa.,medium,comment_only_no_parent_or_post_text
871643762000041,871416685356082,Làm sao để app tự update tkb trường v ạ,ptit_group_584397217391365,https://www.facebook.com/groups/584397217391365,2026-10-06T08:59:47.461806+00:00,871643762000041,source,2508,,neutral,ai,ai_labeled,Hỏi cách ứng dụng cập nhật lịch.,low,comment_only_no_parent_or_post_text
871805735028605,871796025029576,mong thầy nhẹ tay..,ptit_2k5,https://www.facebook.com/groups/2k5ptit,2026-10-06T08:59:42.631242+00:00,871805735028605,source,2509,,negative,ai,ai_labeled,Lo và mong giảng viên chấm nhẹ tay.,medium,comment_only_no_parent_or_post_text
871834361692409,871796025029576,Trần Văn Tú demo đúng huỷ diệt luôn,ptit_2k5,https://www.facebook.com/groups/2k5ptit,2026-10-06T08:59:42.631242+00:00,871834361692409,source,2511,,negative,ai,ai_labeled,"Nói bài mẫu hủy diệt, thể hiện khó khăn.",high,comment_only_no_parent_or_post_text
871846068357905,871796025029576,Đăng Vũ cũng bình thường anh nhỉ,ptit_2k5,https://www.facebook.com/groups/2k5ptit,2026-10-06T08:59:42.631242+00:00,871846068357905,source,2512,,neutral,ai,ai_labeled,Đánh giá bình thường không khen chê rõ.,medium,comment_only_no_parent_or_post_text
871846891691156,871796025029576,Dũng Nguyễn hói đầu,ptit_2k5,https://www.facebook.com/groups/2k5ptit,2026-10-06T08:59:42.631242+00:00,871846891691156,source,2513,,negative,ai,ai_labeled,"Nói hói đầu mang ý căng thẳng, có thể trêu.",high,comment_only_no_parent_or_post_text
872008571963560,871416685356082,"Người tham gia ẩn danh 359 bạn tải app là app tự update ở trong á, bạn chọn HK2 2025 - 2026 là đc",ptit_group_584397217391365,https://www.facebook.com/groups/584397217391365,2026-10-06T08:59:47.461806+00:00,872008571963560,source,2514,,neutral,ai,ai_labeled,Hướng dẫn chọn học kỳ trong ứng dụng.,low,comment_only_no_parent_or_post_text
872012651963152,871416685356082,DANH SÁCH LỚP KHU VỰC HÀ ĐÔNG,ptit_group_584397217391365,https://www.facebook.com/groups/584397217391365,2026-10-06T08:59:47.461806+00:00,872012651963152,source,2515,,neutral,ai,ai_labeled,Giới thiệu danh sách lớp theo khu vực.,low,comment_only_no_parent_or_post_text
872159948615089,871416685356082,Người tham gia ẩn danh cho e hỏi là có update của d25 ở đấy luôn ko ạ?,ptit_group_584397217391365,https://www.facebook.com/groups/584397217391365,2026-10-06T08:59:47.461806+00:00,872159948615089,source,2516,,neutral,ai,ai_labeled,Hỏi có cập nhật khóa mới không.,low,comment_only_no_parent_or_post_text
872264428604641,772522395245512,Won Win hình thức thi là thi theo d25 luôn à b,ptit_group_584397217391365,https://www.facebook.com/groups/584397217391365,2026-10-06T08:59:47.285769+00:00,872264428604641,source,2517,,neutral,ai,ai_labeled,Hỏi hình thức thi theo khóa mới.,low,comment_only_no_parent_or_post_text
872368895260861,872339545263796,b chỉnh qldt darkmode ntn v ạ,ptit_group_584397217391365,https://www.facebook.com/groups/584397217391365,2026-10-06T08:59:47.147691+00:00,872368895260861,source,2518,,neutral,ai,ai_labeled,Hỏi cách bật chế độ tối.,low,comment_only_no_parent_or_post_text
872407828590301,872339545263796,Kée,ptit_group_584397217391365,https://www.facebook.com/groups/584397217391365,2026-10-06T08:59:47.147691+00:00,872407828590301,source,2519,,neutral,ai,ai_labeled,Xin cùng theo dõi.,low,comment_only_no_parent_or_post_text
872415081922909,872339545263796,3D cô Hàaaaaaa,ptit_group_584397217391365,https://www.facebook.com/groups/584397217391365,2026-10-06T08:59:47.147691+00:00,872415081922909,source,2520,,neutral,ai,ai_labeled,Gợi ý giảng viên môn ba chiều.,low,comment_only_no_parent_or_post_text
872534815244269,872339545263796,"PLDC cô Lan, TKTT cô Hường hoặc cô Mai, Sản xuất cô Mai, Xử lý thầy Tiến, tư tưởng mạnh dạn thầy Hà, 3D thầy Kiên, Làm việc nhóm cô Giang he",ptit_group_584397217391365,https://www.facebook.com/groups/584397217391365,2026-10-06T08:59:47.147691+00:00,872534815244269,source,2521,,neutral,ai,ai_labeled,Liệt kê giảng viên các môn.,low,comment_only_no_parent_or_post_text
872618718569212,872614548569629,Trên page học liệu ptit có đấy bạn,ptit_group_584397217391365,https://www.facebook.com/groups/584397217391365,2026-10-06T08:59:47.777977+00:00,872618718569212,source,2522,,neutral,ai,ai_labeled,Chỉ trang học liệu.,low,comment_only_no_parent_or_post_text
872685118562572,872339545263796,Vô group hỏi mấy ac he: https://www.facebook.com/share/g/1BNRSYGCXi/?mibextid=wwXIfr,ptit_group_584397217391365,https://www.facebook.com/groups/584397217391365,2026-10-06T08:59:47.147691+00:00,872685118562572,source,2523,,neutral,ai,ai_labeled,Chỉ nhóm hỏi kinh nghiệm.,low,comment_only_no_parent_or_post_text
874887925008958,870123008818783,t_đẹp_trai_t_4.0_code_C máy trg sao ấy anh ạ,ptit_group_584397217391365,https://www.facebook.com/groups/584397217391365,2026-10-06T08:59:47.978612+00:00,874887925008958,source,2524,,negative,ai,ai_labeled,Nói máy trường có vấn đề.,medium,comment_only_no_parent_or_post_text
874939098337174,874860328345051,cheat j v bn,ptit_group_584397217391365,https://www.facebook.com/groups/584397217391365,2026-10-06T08:59:48.224462+00:00,874939098337174,source,2526,,neutral,ai,ai_labeled,Hỏi cách gian lận đang được nhắc.,low,comment_only_no_parent_or_post_text
874940315003719,874860328345051,Người tham gia ẩn danh 999 mở chat b oiww,ptit_group_584397217391365,https://www.facebook.com/groups/584397217391365,2026-10-06T08:59:48.224462+00:00,874940315003719,source,2527,,neutral,ai,ai_labeled,Hướng dẫn mở trò chuyện.,low,comment_only_no_parent_or_post_text
874946185003132,870123008818783,"Người tham gia ẩn danh 272 xem chỉnh lại gnu chưa, với nhiều khi vào đấy hoảng rồi quên hết chữ cũng nên",ptit_group_584397217391365,https://www.facebook.com/groups/584397217391365,2026-10-06T08:59:47.978612+00:00,874946185003132,source,2528,,neutral,ai,ai_labeled,Gợi ý kiểm tra cấu hình và khả năng quên khi thi.,low,comment_only_no_parent_or_post_text
874966781667739,874860328345051,Trượt môn thì đc thi lại còn vi phạm là bị học lại luôn hsy,ptit_group_584397217391365,https://www.facebook.com/groups/584397217391365,2026-10-06T08:59:48.224462+00:00,874966781667739,source,2529,,neutral,ai,ai_labeled,Hỏi hoặc nêu hậu quả vi phạm quy chế.,low,comment_only_no_parent_or_post_text
874971238333960,874860328345051,Người tham gia ẩn danh 323 tin chuẩn chưa b,ptit_group_584397217391365,https://www.facebook.com/groups/584397217391365,2026-10-06T08:59:48.224462+00:00,874971238333960,source,2530,,neutral,ai,ai_labeled,Hỏi độ xác thực thông tin.,low,comment_only_no_parent_or_post_text
875001928330891,874860328345051,Anonymous participant tớ kh chắc nma cứ nên thử á,ptit_group_584397217391365,https://www.facebook.com/groups/584397217391365,2026-10-06T08:59:48.224462+00:00,875001928330891,source,2531,,neutral,ai,ai_labeled,Nói chưa chắc và khuyên thử.,low,comment_only_no_parent_or_post_text
875044174993333,874860328345051,Người tham gia ẩn danh 323 Mình đã thử và thành công nha ^^,ptit_group_584397217391365,https://www.facebook.com/groups/584397217391365,2026-10-06T08:59:48.224462+00:00,875044174993333,source,2532,,positive,ai,ai_labeled,Mừng đã thử thành công.,low,comment_only_no_parent_or_post_text
875060271658390,874860328345051,Người tham gia ẩn danh vậy là vẫn được thi lại hả bạn,ptit_group_584397217391365,https://www.facebook.com/groups/584397217391365,2026-10-06T08:59:48.224462+00:00,875060271658390,source,2533,,neutral,ai,ai_labeled,Hỏi vẫn được thi lại không.,low,comment_only_no_parent_or_post_text
875147101649707,874860328345051,Người tham gia ẩn danh 847 ko bt b ơi,ptit_group_584397217391365,https://www.facebook.com/groups/584397217391365,2026-10-06T08:59:48.225460+00:00,875147101649707,source,2534,,neutral,ai,ai_labeled,Nói không biết.,low,comment_only_no_parent_or_post_text
876595248171559,876568171507600,Mấy môn khác mình ko biết nma GT2 thầy Dương nha,ptit_group_584397217391365,https://www.facebook.com/groups/584397217391365,2026-10-06T08:59:47.645345+00:00,876595248171559,source,2537,,neutral,ai,ai_labeled,Gợi ý giảng viên giải tích.,low,comment_only_no_parent_or_post_text
876596928171391,876568171507600,Người tham gia ẩn danh 581 cảm ơn đã tư vấn ạ,ptit_group_584397217391365,https://www.facebook.com/groups/584397217391365,2026-10-06T08:59:47.645345+00:00,876596928171391,source,2538,,positive,ai,ai_labeled,Cảm ơn lời tư vấn.,low,comment_only_no_parent_or_post_text
876675694830181,876568171507600,GOAT Lí L.T.M.Thanh + XSTK N.T.K.Quy đâu,ptit_group_584397217391365,https://www.facebook.com/groups/584397217391365,2026-10-06T08:59:47.645345+00:00,876675694830181,source,2539,,positive,ai,ai_labeled,Tôn giảng viên xuất sắc bằng tiếng lóng.,high,comment_only_no_parent_or_post_text
876800854817665,876568171507600,"lí Cô Hương, gt2 thầy Dương quá tốt r;)",ptit_group_584397217391365,https://www.facebook.com/groups/584397217391365,2026-10-06T08:59:47.645345+00:00,876800854817665,source,2540,,positive,ai,ai_labeled,Khen giảng viên rất tốt.,low,comment_only_no_parent_or_post_text
876812591483158,876771691487248,"Thể chất : cô Giang , thầy trường, thầy Trung",ptit_group_584397217391365,https://www.facebook.com/groups/584397217391365,2026-10-06T08:59:47.709925+00:00,876812591483158,source,2541,,neutral,ai,ai_labeled,Liệt kê giảng viên thể chất.,low,comment_only_no_parent_or_post_text
876818594815891,876771691487248,"GDTC thầy Trung, triết cô Ái, xstk cô Hà",ptit_group_584397217391365,https://www.facebook.com/groups/584397217391365,2026-10-06T08:59:47.710935+00:00,876818594815891,source,2542,,neutral,ai,ai_labeled,Liệt kê giảng viên các môn.,low,comment_only_no_parent_or_post_text
876877434810007,876568171507600,Lý cô hương phật sống,ptit_group_584397217391365,https://www.facebook.com/groups/584397217391365,2026-10-06T08:59:47.645345+00:00,876877434810007,source,2543,,positive,ai,ai_labeled,Khen giảng viên như phật sống.,low,comment_only_no_parent_or_post_text
876893788141705,876771691487248,Xstk cô Hà ko cần phải nghĩ 1s,ptit_group_584397217391365,https://www.facebook.com/groups/584397217391365,2026-10-06T08:59:47.710935+00:00,876893788141705,source,2544,,positive,ai,ai_labeled,Ủng hộ chọn giảng viên không cần do dự.,low,comment_only_no_parent_or_post_text
876973611467056,876771691487248,Nhật Thành vâng ạ,ptit_group_584397217391365,https://www.facebook.com/groups/584397217391365,2026-10-06T08:59:47.710935+00:00,876973611467056,source,2545,,neutral,ai,ai_labeled,Lời đáp vâng.,low,comment_only_no_parent_or_post_text
877019811462436,876771691487248,"Gdtc thầy Trường, triết cô Ái, xstk cô Quy, hành vi người tiêu dùng thầy Dũng",ptit_group_584397217391365,https://www.facebook.com/groups/584397217391365,2026-10-06T08:59:47.710935+00:00,877019811462436,source,2546,,neutral,ai,ai_labeled,Liệt kê giảng viên các môn.,low,comment_only_no_parent_or_post_text
877232698107814,876771691487248,"gdtc cô thu, triết cô ái, xstk thầy việt anh auto điểm thành phần cao",ptit_group_584397217391365,https://www.facebook.com/groups/584397217391365,2026-10-06T08:59:47.710935+00:00,877232698107814,source,2547,,positive,ai,ai_labeled,Khen lựa chọn giảng viên giúp điểm thành phần cao.,medium,comment_only_no_parent_or_post_text
877631371401280,876771691487248,Hành vi người tiêu dùng thầy Dũng hay cô Mai ạ? @@,ptit_group_584397217391365,https://www.facebook.com/groups/584397217391365,2026-10-06T08:59:47.710935+00:00,877631371401280,source,2548,,neutral,ai,ai_labeled,Hỏi tên giảng viên.,low,comment_only_no_parent_or_post_text
879449591219458,874932735004477,:))) cẩn thận chấm test case đr vẫn qua,ptit_group_584397217391365,https://www.facebook.com/groups/584397217391365,2026-10-06T08:59:46.940494+00:00,879449591219458,source,2572,,neutral,ai,ai_labeled,Nhắc cẩn thận cách chấm bài và khả năng qua.,high,comment_only_no_parent_or_post_text
879526764545074,879511584546592,"Làm đi , ai rảnh mà tbao",ptit_group_584397217391365,https://www.facebook.com/groups/584397217391365,2026-10-06T08:59:48.168692+00:00,879526764545074,source,2573,,negative,ai,ai_labeled,Trách chờ thông báo thay vì tự làm.,medium,comment_only_no_parent_or_post_text
879542687876815,879511584546592,đọc sổ tay sinh viên đi,ptit_group_584397217391365,https://www.facebook.com/groups/584397217391365,2026-10-06T08:59:48.169639+00:00,879542687876815,source,2574,,neutral,ai,ai_labeled,Hướng dẫn đọc sổ tay sinh viên.,low,comment_only_no_parent_or_post_text
879553507875733,879530211211396,"22 là chưa đánh giá đâu e,sau đánh giá lên tầm 70,e đi sự kiện,share bài,ủng hộ từ thiện rồi cập nhật minh chứng lên slink ấy.Trong mục drl có gì e có thể làm thì làm thôi",ptit_group_584397217391365,https://www.facebook.com/groups/584397217391365,2026-10-06T08:59:47.745935+00:00,879553507875733,source,2575,,neutral,ai,ai_labeled,Giải thích điểm chưa đánh giá và cách bổ sung minh chứng.,low,comment_only_no_parent_or_post_text
879559537875130,879530211211396,4 điểm donate + 3 điểm share bài + >=8 nếu điểm cao là đủ trên 80 r,ptit_group_584397217391365,https://www.facebook.com/groups/584397217391365,2026-10-06T08:59:47.745935+00:00,879559537875130,source,2576,,neutral,ai,ai_labeled,Giải thích cộng điểm rèn luyện.,low,comment_only_no_parent_or_post_text
879638271200590,879530211211396,"Người tham gia ẩn danh 273 mấy điểm này mình khai báo ở đâu ạ, donate thì donate ở đâu ạ",ptit_group_584397217391365,https://www.facebook.com/groups/584397217391365,2026-10-06T08:59:47.745935+00:00,879638271200590,source,2577,,neutral,ai,ai_labeled,Hỏi nơi khai báo và đóng góp.,low,comment_only_no_parent_or_post_text
879641704533580,879511584546592,"tự lm đi b, xuống vp1c hỏi để thêm ttin nè",ptit_group_584397217391365,https://www.facebook.com/groups/584397217391365,2026-10-06T08:59:48.169639+00:00,879641704533580,source,2578,,neutral,ai,ai_labeled,Hướng dẫn tự làm và hỏi văn phòng.,low,comment_only_no_parent_or_post_text
879680637863020,879530211211396,"Ủng hộ 4đ, share bài đc 3đ, khai báo trên slink hết và cán sự duyệt",ptit_group_584397217391365,https://www.facebook.com/groups/584397217391365,2026-10-06T08:59:47.745935+00:00,879680637863020,source,2579,,neutral,ai,ai_labeled,Thông tin điểm và quy trình duyệt.,low,comment_only_no_parent_or_post_text
880910714406679,879530211211396,Share bài của trường rồi chụp minh chứng lại là đc đko a,ptit_group_584397217391365,https://www.facebook.com/groups/584397217391365,2026-10-06T08:59:47.745935+00:00,880910714406679,source,2580,,neutral,ai,ai_labeled,Hỏi cách chụp minh chứng.,low,comment_only_no_parent_or_post_text
880918937739190,879530211211396,Người tham gia ẩn danh 785 Droi,ptit_group_584397217391365,https://www.facebook.com/groups/584397217391365,2026-10-06T08:59:47.745935+00:00,880918937739190,source,2581,,neutral,ai,ai_labeled,Xác nhận đúng.,low,comment_only_no_parent_or_post_text
896718622825888,879530211211396,b hỏi lớp trưởng lớp phó lớp b duyệt ấy,ptit_group_584397217391365,https://www.facebook.com/groups/584397217391365,2026-10-06T08:59:47.745935+00:00,896718622825888,source,2594,,neutral,ai,ai_labeled,Hướng dẫn nhờ cán bộ lớp duyệt.,low,comment_only_no_parent_or_post_text
902394585303053,902386121970566,"chẳng sao điểm vẫn như thế, sau ra trường thiếu 0.1 để đc khá vs giỏi thì lúc đấy mới hiểu cái cảnh, tính toán kĩ vào",ptit_2k5,https://www.facebook.com/groups/2k5ptit,2026-10-06T08:59:42.900489+00:00,902394585303053,source,2595,,neutral,ai,ai_labeled,Khuyên tính điểm kỹ và cảnh báo thiếu điểm lúc ra trường.,medium,comment_only_no_parent_or_post_text
902397008636144,902386121970566,Có lịch đăng kí chưa ạ,ptit_2k5,https://www.facebook.com/groups/2k5ptit,2026-10-06T08:59:42.900489+00:00,902397008636144,source,2596,,neutral,ai,ai_labeled,Hỏi có lịch đăng ký chưa.,low,comment_only_no_parent_or_post_text
902407098635135,902386121970566,Có lịch chưa . Đang tính học vượt 4 môn kỳ cải thiện,ptit_2k5,https://www.facebook.com/groups/2k5ptit,2026-10-06T08:59:42.900489+00:00,902407098635135,source,2597,,neutral,ai,ai_labeled,Hỏi lịch để đăng ký học vượt.,low,comment_only_no_parent_or_post_text
902409255301586,902386121970566,Hiếu Ka Ka :)) trường làm gì có học vượt,ptit_2k5,https://www.facebook.com/groups/2k5ptit,2026-10-06T08:59:42.900489+00:00,902409255301586,source,2598,,neutral,ai,ai_labeled,Thông tin trường không có học vượt.,medium,comment_only_no_parent_or_post_text
902416331967545,902386121970566,Bạch Kiên lịch thi kỳ này của tớ nhé đều là học lần 1 và 800k một tín,ptit_2k5,https://www.facebook.com/groups/2k5ptit,2026-10-06T08:59:42.900489+00:00,902416331967545,source,2599,,neutral,ai,ai_labeled,Nêu lịch thi và học phí của mình.,low,comment_only_no_parent_or_post_text
902419711967207,902386121970566,Thế Tâm khóc,ptit_2k5,https://www.facebook.com/groups/2k5ptit,2026-10-06T08:59:42.900489+00:00,902419711967207,source,2600,,negative,ai,ai_labeled,Biểu lộ khóc.,medium,comment_only_no_parent_or_post_text
902427335299778,902386121970566,thì điểm kém thôi chứ sao em kkk,ptit_2k5,https://www.facebook.com/groups/2k5ptit,2026-10-06T08:59:42.900489+00:00,902427335299778,source,2601,,negative,ai,ai_labeled,"Nhận xét điểm kém, có thể trêu.",high,comment_only_no_parent_or_post_text
902430945299417,902386121970566,"có bỏ học dc ko bạn ơi, mình nghe mng nói là hình như ko hủy được hay sao í",ptit_2k5,https://www.facebook.com/groups/2k5ptit,2026-10-06T08:59:42.900489+00:00,902430945299417,source,2602,,neutral,ai,ai_labeled,Hỏi có hủy học được không.,low,comment_only_no_parent_or_post_text
902475878628257,902386121970566,"Hiếu Ka Ka cho mình hỏi xíu, bạn chưa học mà vẫn học cải thiện được hả",ptit_2k5,https://www.facebook.com/groups/2k5ptit,2026-10-06T08:59:42.900489+00:00,902475878628257,source,2603,,neutral,ai,ai_labeled,Hỏi có cải thiện môn chưa học không.,low,comment_only_no_parent_or_post_text
902488401960338,902386121970566,Ngô Khanh kỳ cải thiện để đki vượt mà .,ptit_2k5,https://www.facebook.com/groups/2k5ptit,2026-10-06T08:59:42.900489+00:00,902488401960338,source,2604,,neutral,ai,ai_labeled,Giải thích ý định đăng ký vượt trong kỳ cải thiện.,low,comment_only_no_parent_or_post_text
902584218617423,902386121970566,"Hiếu Ka Ka học vượt được hả b, cần phải đăng kí ở đâu",ptit_2k5,https://www.facebook.com/groups/2k5ptit,2026-10-06T08:59:42.900489+00:00,902584218617423,source,2605,,neutral,ai,ai_labeled,Hỏi nơi đăng ký học vượt.,low,comment_only_no_parent_or_post_text
902585328617312,902386121970566,DT Sys ko nhé đki như tín bthg thôi cậu,ptit_2k5,https://www.facebook.com/groups/2k5ptit,2026-10-06T08:59:42.900489+00:00,902585328617312,source,2606,,neutral,ai,ai_labeled,Thông tin đăng ký như tín chỉ bình thường.,low,comment_only_no_parent_or_post_text
902640411945137,902386121970566,"Thiên Hà mình không biết, chưa nộp tiền chắc có thể bỏ được b",ptit_2k5,https://www.facebook.com/groups/2k5ptit,2026-10-06T08:59:42.900489+00:00,902640411945137,source,2607,,neutral,ai,ai_labeled,Nêu chưa biết và khả năng bỏ nếu chưa đóng tiền.,low,comment_only_no_parent_or_post_text
902705681938610,902386121970566,Có lịch đk chưa b ơi,ptit_2k5,https://www.facebook.com/groups/2k5ptit,2026-10-06T08:59:42.900489+00:00,902705681938610,source,2608,,neutral,ai,ai_labeled,Hỏi đã có lịch đăng ký chưa.,low,comment_only_no_parent_or_post_text
926604342882077,926530539556124,đúng e,ptit_2k5,https://www.facebook.com/groups/2k5ptit,2026-10-06T08:59:44.846671+00:00,926604342882077,source,2622,,neutral,ai,ai_labeled,Xác nhận đúng.,low,comment_only_no_parent_or_post_text
926606576215187,926530539556124,Đô Lê chị này giỏi thế,ptit_2k5,https://www.facebook.com/groups/2k5ptit,2026-10-06T08:59:44.846671+00:00,926606576215187,source,2623,,positive,ai,ai_labeled,Khen giỏi.,low,comment_only_no_parent_or_post_text
926606922881819,926530539556124,Thành cay vkl,ptit_2k5,https://www.facebook.com/groups/2k5ptit,2026-10-06T08:59:44.846671+00:00,926606922881819,source,2624,,negative,ai,ai_labeled,Bày tỏ rất bực bằng tiếng lóng.,low,comment_only_no_parent_or_post_text
926607169548461,926530539556124,"Thành chị này cao gần m9 nặng gần 1 tạ, chubby vkl",ptit_2k5,https://www.facebook.com/groups/2k5ptit,2026-10-06T08:59:44.846671+00:00,926607169548461,source,2625,,neutral,ai,ai_labeled,"Mô tả vóc dáng theo giọng đùa, chưa khen chê rõ.",high,comment_only_no_parent_or_post_text
926607366215108,926530539556124,Đô Lê hệ tư tưởng ruốc ở miền trong à,ptit_2k5,https://www.facebook.com/groups/2k5ptit,2026-10-06T08:59:44.846671+00:00,926607366215108,source,2626,,neutral,ai,ai_labeled,Hỏi cách nghĩ về món ăn vùng miền.,high,comment_only_no_parent_or_post_text
927550149454163,927548046121040,Khóc,ptit_2k5,https://www.facebook.com/groups/2k5ptit,2026-10-06T08:59:42.960256+00:00,927550149454163,source,2628,,negative,ai,ai_labeled,Biểu lộ khóc.,medium,comment_only_no_parent_or_post_text
927550716120773,927548046121040,xin rì viu,ptit_2k5,https://www.facebook.com/groups/2k5ptit,2026-10-06T08:59:42.960256+00:00,927550716120773,source,2629,,neutral,ai,ai_labeled,Xin nhận xét.,low,comment_only_no_parent_or_post_text
927552092787302,927548046121040,Mn tóm tắt cho e đề dc khong,ptit_2k5,https://www.facebook.com/groups/2k5ptit,2026-10-06T08:59:42.960256+00:00,927552092787302,source,2631,,neutral,ai,ai_labeled,Nhờ tóm tắt đề.,low,comment_only_no_parent_or_post_text
927552269453951,927548046121040,5 câu,ptit_2k5,https://www.facebook.com/groups/2k5ptit,2026-10-06T08:59:42.960256+00:00,927552269453951,source,2632,,neutral,ai,ai_labeled,Nêu số câu.,low,comment_only_no_parent_or_post_text
927552482787263,927548046121040,NT Ngọc Hà sinh vs cây nhị phân ra gì vậy ạ:((,ptit_2k5,https://www.facebook.com/groups/2k5ptit,2026-10-06T08:59:42.960256+00:00,927552482787263,source,2633,,negative,ai,ai_labeled,Lo về nội dung đề kèm biểu tượng buồn.,medium,comment_only_no_parent_or_post_text
927552599453918,927548046121040,"Người tham gia ẩn danh 721 đây là đề 8h, đề 9h nào dễ như thế này",ptit_2k5,https://www.facebook.com/groups/2k5ptit,2026-10-06T08:59:42.960256+00:00,927552599453918,source,2634,,negative,ai,ai_labeled,Than đề ca chín giờ không dễ như đề này.,medium,comment_only_no_parent_or_post_text
927552816120563,927548046121040,Người tham gia ẩn danh 721 đây là ca 8h hay sau 8h vậy ạ?,ptit_2k5,https://www.facebook.com/groups/2k5ptit,2026-10-06T08:59:42.960256+00:00,927552816120563,source,2635,,neutral,ai,ai_labeled,Hỏi ca thi của đề.,low,comment_only_no_parent_or_post_text
927552916120553,927548046121040,Người tham gia ẩn danh 721 đây đề mình ca 8h mà,ptit_2k5,https://www.facebook.com/groups/2k5ptit,2026-10-06T08:59:42.960256+00:00,927552916120553,source,2636,,neutral,ai,ai_labeled,Đính chính ca thi.,low,comment_only_no_parent_or_post_text
927553469453831,927548046121040,"Người tham gia ẩn danh sinh tổ hợp rồi cộng tổng xem có phải số fibo không, nhị phân tìm đường đi từ gốc đến lá phải",ptit_2k5,https://www.facebook.com/groups/2k5ptit,2026-10-06T08:59:42.960256+00:00,927553469453831,source,2637,,neutral,ai,ai_labeled,Mô tả các bài lập trình trong đề.,low,comment_only_no_parent_or_post_text
927560886119756,927548046121040,"4 phân loại, 1 trung bình :))))",ptit_2k5,https://www.facebook.com/groups/2k5ptit,2026-10-06T08:59:42.960256+00:00,927560886119756,source,2638,,neutral,ai,ai_labeled,Nêu mức độ các câu.,low,comment_only_no_parent_or_post_text
927562066119638,927548046121040,NT Ngọc Hà các câu còn lại là gì ạ,ptit_2k5,https://www.facebook.com/groups/2k5ptit,2026-10-06T08:59:42.960256+00:00,927562066119638,source,2639,,neutral,ai,ai_labeled,Hỏi các câu còn lại.,low,comment_only_no_parent_or_post_text
927563596119485,927548046121040,Khó vlz :((( sao năm nào ca 9h cũng quỷ v,ptit_2k5,https://www.facebook.com/groups/2k5ptit,2026-10-06T08:59:42.960256+00:00,927563596119485,source,2640,,negative,ai,ai_labeled,Than đề rất khó và ca thi năm nào cũng khó.,low,comment_only_no_parent_or_post_text
927612726114572,927548046121040,NT Ngọc Hà ca 9h b có AC đc câu đồ thị không ạ,ptit_2k5,https://www.facebook.com/groups/2k5ptit,2026-10-06T08:59:42.960256+00:00,927612726114572,source,2641,,neutral,ai,ai_labeled,Hỏi giải được bài đồ thị không.,low,comment_only_no_parent_or_post_text
928643922678119,928628222679689,"Thì dùng tool đi,lỡ bị gọi lên thì thôi=))",ptit_2k5,https://www.facebook.com/groups/2k5ptit,2026-10-06T08:59:43.011844+00:00,928643922678119,source,2642,,neutral,ai,ai_labeled,"Gợi ý dùng công cụ gian lận, không đánh giá cảm xúc rõ.",high,comment_only_no_parent_or_post_text
928687982673713,928628222679689,Thằng bạn t kề dao vào dái t ko cho tiết lộ sr,ptit_2k5,https://www.facebook.com/groups/2k5ptit,2026-10-06T08:59:43.011844+00:00,928687982673713,source,2643,,neutral,ai,ai_labeled,Từ chối tiết lộ bằng câu đùa phóng đại.,high,comment_only_no_parent_or_post_text
928886385987206,928628222679689,Nguyễn Ngân cho a theo zới,ptit_2k5,https://www.facebook.com/groups/2k5ptit,2026-10-06T08:59:43.012859+00:00,928886385987206,source,2644,,neutral,ai,ai_labeled,Xin theo cùng.,low,comment_only_no_parent_or_post_text
928952159313962,928628222679689,"mình kì nào cũng 1 tiếng, 30p là nhanh r :0",ptit_2k5,https://www.facebook.com/groups/2k5ptit,2026-10-06T08:59:43.012859+00:00,928952159313962,source,2646,,neutral,ai,ai_labeled,Nêu thời gian thi mình từng gặp.,low,comment_only_no_parent_or_post_text
928966982645813,928628222679689,Anonymous participant 280 ib riêng ạ,ptit_2k5,https://www.facebook.com/groups/2k5ptit,2026-10-06T08:59:43.012859+00:00,928966982645813,source,2648,,neutral,ai,ai_labeled,Đề nghị nhắn riêng.,low,comment_only_no_parent_or_post_text
929043022638209,928628222679689,Peter John anh có tip nào ko chỉ em với:)),ptit_2k5,https://www.facebook.com/groups/2k5ptit,2026-10-06T08:59:43.012859+00:00,929043022638209,source,2649,,neutral,ai,ai_labeled,Xin mẹo học hoặc thi.,low,comment_only_no_parent_or_post_text
933464952196016,933395482202963,bạn tham khảo đề này nha,ptit_2k5,https://www.facebook.com/groups/2k5ptit,2026-10-06T08:59:44.321948+00:00,933464952196016,source,2654,,neutral,ai,ai_labeled,Đề nghị tham khảo đề.,low,comment_only_no_parent_or_post_text
933466328862545,933395482202963,Thu Thảo mình cảm ơnnn,ptit_2k5,https://www.facebook.com/groups/2k5ptit,2026-10-06T08:59:44.321948+00:00,933466328862545,source,2655,,positive,ai,ai_labeled,Bày tỏ cảm ơn.,low,comment_only_no_parent_or_post_text
937759768433201,937739115101933,Đức Vũ bỏ ẩn danh ra mà đăng.....,ptit_2k5,https://www.facebook.com/groups/2k5ptit,2026-10-06T08:59:44.606186+00:00,937759768433201,source,2656,possible_truncation_or_deliberate_ellipsis,neutral,ai,ai_labeled,Yêu cầu bỏ ẩn danh khi đăng.,medium,comment_only_no_parent_or_post_text
937763628432815,937739115101933,Nộp thấy ac load lại wa,ptit_2k5,https://www.facebook.com/groups/2k5ptit,2026-10-06T08:59:44.606186+00:00,937763628432815,source,2657,,neutral,ai,ai_labeled,Kể nộp bài thấy kết quả rồi tải lại trang.,medium,comment_only_no_parent_or_post_text
937764538432724,937739115101933,Trần Trọng Hùng căn này mạnh thật,ptit_2k5,https://www.facebook.com/groups/2k5ptit,2026-10-06T08:59:44.606186+00:00,937764538432724,source,2658,,positive,ai,ai_labeled,"Khen khả năng tính căn mạnh, có thể trêu.",high,comment_only_no_parent_or_post_text
937767318432446,937739115101933,"Hoàng Hoàng Tuấn Dương Thắng u, v > n :))",ptit_2k5,https://www.facebook.com/groups/2k5ptit,2026-10-06T08:59:44.606186+00:00,937767318432446,source,2659,,neutral,ai,ai_labeled,Nêu điều kiện toán học.,low,comment_only_no_parent_or_post_text
937771218432056,937739115101933,":))) đề vào ra file nhưng cin cout mới AC, đề bảo có hướng nhưng k hướng mới AC, ảo v:))",ptit_2k5,https://www.facebook.com/groups/2k5ptit,2026-10-06T08:59:44.606186+00:00,937771218432056,source,2660,,negative,ai,ai_labeled,Phàn nàn mô tả đề khác cách chấm.,low,comment_only_no_parent_or_post_text
937792558429922,937739115101933,Hắc Diệp code như ko code,ptit_2k5,https://www.facebook.com/groups/2k5ptit,2026-10-06T08:59:44.606186+00:00,937792558429922,source,2661,,negative,ai,ai_labeled,Chê lập trình như không lập trình.,high,comment_only_no_parent_or_post_text
937799011762610,937739115101933,Dũng Nguyễn m đăng à bro,ptit_2k5,https://www.facebook.com/groups/2k5ptit,2026-10-06T08:59:44.606186+00:00,937799011762610,source,2662,,neutral,ai,ai_labeled,Hỏi ai đăng bài.,low,comment_only_no_parent_or_post_text
937813611761150,937739115101933,Ý là bài đấy phải dùng căn bậc 2 để tính hả?,ptit_2k5,https://www.facebook.com/groups/2k5ptit,2026-10-06T08:59:44.606186+00:00,937813611761150,source,2663,,neutral,ai,ai_labeled,Hỏi cần dùng căn bậc hai không.,low,comment_only_no_parent_or_post_text
938815231660988,938781288331049,"Ko hiểu sao năm nay thi trr2 khó thế, trường thích đổi mới quá vậy",ptit_2k5,https://www.facebook.com/groups/2k5ptit,2026-10-06T08:59:44.457833+00:00,938815231660988,source,2664,,negative,ai,ai_labeled,Than đề năm nay khó và mỉa mai đổi mới.,low,comment_only_no_parent_or_post_text
938817141660797,938781288331049,same,ptit_2k5,https://www.facebook.com/groups/2k5ptit,2026-10-06T08:59:44.458832+00:00,938817141660797,source,2665,,neutral,ai,ai_labeled,"Nói cùng tình huống, không có đánh giá độc lập.",high,comment_only_no_parent_or_post_text
938818048327373,938781288331049,Tú con chó cỏ này diễn ít thoi,ptit_2k5,https://www.facebook.com/groups/2k5ptit,2026-10-06T08:59:44.458832+00:00,938818048327373,source,2666,,negative,ai,ai_labeled,"Trách diễn bằng lời xúc phạm, có thể trêu.",high,comment_only_no_parent_or_post_text
938825884993256,938781288331049,Hưng Kim share típ đi cậu,ptit_2k5,https://www.facebook.com/groups/2k5ptit,2026-10-06T08:59:44.458832+00:00,938825884993256,source,2668,,neutral,ai,ai_labeled,Xin chia sẻ mẹo.,low,comment_only_no_parent_or_post_text
938831714992673,938781288331049,Người Dùng Faceboook anh giết Euler không được anh giết thằng ngồi phét ấy =)),ptit_2k5,https://www.facebook.com/groups/2k5ptit,2026-10-06T08:59:44.458832+00:00,938831714992673,source,2669,,negative,ai,ai_labeled,"Bực vì không giải được bài và người nói phét, lời đùa phóng đại.",high,comment_only_no_parent_or_post_text
938856498323528,938781288331049,thi trr 90' hay 120' vậy ạ,ptit_2k5,https://www.facebook.com/groups/2k5ptit,2026-10-06T08:59:44.458832+00:00,938856498323528,source,2670,,neutral,ai,ai_labeled,Hỏi thời lượng thi.,low,comment_only_no_parent_or_post_text
938865661655945,938781288331049,Đạt Dương Văn ngủ đi bn,ptit_2k5,https://www.facebook.com/groups/2k5ptit,2026-10-06T08:59:44.458832+00:00,938865661655945,source,2671,,neutral,ai,ai_labeled,Khuyên đi ngủ.,medium,comment_only_no_parent_or_post_text
938875898321588,938781288331049,Ng ThuNgaan vậy nếu thay đổi thì là tháng 7/2026 rồi ư?,ptit_2k5,https://www.facebook.com/groups/2k5ptit,2026-10-06T08:59:44.458832+00:00,938875898321588,source,2672,,neutral,ai,ai_labeled,Hỏi mốc thời gian nếu thay đổi.,low,comment_only_no_parent_or_post_text
938937031648808,938781288331049,Người Dùng Faceboook same qq,ptit_2k5,https://www.facebook.com/groups/2k5ptit,2026-10-06T08:59:44.458832+00:00,938937031648808,source,2673,,negative,ai,ai_labeled,Phản bác lời đồng tình bằng tiếng lóng.,high,comment_only_no_parent_or_post_text
938995974976247,938781288331049,Người Dùng Faceboook tht ko bn,ptit_2k5,https://www.facebook.com/groups/2k5ptit,2026-10-06T08:59:44.458832+00:00,938995974976247,source,2674,,neutral,ai,ai_labeled,Hỏi có thật không.,low,comment_only_no_parent_or_post_text
939005904975254,938781288331049,TTuấnn AAnhh nếu thay đổi thì là tháng 5 âm lịch 2026,ptit_2k5,https://www.facebook.com/groups/2k5ptit,2026-10-06T08:59:44.458832+00:00,939005904975254,source,2675,,neutral,ai,ai_labeled,Nêu mốc thời gian thay đổi.,low,comment_only_no_parent_or_post_text
939052988303879,938781288331049,Người Dùng Faceboook thôi t ko chế cỗ máy tgian nữa t lm cái còn lại,ptit_2k5,https://www.facebook.com/groups/2k5ptit,2026-10-06T08:59:44.458832+00:00,939052988303879,source,2676,,neutral,ai,ai_labeled,Nói chọn việc khác bằng câu đùa máy thời gian.,high,comment_only_no_parent_or_post_text
939585648250613,938781288331049,Mong nó là CPA,ptit_2k5,https://www.facebook.com/groups/2k5ptit,2026-10-06T08:59:44.458832+00:00,939585648250613,source,2678,,neutral,ai,ai_labeled,"Mong loại điểm được tính là CPA, chưa sắc thái rõ.",medium,comment_only_no_parent_or_post_text
940392441503267,940371934838651,"Thầy Đức là btl 20% , ktra 20% cc10%",ptit_2k5,https://www.facebook.com/groups/2k5ptit,2026-10-06T08:59:43.075316+00:00,940392441503267,source,2679,,neutral,ai,ai_labeled,Nêu trọng số thành phần.,low,comment_only_no_parent_or_post_text
940414478167730,940371934838651,GreenBroccoliBoiled oop học bằng nn gì vậy ạ,ptit_2k5,https://www.facebook.com/groups/2k5ptit,2026-10-06T08:59:43.075316+00:00,940414478167730,source,2680,,neutral,ai,ai_labeled,Hỏi ngôn ngữ lập trình môn học.,low,comment_only_no_parent_or_post_text
940426928166485,940371934838651,InspiringPomegranate747 java,ptit_2k5,https://www.facebook.com/groups/2k5ptit,2026-10-06T08:59:43.075316+00:00,940426928166485,source,2681,,neutral,ai,ai_labeled,Trả lời Java.,low,comment_only_no_parent_or_post_text
940436844832160,940371934838651,Nguyễn Thế Dương oki a,ptit_2k5,https://www.facebook.com/groups/2k5ptit,2026-10-06T08:59:43.075316+00:00,940436844832160,source,2682,,neutral,ai,ai_labeled,Lời đồng ý.,low,comment_only_no_parent_or_post_text
940448888164289,940371934838651,Nguyễn Thế Dương dạ anh,ptit_2k5,https://www.facebook.com/groups/2k5ptit,2026-10-06T08:59:43.075316+00:00,940448888164289,source,2683,,neutral,ai,ai_labeled,Lời đáp dạ.,low,comment_only_no_parent_or_post_text
940493638159814,940371934838651,Trần Quang TiếnNam TranNguyễn Dũng may oop ko phải họ là D,ptit_2k5,https://www.facebook.com/groups/2k5ptit,2026-10-06T08:59:43.075316+00:00,940493638159814,source,2684,,positive,ai,ai_labeled,Mừng không gặp người được ám chỉ bằng chữ đầu.,high,comment_only_no_parent_or_post_text
940496478159530,940371934838651,Nguyễn Quang Anh là D thì 6 5 3,ptit_2k5,https://www.facebook.com/groups/2k5ptit,2026-10-06T08:59:43.075316+00:00,940496478159530,source,2685,,neutral,ai,ai_labeled,Nêu các con số cho trường hợp giả định.,high,comment_only_no_parent_or_post_text
940506831491828,940371934838651,Nguyễn Quang Anh rồi sao,ptit_2k5,https://www.facebook.com/groups/2k5ptit,2026-10-06T08:59:43.075316+00:00,940506831491828,source,2686,,neutral,ai,ai_labeled,Hỏi rồi sao.,medium,comment_only_no_parent_or_post_text
940586434817201,940371934838651,Thầy Bách tính điểm theo codeptit 20 cc 20 btl1 10 btl2(thầy chấm btl gắt vai),ptit_2k5,https://www.facebook.com/groups/2k5ptit,2026-10-06T08:59:43.075316+00:00,940586434817201,source,2687,,negative,ai,ai_labeled,Than chấm bài tập lớn gắt dù chủ yếu nêu trọng số.,medium,comment_only_no_parent_or_post_text
940695494806295,940371934838651,Vũ Ngọc Lan mmt tính sao vậy cậu,ptit_2k5,https://www.facebook.com/groups/2k5ptit,2026-10-06T08:59:43.075316+00:00,940695494806295,source,2688,,neutral,ai,ai_labeled,Hỏi cách tính điểm môn.,low,comment_only_no_parent_or_post_text
940704381472073,940371934838651,Vũ Hải ngồi bàn đầu là 40% tp trên 9,ptit_2k5,https://www.facebook.com/groups/2k5ptit,2026-10-06T08:59:43.075316+00:00,940704381472073,source,2689,,neutral,ai,ai_labeled,Thông tin vị trí ngồi và điểm thành phần.,low,comment_only_no_parent_or_post_text
940799504795894,940371934838651,"Vũ Hải dza ck, 3 con 10 noi j cung dung",ptit_2k5,https://www.facebook.com/groups/2k5ptit,2026-10-06T08:59:43.075316+00:00,940799504795894,source,2690,,positive,ai,ai_labeled,"Khen ba điểm mười, có thể trêu.",high,comment_only_no_parent_or_post_text
947594347449743,947549197454258,lý thuyết có thầy sự thì lấy k thì vớt thầy dinh.,ptit_2k5,https://www.facebook.com/groups/2k5ptit,2026-10-06T08:59:43.124333+00:00,947594347449743,source,2691,,neutral,ai,ai_labeled,Gợi ý chọn giảng viên theo khả năng đăng ký.,low,comment_only_no_parent_or_post_text
947594617449716,947549197454258,tín hiệu hệ thống thầy chung,ptit_2k5,https://www.facebook.com/groups/2k5ptit,2026-10-06T08:59:43.124333+00:00,947594617449716,source,2692,,neutral,ai,ai_labeled,Gợi ý giảng viên môn học.,low,comment_only_no_parent_or_post_text
947613934114451,947549197454258,Có thực lực cứ học thầy tuấn .,ptit_2k5,https://www.facebook.com/groups/2k5ptit,2026-10-06T08:59:43.124333+00:00,947613934114451,source,2693,,neutral,ai,ai_labeled,Khuyên chọn giảng viên nếu có thực lực.,medium,comment_only_no_parent_or_post_text
947618210780690,947549197454258,Vũ Tiến Quốc gợi ý cho em kìa,ptit_2k5,https://www.facebook.com/groups/2k5ptit,2026-10-06T08:59:43.124333+00:00,947618210780690,source,2694,,neutral,ai,ai_labeled,Nhắc đã có gợi ý.,low,comment_only_no_parent_or_post_text
947644177444760,947549197454258,Pham Tran Quy Tam thầy chung lên điểm tốc độ nhỉ b,ptit_2k5,https://www.facebook.com/groups/2k5ptit,2026-10-06T08:59:43.124333+00:00,947644177444760,source,2695,,positive,ai,ai_labeled,"Khen lên điểm nhanh, có thể mỉa mai.",high,comment_only_no_parent_or_post_text
947707290771782,947549197454258,Pham Tran Quy Tam Anh ak,ptit_2k5,https://www.facebook.com/groups/2k5ptit,2026-10-06T08:59:43.124333+00:00,947707290771782,source,2696,,neutral,ai,ai_labeled,Thán từ đáp lại không đánh giá rõ.,high,comment_only_no_parent_or_post_text
947876024088242,947549197454258,Bao Quach quá tốc độ luôn b ạ:)),ptit_2k5,https://www.facebook.com/groups/2k5ptit,2026-10-06T08:59:43.124333+00:00,947876024088242,source,2697,,positive,ai,ai_labeled,"Khen lên điểm quá nhanh, có thể trêu.",high,comment_only_no_parent_or_post_text
948199820722529,902386121970566,Em tưởng nhân 1.5 hay 1.2 thôi chứ ạ,ptit_2k5,https://www.facebook.com/groups/2k5ptit,2026-10-06T08:59:42.900489+00:00,948199820722529,source,2698,,neutral,ai,ai_labeled,Hỏi lại hệ số học phí.,low,comment_only_no_parent_or_post_text
948209710721540,902386121970566,Người tham gia ẩn danh 703 lớp dưới 10 người nên nó nhân lên ấy b,ptit_2k5,https://www.facebook.com/groups/2k5ptit,2026-10-06T08:59:42.900489+00:00,948209710721540,source,2699,,neutral,ai,ai_labeled,Giải thích nhân phí vì lớp ít người.,low,comment_only_no_parent_or_post_text
948218317387346,902386121970566,"Người tham gia ẩn danh khi nào nhân 1.2 , 1.5 ạ b",ptit_2k5,https://www.facebook.com/groups/2k5ptit,2026-10-06T08:59:42.900489+00:00,948218317387346,source,2700,,neutral,ai,ai_labeled,Hỏi khi nào áp dụng các hệ số.,low,comment_only_no_parent_or_post_text
948225834053261,902386121970566,"Người tham gia ẩn danh 703 lớp dưới 10ng là x1,5, cải thiện học lại là x1,2 hay sao ấy b nếu là cả 2 trường hợp thì x1,8",ptit_2k5,https://www.facebook.com/groups/2k5ptit,2026-10-06T08:59:42.900489+00:00,948225834053261,source,2701,,neutral,ai,ai_labeled,Giải thích hệ số theo sĩ số và học lại.,low,comment_only_no_parent_or_post_text
971845971691247,971820191693825,Bất mãn thì ra ngoài ạ:))),ptit_2k5,https://www.facebook.com/groups/2k5ptit,2026-10-06T08:59:42.755892+00:00,971845971691247,source,2718,,negative,ai,ai_labeled,"Xua người bất mãn ra ngoài, có thể trêu.",high,comment_only_no_parent_or_post_text
971847798357731,971820191693825,bất mãn quá thì nhường e slot vs ạ,ptit_2k5,https://www.facebook.com/groups/2k5ptit,2026-10-06T08:59:42.755892+00:00,971847798357731,source,2719,,negative,ai,ai_labeled,Châm biếm bảo người bất mãn nhường suất.,high,comment_only_no_parent_or_post_text
971848285024349,971820191693825,Sao đấy bạn,ptit_2k5,https://www.facebook.com/groups/2k5ptit,2026-10-06T08:59:42.755892+00:00,971848285024349,source,2720,,neutral,ai,ai_labeled,Hỏi có chuyện gì.,low,comment_only_no_parent_or_post_text
972004851675359,971820191693825,vụ gì thế tôi ms ở trong hang ra nên không biết,ptit_2k5,https://www.facebook.com/groups/2k5ptit,2026-10-06T08:59:42.755892+00:00,972004851675359,source,2723,,neutral,ai,ai_labeled,Hỏi chuyện đang xảy ra vì chưa biết.,low,comment_only_no_parent_or_post_text
972252948317216,971820191693825,Ô thì biết cái cho' gì,ptit_2k5,https://www.facebook.com/groups/2k5ptit,2026-10-06T08:59:42.755892+00:00,972252948317216,source,2724,,negative,ai,ai_labeled,Chê người khác không biết gì bằng lời tục.,high,comment_only_no_parent_or_post_text
972496021626242,971820191693825,b làm j đc pha này ? báo chính quyền à ?,ptit_2k5,https://www.facebook.com/groups/2k5ptit,2026-10-06T08:59:42.755892+00:00,972496021626242,source,2725,,negative,ai,ai_labeled,"Chất vấn có thể làm gì, thể hiện bất lực hoặc châm biếm.",high,comment_only_no_parent_or_post_text
977025507839960,977003881175456,Mình đổ tiền vào học rồi thì cứ can đảm public danh tính thôi cậu. Mình phản ánh thực trạng để tốt hơn thôi mà!,ptit_2k5,https://www.facebook.com/groups/2k5ptit,2026-10-06T08:59:42.885889+00:00,977025507839960,source,2726,,positive,ai,ai_labeled,Ủng hộ công khai phản ánh để cải thiện thực trạng.,medium,comment_only_no_parent_or_post_text
977027044506473,977003881175456,không biết nên đã đặt nv,ptit_2k5,https://www.facebook.com/groups/2k5ptit,2026-10-06T08:59:42.885889+00:00,977027044506473,source,2727,,neutral,ai,ai_labeled,Kể không biết nên đã đặt nguyện vọng.,low,comment_only_no_parent_or_post_text
977030461172798,977003881175456,Dương Ngọc Phương Phương ae lên phím :))),ptit_2k5,https://www.facebook.com/groups/2k5ptit,2026-10-06T08:59:42.885889+00:00,977030461172798,source,2728,,neutral,ai,ai_labeled,Rủ bình luận theo giọng đùa.,high,comment_only_no_parent_or_post_text
977031614506016,977003881175456,Thu Giang thô nhưng thật,ptit_2k5,https://www.facebook.com/groups/2k5ptit,2026-10-06T08:59:42.885889+00:00,977031614506016,source,2729,,positive,ai,ai_labeled,Đồng tình nội dung thô nhưng thật.,medium,comment_only_no_parent_or_post_text
977036927838818,977003881175456,Sai lầm lớn nhất cuộc đời tao là để nv1 ptit,ptit_2k5,https://www.facebook.com/groups/2k5ptit,2026-10-06T08:59:42.885889+00:00,977036927838818,source,2730,,negative,ai,ai_labeled,Hối tiếc lớn vì chọn trường làm nguyện vọng một.,low,comment_only_no_parent_or_post_text
977037684505409,977003881175456,Nghe cũng make sense:)),ptit_2k5,https://www.facebook.com/groups/2k5ptit,2026-10-06T08:59:42.885889+00:00,977037684505409,source,2731,,positive,ai,ai_labeled,Đánh giá lập luận hợp lý.,medium,comment_only_no_parent_or_post_text
977037974505380,977003881175456,"chả có bệnh thành tích j cả, chỉ là thèm tiền thôi. toàn bánh vẽ mấy cái linh tinh",ptit_2k5,https://www.facebook.com/groups/2k5ptit,2026-10-06T08:59:42.885889+00:00,977037974505380,source,2732,,negative,ai,ai_labeled,Chê chỉ muốn tiền và hứa hẹn không thật.,low,comment_only_no_parent_or_post_text
977039107838600,977003881175456,Nquyễn Huy Hoànq 825k cho ý kiến đi,ptit_2k5,https://www.facebook.com/groups/2k5ptit,2026-10-06T08:59:42.885889+00:00,977039107838600,source,2733,,neutral,ai,ai_labeled,Mời người liên quan học phí đưa ý kiến.,high,comment_only_no_parent_or_post_text
977040174505160,977003881175456,"cái ptb đúng xàm 
 chả đc cái tích sự gì cho việc học tập ở trường trong khi quanh trường đấy quán siêu đẹp với nhiều đồ",ptit_2k5,https://www.facebook.com/groups/2k5ptit,2026-10-06T08:59:42.885889+00:00,977040174505160,source,2734,,negative,ai,ai_labeled,Chê cơ sở mới vô ích cho việc học.,low,comment_only_no_parent_or_post_text
977041534505024,977003881175456,Mik học kĩ thuật thấy đồ dùng thí nghiệm thì k thấy thay hoặc bổ sung thêm mà học phí tăng toàn làm những cái mà sinh viên thực sự k cần thiết -)),ptit_2k5,https://www.facebook.com/groups/2k5ptit,2026-10-06T08:59:42.885889+00:00,977041534505024,source,2735,,negative,ai,ai_labeled,Phàn nàn phí tăng nhưng đồ thí nghiệm không được bổ sung.,low,comment_only_no_parent_or_post_text
977048791170965,977003881175456,Nguyễnn Triệuu thật đây là quyền lợi của mình mà,ptit_2k5,https://www.facebook.com/groups/2k5ptit,2026-10-06T08:59:42.885889+00:00,977048791170965,source,2736,,positive,ai,ai_labeled,Ủng hộ việc lên tiếng vì quyền lợi.,medium,comment_only_no_parent_or_post_text
977061524503025,977003881175456,Thu Giang bức súc lắm mới nói,ptit_2k5,https://www.facebook.com/groups/2k5ptit,2026-10-06T08:59:42.885889+00:00,977061524503025,source,2737,,negative,ai,ai_labeled,Bày tỏ rất bức xúc.,low,comment_only_no_parent_or_post_text
977196174489560,977003881175456,Nguyễnn Triệuu rất trân trọng,ptit_2k5,https://www.facebook.com/groups/2k5ptit,2026-10-06T08:59:42.885889+00:00,977196174489560,source,2738,,positive,ai,ai_labeled,Bày tỏ trân trọng.,low,comment_only_no_parent_or_post_text
977654444443733,977618491113995,"huhu còn vụ phúc khảo cũng như không nữa 
 bức xúc vô cùng",ptit_2k5,https://www.facebook.com/groups/2k5ptit,2026-10-06T08:59:44.957194+00:00,977654444443733,source,2739,,negative,ai,ai_labeled,Bức xúc vì phúc khảo không hiệu quả.,low,comment_only_no_parent_or_post_text
977655077777003,977618491113995,Năm nay cũng vậy. Lúc 2k7 chưa chốt nvong thì xây các thứ pr. Lúc chốt nvong rồi mới tăng hp:)),ptit_2k5,https://www.facebook.com/groups/2k5ptit,2026-10-06T08:59:44.957194+00:00,977655077777003,source,2740,,negative,ai,ai_labeled,Chê quảng bá trước rồi mới tăng học phí.,high,comment_only_no_parent_or_post_text
977656011110243,977618491113995,"Những bài viết bình tĩnh như này thì admin mới nên duyệt chứ đừng để mấy ng bức xúc đc duyệt lại có mấy đứa vào cắn r lại lôi ra nói này nói nọ, đây như 1 tâm thư gửi nhà trường, ko phải ai đi học cũng khá giả để gồng gánh học phí như thế. Mong ban công tác sinh viên đọc và đưa đề xuất lên nhà trg, với mức học phí này thì rất nhiều người hoàn cảnh như này",ptit_2k5,https://www.facebook.com/groups/2k5ptit,2026-10-06T08:59:44.957194+00:00,977656011110243,source,2741,,negative,ai,ai_labeled,Lo gánh nặng học phí và mong nhà trường giải quyết.,medium,comment_only_no_parent_or_post_text
977656407776870,977618491113995,Trường có lắng nghe,ptit_2k5,https://www.facebook.com/groups/2k5ptit,2026-10-06T08:59:44.957194+00:00,977656407776870,source,2743,,positive,ai,ai_labeled,Đánh giá trường lắng nghe; cần kiểm tra khả năng nói ngược.,high,comment_only_no_parent_or_post_text
977657297776781,977618491113995,Hỏi thật mức học phí cũ chưa đủ dư để các ông cắn à ? Chửi thẳng mặt địt con mẹ mày ptit,ptit_2k5,https://www.facebook.com/groups/2k5ptit,2026-10-06T08:59:44.957194+00:00,977657297776781,source,2744,,negative,ai,ai_labeled,Phàn nàn học phí và chửi trực tiếp nhà trường.,low,comment_only_no_parent_or_post_text
977660981109746,977618491113995,Hhuuhuh. E cx gia cảnh khó khăn quá ạ,ptit_2k5,https://www.facebook.com/groups/2k5ptit,2026-10-06T08:59:44.957194+00:00,977660981109746,source,2745,,negative,ai,ai_labeled,Buồn vì hoàn cảnh kinh tế khó khăn.,low,comment_only_no_parent_or_post_text
977662187776292,977618491113995,Tuần sau thấy ae đứng trc cửa A2 biểu tình,ptit_2k5,https://www.facebook.com/groups/2k5ptit,2026-10-06T08:59:44.957194+00:00,977662187776292,source,2746,,neutral,ai,ai_labeled,"Dự đoán biểu tình, có thể đùa.",high,comment_only_no_parent_or_post_text
977668591108985,977618491113995,Lê Thái Nguyên vua bịp đất bắc:),ptit_2k5,https://www.facebook.com/groups/2k5ptit,2026-10-06T08:59:44.957194+00:00,977668591108985,source,2747,,negative,ai,ai_labeled,Chê lừa dối bằng biệt danh vua bịp.,high,comment_only_no_parent_or_post_text
977673357775175,977618491113995,"Đây chỉ là nhóm sinh viên với nhau thôi bạn ơi, viết vào đây ko ai lắng nghe đâu",ptit_2k5,https://www.facebook.com/groups/2k5ptit,2026-10-06T08:59:44.957194+00:00,977673357775175,source,2748,,negative,ai,ai_labeled,Bi quan viết trong nhóm sẽ không được lắng nghe.,medium,comment_only_no_parent_or_post_text
977679111107933,977618491113995,Cắn hơi sâuuu Linh Trần,ptit_2k5,https://www.facebook.com/groups/2k5ptit,2026-10-06T08:59:44.957194+00:00,977679111107933,source,2749,,negative,ai,ai_labeled,Chê lấy tiền nhiều qua tiếng lóng cắn sâu.,high,comment_only_no_parent_or_post_text
977690111106833,977618491113995,Nguyễn Hoàng hôm trước mấy ông cháu share tài liệu DSA thầy Sơn vào xem mà :)))),ptit_2k5,https://www.facebook.com/groups/2k5ptit,2026-10-06T08:59:44.957194+00:00,977690111106833,source,2750,,neutral,ai,ai_labeled,Kể giảng viên có xem tài liệu trong nhóm.,low,comment_only_no_parent_or_post_text
977695944439583,977618491113995,"Người tham gia ẩn danh 382 ừ rồi những người mà sinh viên thật sự cần họ lắng nghe mình là các thầy cô trên ban lãnh đạo có ở đây ko, hay chỉ có vài giảng viên dạy các môn học ở đây, rồi bạn nghĩ họ có đề xuất lại ý kiến của sinh viên lên cấp trên ko? Tất nhiên là ko rồi, họ còn lo cho gia đình của mình chứ ai rỗi hơi đâu mà lo cho đám sinh viên này 
 Chả nhẽ cứ ngồi ở đây viết ba mấy cái bài phàn nàn này mà nghĩ trường lắng nghe à, có khướt. Giờ trừ phi có người dám đứng ra làm tiếng nói của sinh viên, đối thoại với nhà trường thì may ra phía trên họ mới lắng nghe, thế nhá",ptit_2k5,https://www.facebook.com/groups/2k5ptit,2026-10-06T08:59:44.957194+00:00,977695944439583,source,2751,,negative,ai,ai_labeled,Bất mãn và bi quan lãnh đạo không lắng nghe sinh viên.,low,comment_only_no_parent_or_post_text
977696651106179,977618491113995,Người tham gia ẩn danh 382 ừ rồi sao ? Mai trường giảm học phí hả bạn,ptit_2k5,https://www.facebook.com/groups/2k5ptit,2026-10-06T08:59:44.957194+00:00,977696651106179,source,2752,,negative,ai,ai_labeled,Câu hỏi mỉa mai trường sẽ không giảm học phí.,high,comment_only_no_parent_or_post_text
977732657769245,977698584439319,Bạn nên ra vp 1c á,ptit_2k5,https://www.facebook.com/groups/2k5ptit,2026-10-06T08:59:44.738727+00:00,977732657769245,source,2753,,neutral,ai,ai_labeled,Gợi ý tới văn phòng.,low,comment_only_no_parent_or_post_text
983407793868398,983380207204490,Học out trình thì có việc còn lại thì thất nghiệp,ptit_2k5,https://www.facebook.com/groups/2k5ptit,2026-10-06T08:59:42.933242+00:00,983407793868398,source,2766,,negative,ai,ai_labeled,Đánh giá cơ hội việc làm rất khó nếu không vượt trội.,medium,comment_only_no_parent_or_post_text
983409077201603,983380207204490,Vua của mọi ngành,ptit_2k5,https://www.facebook.com/groups/2k5ptit,2026-10-06T08:59:42.933242+00:00,983409077201603,source,2767,,positive,ai,ai_labeled,"Tôn ngành học là vua, có thể mỉa mai.",high,comment_only_no_parent_or_post_text
983417870534057,983380207204490,"Ngon, đừng nghe mấy thằng học dốt nói chuyện em",ptit_2k5,https://www.facebook.com/groups/2k5ptit,2026-10-06T08:59:42.933242+00:00,983417870534057,source,2768,,positive,ai,ai_labeled,Khen ngành tốt là chính dù chê người khuyên ngược.,medium,comment_only_no_parent_or_post_text
983418840533960,983380207204490,Người tham gia ẩn danh 278 có phải học nhiều code kh ạ,ptit_2k5,https://www.facebook.com/groups/2k5ptit,2026-10-06T08:59:42.933242+00:00,983418840533960,source,2769,,neutral,ai,ai_labeled,Hỏi có học nhiều lập trình không.,low,comment_only_no_parent_or_post_text
983418910533953,983380207204490,Ổn,ptit_2k5,https://www.facebook.com/groups/2k5ptit,2026-10-06T08:59:42.933242+00:00,983418910533953,source,2770,,positive,ai,ai_labeled,Đánh giá ổn.,low,comment_only_no_parent_or_post_text
983421977200313,983380207204490,Người tham gia ẩn danh năm 3 trở đi là code nhiều bạn nhé,ptit_2k5,https://www.facebook.com/groups/2k5ptit,2026-10-06T08:59:42.933242+00:00,983421977200313,source,2771,,neutral,ai,ai_labeled,Thông tin thời điểm học nhiều lập trình.,low,comment_only_no_parent_or_post_text
983431183866059,983380207204490,Nozz Mai có phải học cấu trúc dữ liệu và giải thuật với toán rời rạc kh ạ,ptit_2k5,https://www.facebook.com/groups/2k5ptit,2026-10-06T08:59:42.933242+00:00,983431183866059,source,2772,,neutral,ai,ai_labeled,Hỏi các môn trong chương trình.,low,comment_only_no_parent_or_post_text
983432587199252,983380207204490,Anonymous participant hai môn đó bắt đầu học từ năm 3,ptit_2k5,https://www.facebook.com/groups/2k5ptit,2026-10-06T08:59:42.933242+00:00,983432587199252,source,2773,,neutral,ai,ai_labeled,Thông tin thời điểm học hai môn.,low,comment_only_no_parent_or_post_text
983435097199001,983380207204490,"Người tham gia ẩn danh thật ra em không học tốt code cũng được vì học viễn thông nên học về các môn liên quan đến vô tuyến và mạng di động nhé, rất dễ xin việc",ptit_2k5,https://www.facebook.com/groups/2k5ptit,2026-10-06T08:59:42.933242+00:00,983435097199001,source,2774,,positive,ai,ai_labeled,Đánh giá ngành dễ xin việc và đưa định hướng học.,medium,comment_only_no_parent_or_post_text
983496120526232,983380207204490,Người tham gia ẩn danh 278 bạn chắc chứ,ptit_2k5,https://www.facebook.com/groups/2k5ptit,2026-10-06T08:59:42.933242+00:00,983496120526232,source,2775,,neutral,ai,ai_labeled,Hỏi có chắc chắn không.,low,comment_only_no_parent_or_post_text
983671737175337,983380207204490,Người tham gia ẩn danh 453 mình đang như vậy đây?,ptit_2k5,https://www.facebook.com/groups/2k5ptit,2026-10-06T08:59:42.933242+00:00,983671737175337,source,2776,,neutral,ai,ai_labeled,Kể đang ở cùng tình huống.,medium,comment_only_no_parent_or_post_text
983813340494510,983801367162374,"Có e nha. Ở ktx sẽ rẻ hơn là thuê trọ bên ngoài, và các slot ở ktx sẽ ưu tiên các b ở xa nhé.",ptit_2k5,https://www.facebook.com/groups/2k5ptit,2026-10-06T08:59:42.787211+00:00,983813340494510,source,2777,,neutral,ai,ai_labeled,Thông tin chi phí và ưu tiên ký túc xá.,low,comment_only_no_parent_or_post_text
983818733827304,983801367162374,Người tham gia ẩn danh 383 ktx ở hcm ổn k ạ tại em tìm review không thấy gì hết á,ptit_2k5,https://www.facebook.com/groups/2k5ptit,2026-10-06T08:59:42.787211+00:00,983818733827304,source,2778,,neutral,ai,ai_labeled,Xin nhận xét ký túc xá.,low,comment_only_no_parent_or_post_text
983828210493023,983801367162374,Người tham gia ẩn danh 983 c ở HN nên cx ko rõ ktx bên HCM như nào nữa,ptit_2k5,https://www.facebook.com/groups/2k5ptit,2026-10-06T08:59:42.787211+00:00,983828210493023,source,2779,,neutral,ai,ai_labeled,Nói không biết cơ sở khác.,low,comment_only_no_parent_or_post_text
983831630492681,983801367162374,Người tham gia ẩn danh 383 ktx ở cơ sở ngọc trục có ok k ạ,ptit_2k5,https://www.facebook.com/groups/2k5ptit,2026-10-06T08:59:42.787211+00:00,983831630492681,source,2780,,neutral,ai,ai_labeled,Hỏi ký túc xá có ổn không.,low,comment_only_no_parent_or_post_text
983846373824540,983801367162374,"Người tham gia ẩn danh 383 ở ktx thì có nấu ăn không ạ hay mình đi ăn ở ngoài ạ, em thắc mắc quá",ptit_2k5,https://www.facebook.com/groups/2k5ptit,2026-10-06T08:59:42.787211+00:00,983846373824540,source,2781,,neutral,ai,ai_labeled,Hỏi có được nấu ăn không.,low,comment_only_no_parent_or_post_text
983850857157425,983801367162374,Cho e hỏi liên hệ thế nào để đăng ký túc xá ạ,ptit_2k5,https://www.facebook.com/groups/2k5ptit,2026-10-06T08:59:42.787211+00:00,983850857157425,source,2782,possible_advertisement_not_automatic_exclusion,neutral,ai,ai_labeled,Hỏi cách đăng ký ký túc xá.,low,comment_only_no_parent_or_post_text
985967180279126,575028204706361,Thanh Tâm cj ơi nếu qua dc tadv thì lên kì 2 mới học course 1 dần lên đúng k ạ mà có phải đóng tiền học ngay k ạ?,ptit_2k5,https://www.facebook.com/groups/2k5ptit,2026-10-06T08:59:42.280983+00:00,985967180279126,source,2784,,neutral,ai,ai_labeled,Hỏi lịch học và đóng tiền tiếng Anh.,low,comment_only_no_parent_or_post_text
986793526863158,986790253530152,học phí này cho miền bắc hay miền nam ạ,ptit_2k5,https://www.facebook.com/groups/2k5ptit,2026-10-06T08:59:43.065314+00:00,986793526863158,source,2785,,neutral,ai,ai_labeled,Hỏi học phí áp dụng cơ sở nào.,low,comment_only_no_parent_or_post_text
986794443529733,986790253530152,Kì trước hb loại khá cntt có gần 3.5 3.6 chứ nhiêu,ptit_2k5,https://www.facebook.com/groups/2k5ptit,2026-10-06T08:59:43.065314+00:00,986794443529733,source,2786,,neutral,ai,ai_labeled,Nêu điểm học bổng kỳ trước.,low,comment_only_no_parent_or_post_text
986795643529613,986790253530152,Gpa 3.9 ma ko dc noi 90 drl thi dc gioi a,ptit_2k5,https://www.facebook.com/groups/2k5ptit,2026-10-06T08:59:43.065314+00:00,986795643529613,source,2787,,negative,ai,ai_labeled,Than GPA cao nhưng điểm rèn luyện chưa đủ.,medium,comment_only_no_parent_or_post_text
986795900196254,986790253530152,Người tham gia ẩn danh 863 đóng 19tr mà hb ít vậy bạn. Tin chuẩn chưa ạ,ptit_2k5,https://www.facebook.com/groups/2k5ptit,2026-10-06T08:59:43.065314+00:00,986795900196254,source,2788,,negative,ai,ai_labeled,Chất vấn học phí cao nhưng học bổng ít.,medium,comment_only_no_parent_or_post_text
986796686862842,986790253530152,Người tham gia ẩn danh 863 3.5 3.59 vẫn là giỏi thôi,ptit_2k5,https://www.facebook.com/groups/2k5ptit,2026-10-06T08:59:43.065314+00:00,986796686862842,source,2789,,neutral,ai,ai_labeled,Đính chính mức học bổng.,low,comment_only_no_parent_or_post_text
986796850196159,986790253530152,Người tham gia ẩn danh 280 tại hb bên cntt căng á,ptit_2k5,https://www.facebook.com/groups/2k5ptit,2026-10-06T08:59:43.065314+00:00,986796850196159,source,2790,,negative,ai,ai_labeled,Nhận xét cạnh tranh học bổng căng.,medium,comment_only_no_parent_or_post_text
986804793528698,986790253530152,bảng hobo trường đăng lên ở các ngành thì cứ trên mức gpa đó là được hobo phải k ạ,ptit_2k5,https://www.facebook.com/groups/2k5ptit,2026-10-06T08:59:43.065314+00:00,986804793528698,source,2791,,neutral,ai,ai_labeled,Hỏi cách hiểu bảng chuẩn học bổng.,low,comment_only_no_parent_or_post_text
986805870195257,986790253530152,nếu yêu cầu là 3.3 đrl 85 thì 3.4 đrl 81-82 có đc hb ko ạ?,ptit_2k5,https://www.facebook.com/groups/2k5ptit,2026-10-06T08:59:43.065314+00:00,986805870195257,source,2792,,neutral,ai,ai_labeled,Hỏi điều kiện GPA và rèn luyện.,low,comment_only_no_parent_or_post_text
986806353528542,986790253530152,Lê Minh Shawn Nguyen chú ý nha,ptit_2k5,https://www.facebook.com/groups/2k5ptit,2026-10-06T08:59:43.065314+00:00,986806353528542,source,2793,,neutral,ai,ai_labeled,Nhắc chú ý thông tin.,low,comment_only_no_parent_or_post_text
986810106861500,986790253530152,"3,3 thì cần bao nhiêu drl để đủ ạ",ptit_2k5,https://www.facebook.com/groups/2k5ptit,2026-10-06T08:59:43.066317+00:00,986810106861500,source,2794,,neutral,ai,ai_labeled,Hỏi điểm rèn luyện cần thiết.,low,comment_only_no_parent_or_post_text
986819763527201,986790253530152,Người tham gia ẩn danh 863 tg cntt k có hb khá mà,ptit_2k5,https://www.facebook.com/groups/2k5ptit,2026-10-06T08:59:43.065314+00:00,986819763527201,source,2795,,neutral,ai,ai_labeled,Nêu tưởng ngành không có học bổng khá.,low,comment_only_no_parent_or_post_text
986820886860422,986790253530152,Nguyễn Công Quân kì này ae mình cố gắng nhé Ngoc Quang,ptit_2k5,https://www.facebook.com/groups/2k5ptit,2026-10-06T08:59:43.066317+00:00,986820886860422,source,2796,,positive,ai,ai_labeled,Động viên cùng cố gắng kỳ này.,low,comment_only_no_parent_or_post_text
986827670193077,986790253530152,Chí Linh đã thử và như buoi,ptit_2k5,https://www.facebook.com/groups/2k5ptit,2026-10-06T08:59:43.066317+00:00,986827670193077,source,2797,,negative,ai,ai_labeled,Chê trải nghiệm rất tệ bằng tiếng lóng.,low,comment_only_no_parent_or_post_text
986858030190041,986790253530152,và có khi kh có loại giỏi,ptit_2k5,https://www.facebook.com/groups/2k5ptit,2026-10-06T08:59:43.066317+00:00,986858030190041,source,2798,,neutral,ai,ai_labeled,Nêu khả năng không có học bổng giỏi.,low,comment_only_no_parent_or_post_text
986859030189941,986790253530152,Người tham gia ẩn danh 428 dạ cho em hỏi bảng hobo đăng ở đâu vậy ạ,ptit_2k5,https://www.facebook.com/groups/2k5ptit,2026-10-06T08:59:43.065314+00:00,986859030189941,source,2799,,neutral,ai,ai_labeled,Hỏi nơi đăng bảng học bổng.,low,comment_only_no_parent_or_post_text
986873873521790,986790253530152,Người tham gia ẩn danh 154 đrl 80,ptit_2k5,https://www.facebook.com/groups/2k5ptit,2026-10-06T08:59:43.066317+00:00,986873873521790,source,2800,,neutral,ai,ai_labeled,Nêu mức điểm rèn luyện.,low,comment_only_no_parent_or_post_text
986886273520550,986790253530152,Người tham gia ẩn danh 678 cho e hỏi là e ko phải cán bộ lớp chỉ đi mấy cái sự kiện tọa đàm thì trên đc 80 ko ạ,ptit_2k5,https://www.facebook.com/groups/2k5ptit,2026-10-06T08:59:43.066317+00:00,986886273520550,source,2801,,neutral,ai,ai_labeled,Hỏi tham gia sự kiện có đủ điểm không.,low,comment_only_no_parent_or_post_text
986901223519055,986790253530152,Học bổng đầu vào của trường xét theo tiêu chí nào thế ạ,ptit_2k5,https://www.facebook.com/groups/2k5ptit,2026-10-06T08:59:43.066317+00:00,986901223519055,source,2802,,neutral,ai,ai_labeled,Hỏi tiêu chí học bổng đầu vào.,low,comment_only_no_parent_or_post_text
986990546843456,986790253530152,Người tham gia ẩn danh 280 nó là điểm để có hb chứ k phải số tiền nhận được,ptit_2k5,https://www.facebook.com/groups/2k5ptit,2026-10-06T08:59:43.065314+00:00,986990546843456,source,2803,,neutral,ai,ai_labeled,Giải thích con số là điểm chứ không phải tiền.,low,comment_only_no_parent_or_post_text
987030700172774,986790253530152,Người tham gia ẩn danh 154 đc e vì còn khai báo minh chứng nữa mà,ptit_2k5,https://www.facebook.com/groups/2k5ptit,2026-10-06T08:59:43.066317+00:00,987030700172774,source,2804,,neutral,ai,ai_labeled,Giải thích còn khai báo minh chứng.,low,comment_only_no_parent_or_post_text
987031216839389,986790253530152,"Người tham gia ẩn danh 428 xét 2 điều kiện , gpa>= gpa chuẩn và drl >= drl chuẩn",ptit_2k5,https://www.facebook.com/groups/2k5ptit,2026-10-06T08:59:43.065314+00:00,987031216839389,source,2805,,neutral,ai,ai_labeled,Nêu hai điều kiện học bổng.,low,comment_only_no_parent_or_post_text
990142406528270,990138039862040,Quần đùi áo ba lỗ mà đóng,ptit_2k5,https://www.facebook.com/groups/2k5ptit,2026-10-06T08:59:43.086316+00:00,990142406528270,source,2807,,neutral,ai,ai_labeled,Gợi ý trang phục theo giọng đùa.,medium,comment_only_no_parent_or_post_text
990144969861347,990138039862040,BrilliantBeet6658 có bắt buộc đi không ạ?,ptit_2k5,https://www.facebook.com/groups/2k5ptit,2026-10-06T08:59:43.086316+00:00,990144969861347,source,2808,,neutral,ai,ai_labeled,Hỏi bắt buộc tham dự không.,low,comment_only_no_parent_or_post_text
990145483194629,990138039862040,"Khum bắt buộc đi, nếu đi thì trang phục lịch sự. Cuối khai giảng có QR quét lấy đrl",ptit_2k5,https://www.facebook.com/groups/2k5ptit,2026-10-06T08:59:43.086316+00:00,990145483194629,source,2809,,neutral,ai,ai_labeled,Thông tin trang phục và quét điểm rèn luyện.,low,comment_only_no_parent_or_post_text
990166329859211,990138039862040,"Người tham gia ẩn danh 571 mỗi khoa cử 1 lớp, thì lớp k đi là k có đrl ạ",ptit_2k5,https://www.facebook.com/groups/2k5ptit,2026-10-06T08:59:43.086316+00:00,990166329859211,source,2810,,neutral,ai,ai_labeled,Hỏi lớp không đi có được điểm không.,low,comment_only_no_parent_or_post_text
990181336524377,990138039862040,"Anonymous participant 571 em D25 lần đầu đi, thì đi quét điểm rèn luyện ntn ạ",ptit_2k5,https://www.facebook.com/groups/2k5ptit,2026-10-06T08:59:43.086316+00:00,990181336524377,source,2811,,neutral,ai,ai_labeled,Hỏi cách quét điểm rèn luyện.,low,comment_only_no_parent_or_post_text
990186336523877,990138039862040,"Người tham gia ẩn danh 895 ở QR quét đrl, có 2 phần. 1 phần là mã QR, 1 phần là dãy số <tầm 10-15s là mã đổi 1 lần>.....",ptit_2k5,https://www.facebook.com/groups/2k5ptit,2026-10-06T08:59:43.086316+00:00,990186336523877,source,2812,possible_truncation_or_deliberate_ellipsis,neutral,ai,ai_labeled,Giải thích QR và mã thay đổi định kỳ.,low,comment_only_no_parent_or_post_text
990186583190519,990138039862040,"Người tham gia ẩn danh 571 nếu quét mã QR thì mở Slink ra, mục quét QR này",ptit_2k5,https://www.facebook.com/groups/2k5ptit,2026-10-06T08:59:43.086316+00:00,990186583190519,source,2813,,neutral,ai,ai_labeled,Hướng dẫn quét QR trong ứng dụng.,low,comment_only_no_parent_or_post_text
990187039857140,990138039862040,"Người tham gia ẩn danh 895 Còn nếu là nhập dãy số <có 6 số>, thì vô phần này, có dấu (+), rồi nhập dãy số đó vô",ptit_2k5,https://www.facebook.com/groups/2k5ptit,2026-10-06T08:59:43.086316+00:00,990187039857140,source,2814,,neutral,ai,ai_labeled,Hướng dẫn nhập mã số trong ứng dụng.,low,comment_only_no_parent_or_post_text
990193483189829,990138039862040,"Ủa có khai giảng hả, sao năm ngoái nhập học kh thấy ta",ptit_2k5,https://www.facebook.com/groups/2k5ptit,2026-10-06T08:59:43.086316+00:00,990193483189829,source,2815,,neutral,ai,ai_labeled,Hỏi có khai giảng vì năm trước không thấy.,low,comment_only_no_parent_or_post_text
992760142933163,522345346641314,"Đức Kirito a ơi thể chất học mỗi năm nhất à a, e tsv nhma tính thi lại nên học mỗi 1 kì thì bỏ vài buổi hay k qua môn này có s k a :))",ptit_2k5,https://www.facebook.com/groups/2k5ptit,2026-10-06T08:59:43.690966+00:00,992760142933163,source,2816,,neutral,ai,ai_labeled,Hỏi hậu quả nghỉ thể chất khi dự định thi lại.,low,comment_only_no_parent_or_post_text
992798369596007,992632306279280,Cho mình hỏi ké làm check mình đậu ktx như nào v ạ,ptit_2k5,https://www.facebook.com/groups/2k5ptit,2026-10-06T08:59:42.820554+00:00,992798369596007,source,2817,,neutral,ai,ai_labeled,Hỏi cách kiểm tra trúng ký túc xá.,low,comment_only_no_parent_or_post_text
992840112925166,992632306279280,Hỏi anh Trần Duy Mạnh nha!!!,ptit_2k5,https://www.facebook.com/groups/2k5ptit,2026-10-06T08:59:42.820554+00:00,992840112925166,source,2818,,neutral,ai,ai_labeled,Chỉ người có thể giải đáp.,low,comment_only_no_parent_or_post_text
992840966258414,992632306279280,Người tham gia ẩn danh 390 Có thấy cô gọi điện trực tiếp cho mình.,ptit_2k5,https://www.facebook.com/groups/2k5ptit,2026-10-06T08:59:42.820554+00:00,992840966258414,source,2819,,neutral,ai,ai_labeled,Kể được giảng viên gọi trực tiếp.,low,comment_only_no_parent_or_post_text
992848516257659,992632306279280,Nam Lê thích hỏi không,ptit_2k5,https://www.facebook.com/groups/2k5ptit,2026-10-06T08:59:42.820554+00:00,992848516257659,source,2820,,neutral,ai,ai_labeled,"Hỏi có thích hỏi không, có thể trêu.",high,comment_only_no_parent_or_post_text
992849482924229,992632306279280,"B2 mới sủa lại nên k đã có ai ở đậu mà review, nhưng như trước thì mọi thứ đều ổn mỗi tội đi xa",ptit_2k5,https://www.facebook.com/groups/2k5ptit,2026-10-06T08:59:42.820554+00:00,992849482924229,source,2821,,positive,ai,ai_labeled,Đánh giá ký túc xá ổn dù xa.,medium,comment_only_no_parent_or_post_text
992853276257183,992632306279280,Phòng mới tinh e nhé. Ở cạnh trường nhưng phải đi vòng vì cổng sau ít mở,ptit_2k5,https://www.facebook.com/groups/2k5ptit,2026-10-06T08:59:42.820554+00:00,992853276257183,source,2822,,neutral,ai,ai_labeled,Mô tả phòng mới và đường đi vòng.,low,comment_only_no_parent_or_post_text
992926862916491,992632306279280,Bth mn học trong ktx là ngồi học trên giường hay là có bàn để ngồi học vậy ạ,ptit_2k5,https://www.facebook.com/groups/2k5ptit,2026-10-06T08:59:42.820554+00:00,992926862916491,source,2823,,neutral,ai,ai_labeled,Hỏi bố trí bàn học trong phòng.,low,comment_only_no_parent_or_post_text
993177486224762,992632306279280,Người tham gia ẩn danh em có thể chọn ngồi trên giường hoặc mua bàn nhé,ptit_2k5,https://www.facebook.com/groups/2k5ptit,2026-10-06T08:59:42.820554+00:00,993177486224762,source,2824,,neutral,ai,ai_labeled,Thông tin có thể ngồi giường hoặc mua bàn.,low,comment_only_no_parent_or_post_text
995122496030261,983380207204490,Người tham gia ẩn danh 278 anh theo chuyên ngành gì thế ạ,ptit_2k5,https://www.facebook.com/groups/2k5ptit,2026-10-06T08:59:42.933242+00:00,995122496030261,source,2827,,neutral,ai,ai_labeled,Hỏi chuyên ngành.,low,comment_only_no_parent_or_post_text
995740402635137,995691372640040,Năm 3 thực tập ở đâu b,ptit_2k5,https://www.facebook.com/groups/2k5ptit,2026-10-06T08:59:45.021042+00:00,995740402635137,source,2828,,neutral,ai,ai_labeled,Hỏi nơi thực tập.,low,comment_only_no_parent_or_post_text
995742305968280,995691372640040,B thực tập gì ấy,ptit_2k5,https://www.facebook.com/groups/2k5ptit,2026-10-06T08:59:45.021042+00:00,995742305968280,source,2829,,neutral,ai,ai_labeled,Hỏi công việc thực tập.,low,comment_only_no_parent_or_post_text
995742525968258,995691372640040,"Năm 3 cbi tốt nghiệp r à e. Ctrinh 4,5 năm cơ mà",ptit_2k5,https://www.facebook.com/groups/2k5ptit,2026-10-06T08:59:45.021042+00:00,995742525968258,source,2830,,neutral,ai,ai_labeled,Hỏi thời điểm tốt nghiệp so với chương trình.,low,comment_only_no_parent_or_post_text
995746255967885,995691372640040,Bạn học framework nào chưa :)),ptit_2k5,https://www.facebook.com/groups/2k5ptit,2026-10-06T08:59:45.021042+00:00,995746255967885,source,2831,,neutral,ai,ai_labeled,Hỏi đã học framework chưa.,low,comment_only_no_parent_or_post_text
995773805965130,995691372640040,Mình đang đi làm ở cty thấy mấy anh lead bảo sinh viên trường mình sang đây pv mà chả nhận được ai vì vẫn non quá,ptit_2k5,https://www.facebook.com/groups/2k5ptit,2026-10-06T08:59:45.021042+00:00,995773805965130,source,2832,,negative,ai,ai_labeled,Chê sinh viên thiếu năng lực phỏng vấn qua lời người tuyển.,medium,comment_only_no_parent_or_post_text
995797375962773,995691372640040,Mình cx năm 3 còn chưa thực tập,ptit_2k5,https://www.facebook.com/groups/2k5ptit,2026-10-06T08:59:45.021042+00:00,995797375962773,source,2833,,neutral,ai,ai_labeled,Kể năm ba chưa thực tập.,low,comment_only_no_parent_or_post_text
995802782628899,995691372640040,"Năm 3 thế bài tập lớn oop đâu, python đâu dự án đó chứ đâu nữa",ptit_2k5,https://www.facebook.com/groups/2k5ptit,2026-10-06T08:59:45.021042+00:00,995802782628899,source,2834,,neutral,ai,ai_labeled,Chỉ các bài tập lớn có thể coi là dự án.,low,comment_only_no_parent_or_post_text
995806705961840,995691372640040,"nghề chọn ng mà, biết đâu công việc trái ngành lại là sự nghiệp của bn sau này",ptit_2k5,https://www.facebook.com/groups/2k5ptit,2026-10-06T08:59:45.021042+00:00,995806705961840,source,2835,,positive,ai,ai_labeled,Động viên công việc trái ngành có thể thành sự nghiệp.,medium,comment_only_no_parent_or_post_text
995821119293732,995691372640040,Người tham gia ẩn danh 161 nghe rầu ấy chứ,ptit_2k5,https://www.facebook.com/groups/2k5ptit,2026-10-06T08:59:45.021042+00:00,995821119293732,source,2836,,negative,ai,ai_labeled,Bày tỏ rầu khi nghe thông tin.,low,comment_only_no_parent_or_post_text
995842079291636,995691372640040,Nguyen An mình chưa,ptit_2k5,https://www.facebook.com/groups/2k5ptit,2026-10-06T08:59:45.021042+00:00,995842079291636,source,2837,,neutral,ai,ai_labeled,Trả lời chưa.,low,comment_only_no_parent_or_post_text
995858195956691,995691372640040,Cố kéo CPA lên 1 tí :))) thọt một thứ thôi chứ cái nào cũng lẹt đẹt này khó cạnh tranh ấy,ptit_2k5,https://www.facebook.com/groups/2k5ptit,2026-10-06T08:59:45.021042+00:00,995858195956691,source,2838,,negative,ai,ai_labeled,Nhận xét thành tích lẹt đẹt khó cạnh tranh và khuyên cải thiện.,medium,comment_only_no_parent_or_post_text
995875555954955,995691372640040,Trung Kiên t đấm m đấy?,ptit_2k5,https://www.facebook.com/groups/2k5ptit,2026-10-06T08:59:45.021042+00:00,995875555954955,source,2839,,negative,ai,ai_labeled,"Lời đe dọa đấm, có thể trêu.",high,comment_only_no_parent_or_post_text
995991735943337,995691372640040,Trung Kiên gay à,ptit_2k5,https://www.facebook.com/groups/2k5ptit,2026-10-06T08:59:45.021042+00:00,995991735943337,source,2840,,neutral,ai,ai_labeled,"Hỏi về xu hướng tính dục, chưa có đánh giá rõ.",high,comment_only_no_parent_or_post_text
996049962604181,995691372640040,Trung Kiên toàn quỷ giả người thường à,ptit_2k5,https://www.facebook.com/groups/2k5ptit,2026-10-06T08:59:45.021042+00:00,996049962604181,source,2842,,negative,ai,ai_labeled,Nói quỷ giả người thường mang ý trách giả vờ.,high,comment_only_no_parent_or_post_text
996963765846134,996956675846843,Toán tin r b,ptit_2k5,https://www.facebook.com/groups/2k5ptit,2026-10-06T08:59:44.497360+00:00,996963765846134,source,2843,,neutral,ai,ai_labeled,Gợi ý ngành toán tin.,low,comment_only_no_parent_or_post_text
996972449178599,996956675846843,T biết bn là ai rồi nhé,ptit_2k5,https://www.facebook.com/groups/2k5ptit,2026-10-06T08:59:44.497360+00:00,996972449178599,source,2844,,neutral,ai,ai_labeled,Nói đã biết danh tính người đăng.,medium,comment_only_no_parent_or_post_text
996974622511715,996956675846843,Sologan “ Toán tin cho lành “,ptit_2k5,https://www.facebook.com/groups/2k5ptit,2026-10-06T08:59:44.497360+00:00,996974622511715,source,2845,,positive,ai,ai_labeled,Đánh giá chọn toán tin sẽ lành.,medium,comment_only_no_parent_or_post_text
996989019176942,996956675846843,Hust nhé vô botuc lm j,ptit_2k5,https://www.facebook.com/groups/2k5ptit,2026-10-06T08:59:44.497360+00:00,996989019176942,source,2846,,negative,ai,ai_labeled,Chê trường được ví là bổ túc và khuyên trường khác.,high,comment_only_no_parent_or_post_text
997015735840937,996956675846843,toán tin hút,ptit_2k5,https://www.facebook.com/groups/2k5ptit,2026-10-06T08:59:44.497360+00:00,997015735840937,source,2847,,neutral,ai,ai_labeled,Gợi ý toán tin trường khác.,low,comment_only_no_parent_or_post_text
997124759163368,996956675846843,hút er đi e oii,ptit_2k5,https://www.facebook.com/groups/2k5ptit,2026-10-06T08:59:44.497360+00:00,997124759163368,source,2848,,neutral,ai,ai_labeled,Khuyên chọn trường khác.,low,comment_only_no_parent_or_post_text
997165645825946,996956675846843,Đăng lên hỏi lmj đau lòng,ptit_2k5,https://www.facebook.com/groups/2k5ptit,2026-10-06T08:59:44.497360+00:00,997165645825946,source,2849,,negative,ai,ai_labeled,Nói đau lòng khi đọc câu hỏi.,low,comment_only_no_parent_or_post_text
997171332492044,996956675846843,hút,ptit_2k5,https://www.facebook.com/groups/2k5ptit,2026-10-06T08:59:44.497360+00:00,997171332492044,source,2850,,neutral,ai,ai_labeled,Nêu lựa chọn trường.,low,comment_only_no_parent_or_post_text
997183495824161,996956675846843,Hust đỉnh,ptit_2k5,https://www.facebook.com/groups/2k5ptit,2026-10-06T08:59:44.497360+00:00,997183495824161,source,2851,,positive,ai,ai_labeled,Khen trường khác đỉnh.,low,comment_only_no_parent_or_post_text
997187065823804,996956675846843,Ptit bị ae anti nhiều quá có khi top 1 các trường đại học lun,ptit_2k5,https://www.facebook.com/groups/2k5ptit,2026-10-06T08:59:44.497360+00:00,997187065823804,source,2852,,negative,ai,ai_labeled,Than trường bị nhiều người phản đối.,medium,comment_only_no_parent_or_post_text
999881772221000,999867612222416,Thiên Hà tên khó phân biệt thế này là anh hay chị đấy ạ? Để em còn biết gọi cho đúng?,ptit_2k5,https://www.facebook.com/groups/2k5ptit,2026-10-06T08:59:42.531290+00:00,999881772221000,source,2853,,neutral,ai,ai_labeled,Hỏi cách xưng hô phù hợp.,low,comment_only_no_parent_or_post_text
999883988887445,999867612222416,"Đề thi cuối kì sảng hồn luôn , ôn kỹ truy vấn điểm mới cao được",ptit_2k5,https://www.facebook.com/groups/2k5ptit,2026-10-06T08:59:42.531290+00:00,999883988887445,source,2854,,negative,ai,ai_labeled,Than đề gây sốc và khuyên ôn kỹ.,medium,comment_only_no_parent_or_post_text
999884452220732,999867612222416,Nguyễn Minh Thắng share kinh nghiệm cho e ý kìa,ptit_2k5,https://www.facebook.com/groups/2k5ptit,2026-10-06T08:59:42.531290+00:00,999884452220732,source,2855,,neutral,ai,ai_labeled,Nhắc chia sẻ kinh nghiệm.,low,comment_only_no_parent_or_post_text
999886018887242,999867612222416,Người tham gia ẩn danh 504 phần đấy chiếm nhiều lắm ạ?,ptit_2k5,https://www.facebook.com/groups/2k5ptit,2026-10-06T08:59:42.531290+00:00,999886018887242,source,2856,,neutral,ai,ai_labeled,Hỏi tỷ trọng phần kiến thức.,low,comment_only_no_parent_or_post_text
999896475552863,999867612222416,Chăm tí là A+ đừng để cuối kì với ôn k kịp đâu,ptit_2k5,https://www.facebook.com/groups/2k5ptit,2026-10-06T08:59:42.531290+00:00,999896475552863,source,2857,,positive,ai,ai_labeled,Đánh giá chăm sẽ đạt A+ và khuyên ôn sớm.,medium,comment_only_no_parent_or_post_text
999912518884592,999867612222416,Xin bí kíp,ptit_2k5,https://www.facebook.com/groups/2k5ptit,2026-10-06T08:59:42.531290+00:00,999912518884592,source,2858,,neutral,ai,ai_labeled,Xin bí quyết.,low,comment_only_no_parent_or_post_text
999913735551137,999867612222416,Minh Đức thợ,ptit_2k5,https://www.facebook.com/groups/2k5ptit,2026-10-06T08:59:42.531290+00:00,999913735551137,source,2859,,positive,ai,ai_labeled,"Gọi thợ mang ý khen giỏi, có thể trêu.",high,comment_only_no_parent_or_post_text
999913928884451,999867612222416,Nguyễn Chi Chị chỉ cho em với,ptit_2k5,https://www.facebook.com/groups/2k5ptit,2026-10-06T08:59:42.531290+00:00,999913928884451,source,2860,,neutral,ai,ai_labeled,Xin chỉ dẫn.,low,comment_only_no_parent_or_post_text
999935952215582,999867612222416,Hoang Ngoc Dang Khoa nhập khẩu bang nào đó ở Mỹ là auto A+ nhé,ptit_2k5,https://www.facebook.com/groups/2k5ptit,2026-10-06T08:59:42.531290+00:00,999935952215582,source,2861,,neutral,ai,ai_labeled,Gợi ý đạt A+ bằng lối nói đùa chưa đủ ngữ cảnh.,high,comment_only_no_parent_or_post_text
999936405548870,999867612222416,Nguyễn Minh Thắng học 1 đằng thi 1 nẻo:)),ptit_2k5,https://www.facebook.com/groups/2k5ptit,2026-10-06T08:59:42.531290+00:00,999936405548870,source,2862,,negative,ai,ai_labeled,Phàn nàn học và thi khác nhau.,low,comment_only_no_parent_or_post_text
999936748882169,999867612222416,Hoang Ngoc Dang Khoa người Mỹ họ sống như thế đấy em,ptit_2k5,https://www.facebook.com/groups/2k5ptit,2026-10-06T08:59:42.531290+00:00,999936748882169,source,2863,,neutral,ai,ai_labeled,"Nhắc người Mỹ theo lối đùa, chưa có đánh giá rõ.",high,comment_only_no_parent_or_post_text
999944435548067,999867612222416,Khánh An em ngưỡng mộ anh quá,ptit_2k5,https://www.facebook.com/groups/2k5ptit,2026-10-06T08:59:42.531290+00:00,999944435548067,source,2864,,positive,ai,ai_labeled,Bày tỏ ngưỡng mộ.,low,comment_only_no_parent_or_post_text
999953122213865,999867612222416,Khánh An em chưa hỏi rằng CSDL fintech hay CSDL IT hahaa,ptit_2k5,https://www.facebook.com/groups/2k5ptit,2026-10-06T08:59:42.531290+00:00,999953122213865,source,2865,,neutral,ai,ai_labeled,Nhắc cần phân biệt môn của hai ngành.,low,comment_only_no_parent_or_post_text
